filename,camera,precision,recall,F1_score,TP,FP,FN
20240824141541.jpg,DIOPSIS-384,0.0,0.0,0.0,0,1,1
20240828184325.jpg,DIOPSIS-383,0.0,0.0,0.0,0,0,0
20240826232721.jpg,DIOPSIS-391,0.0,0.0,0.0,0,1,1
20240723083417.jpg,DIOPSIS-384,0.0,0.0,0.0,0,1,1
20240912213127.jpg,DIOPSIS-384,0.0,0.0,0.0,0,0,0
20240717185353.jpg,DIOPSIS-387,0.0,0.0,0.0,0,0,0
20240712162932.jpg,DIOPSIS-388,0.0,0.0,0.0,0,0,0
20240725185301.jpg,DIOPSIS-385,0.0,0.0,0.0,0,1,1
20240901100554.jpg,DIOPSIS-388,1.0,1.0,1.0,1,0,0
20240716125959.jpg,DIOPSIS-421,0.0,0.0,0.0,0,0,1
20240916084738.jpg,DIOPSIS-387,0.0,0.0,0.0,0,0,0
20240725120711.jpg,DIOPSIS-389,0.0,0.0,0.0,0,0,0
20240802154632.jpg,DIOPSIS-387,0.0,0.0,0.0,0,0,2
20240816210916.jpg,DIOPSIS-384,0.0,0.0,0.0,0,1,3
20240827122038.jpg,DIOPSIS-385,0.0,0.0,0.0,0,1,0
20240902224402.jpg,DIOPSIS-385,0.0,0.0,0.0,0,2,2
20240904090813.jpg,DIOPSIS-384,0.0,0.0,0.0,0,1,1
20240905230334.jpg,DIOPSIS-385,0.4,0.3333333333333333,0.3636363636363636,4,6,8
20240822122756.jpg,DIOPSIS-385,0.0,0.0,0.0,0,1,0
20240708122449.jpg,DIOPSIS-421,0.0,0.0,0.0,0,0,0
20240809215419.jpg,DIOPSIS-388,0.0,0.0,0.0,0,1,1
20240801094554.jpg,DIOPSIS-385,0.0,0.0,0.0,0,0,0
20240824200840.jpg,DIOPSIS-387,0.0,0.0,0.0,0,0,1
20240911101529.jpg,DIOPSIS-385,0.0,0.0,0.0,0,0,0
20240917111552.jpg,DIOPSIS-421,1.0,0.5,0.6666666666666666,1,0,1
20240920121232.jpg,DIOPSIS-391,0.0,0.0,0.0,0,0,0
20240830212402.jpg,DIOPSIS-387,0.0,0.0,0.0,0,0,1
20240715172551.jpg,DIOPSIS-385,0.0,0.0,0.0,0,1,1
20240830144852.jpg,DIOPSIS-389,0.0,0.0,0.0,0,0,0
20240711123721.jpg,DIOPSIS-387,0.0,0.0,0.0,0,0,1
20240821081059.jpg,DIOPSIS-391,0.0,0.0,0.0,0,0,0
20240720082316.jpg,DIOPSIS-421,0.0,0.0,0.0,0,0,0
20240812105524.jpg,DIOPSIS-383,0.0,0.0,0.0,0,0,0
20240718075613.jpg,DIOPSIS-385,0.0,0.0,0.0,0,1,1
20240813112504.jpg,DIOPSIS-388,0.0,0.0,0.0,0,0,1
20240918211445.jpg,DIOPSIS-391,0.0,0.0,0.0,0,0,0
20240728082729.jpg,DIOPSIS-384,0.0,0.0,0.0,0,0,1
20240810200352.jpg,DIOPSIS-391,1.0,0.3333333333333333,0.5,1,0,2
20240726143733.jpg,DIOPSIS-391,0.0,0.0,0.0,0,0,0
20240811195319.jpg,DIOPSIS-383,0.0,0.0,0.0,0,1,1
20240903144822.jpg,DIOPSIS-391,0.0,0.0,0.0,0,1,1
20240822142239.jpg,DIOPSIS-387,0.0,0.0,0.0,0,0,0
20240816174910.jpg,DIOPSIS-385,1.0,1.0,1.0,1,0,0
20240825101218.jpg,DIOPSIS-391,1.0,0.5,0.6666666666666666,1,0,1
20240816142251.jpg,DIOPSIS-388,0.0,0.0,0.0,0,0,0
20240906081346.jpg,DIOPSIS-421,0.0,0.0,0.0,0,0,0
20240826150816.jpg,DIOPSIS-385,0.0,0.0,0.0,0,1,1
20240721100013.jpg,DIOPSIS-385,0.0,0.0,0.0,0,0,0
20240918214452.jpg,DIOPSIS-391,0.0,0.0,0.0,0,0,0
20240809110729.jpg,DIOPSIS-421,0.0,0.0,0.0,0,1,1
20240809225021.jpg,DIOPSIS-389,0.75,0.5,0.6,3,1,3
20240710151950.jpg,DIOPSIS-421,0.0,0.0,0.0,0,0,0
20240710152155.jpg,DIOPSIS-387,0.0,0.0,0.0,0,0,1
20240730164254.jpg,DIOPSIS-384,0.0,0.0,0.0,0,0,0
20240911143445.jpg,DIOPSIS-384,0.0,0.0,0.0,0,0,0
20240807135218.jpg,DIOPSIS-384,0.0,0.0,0.0,0,2,3
20240903232718.jpg,DIOPSIS-387,0.5,0.5,0.5,1,1,1
20240909100856.jpg,DIOPSIS-383,0.0,0.0,0.0,0,0,0
20240828221031.jpg,DIOPSIS-385,0.0,0.0,0.0,0,0,1
20240824225923.jpg,DIOPSIS-383,1.0,1.0,1.0,1,0,0
20240820231217.jpg,DIOPSIS-421,0.5,0.2,0.28571428571428575,1,1,4
20240904102442.jpg,DIOPSIS-391,0.0,0.0,0.0,0,0,1
20240724154151.jpg,DIOPSIS-387,1.0,1.0,1.0,1,0,0
20240722125613.jpg,DIOPSIS-389,0.0,0.0,0.0,0,0,0
20240727095511.jpg,DIOPSIS-421,0.0,0.0,0.0,0,1,1
20240815102337.jpg,DIOPSIS-391,0.0,0.0,0.0,0,0,1
20240815143810.jpg,DIOPSIS-385,0.0,0.0,0.0,0,2,1
20240905082115.jpg,DIOPSIS-384,0.0,0.0,0.0,0,1,1
20240829182237.jpg,DIOPSIS-384,0.0,0.0,0.0,0,1,2
20240815161827.jpg,DIOPSIS-391,0.0,0.0,0.0,0,0,0
20240804135024.jpg,DIOPSIS-385,0.0,0.0,0.0,0,1,0
20240906221839.jpg,DIOPSIS-383,0.0,0.0,0.0,0,1,14
20240816221452.jpg,DIOPSIS-387,1.0,1.0,1.0,1,0,0
20240824201158.jpg,DIOPSIS-388,0.0,0.0,0.0,0,0,0
20240724081409.jpg,DIOPSIS-384,0.0,0.0,0.0,0,1,1
20240903235616.jpg,DIOPSIS-383,1.0,1.0,1.0,1,0,0
20240807091050.jpg,DIOPSIS-391,0.0,0.0,0.0,0,1,1
20240902150605.jpg,DIOPSIS-391,0.0,0.0,0.0,0,0,0
20240803171316.jpg,DIOPSIS-384,0.0,0.0,0.0,0,0,1
20240818215354.jpg,DIOPSIS-389,0.0,0.0,0.0,0,1,1
20240817233957.jpg,DIOPSIS-389,0.0,0.0,0.0,0,2,4
20240921140836.jpg,DIOPSIS-391,1.0,0.5,0.6666666666666666,1,0,1
20240727125900.jpg,DIOPSIS-388,0.5,0.5,0.5,1,1,1
20240824150542.jpg,DIOPSIS-389,0.0,0.0,0.0,0,0,0
20240719054015.jpg,DIOPSIS-385,0.0,0.0,0.0,0,1,1
20240808140941.jpg,DIOPSIS-388,1.0,1.0,1.0,1,0,0
20240724095828.jpg,DIOPSIS-389,0.0,0.0,0.0,0,0,0
20240830230847.jpg,DIOPSIS-385,0.0,0.0,0.0,0,2,2
20240820224854.jpg,DIOPSIS-384,0.0,0.0,0.0,0,0,0
20240909221414.jpg,DIOPSIS-385,0.0,0.0,0.0,0,0,0
20240830214919.jpg,DIOPSIS-387,0.0,0.0,0.0,0,0,0
20240722125742.jpg,DIOPSIS-389,0.0,0.0,0.0,0,0,0
20240813165849.jpg,DIOPSIS-384,0.0,0.0,0.0,0,0,1
20240906213755.jpg,DIOPSIS-389,0.0,0.0,0.0,0,1,1
20240818182703.jpg,DIOPSIS-391,0.0,0.0,0.0,0,0,0
20240813091635.jpg,DIOPSIS-385,0.0,0.0,0.0,0,1,1
20240808094854.jpg,DIOPSIS-384,0.0,0.0,0.0,0,1,0
20240823144547.jpg,DIOPSIS-387,0.0,0.0,0.0,0,0,0
20240712065832.jpg,DIOPSIS-387,0.0,0.0,0.0,0,0,0
20240825232711.jpg,DIOPSIS-388,0.0,0.0,0.0,0,2,5
20240908214916.jpg,DIOPSIS-387,0.0,0.0,0.0,0,1,1
20240709003138.jpg,DIOPSIS-387,0.0,0.0,0.0,0,0,0
20240722104555.jpg,DIOPSIS-389,0.0,0.0,0.0,0,1,3
20240818125852.jpg,DIOPSIS-384,0.0,0.0,0.0,0,0,0
20240729181740.jpg,DIOPSIS-421,0.0,0.0,0.0,0,0,0
20240830074956.jpg,DIOPSIS-385,0.0,0.0,0.0,0,0,0
20240722203323.jpg,DIOPSIS-421,0.0,0.0,0.0,0,0,0
20240830231947.jpg,DIOPSIS-391,0.0,0.0,0.0,0,7,8
20240811111528.jpg,DIOPSIS-384,0.0,0.0,0.0,0,0,0
20240821221013.jpg,DIOPSIS-388,0.0,0.0,0.0,0,0,0
20240820215902.jpg,DIOPSIS-383,0.0,0.0,0.0,0,0,0
20240905112708.jpg,DIOPSIS-389,0.0,0.0,0.0,0,0,0
20240726184155.jpg,DIOPSIS-385,0.0,0.0,0.0,0,0,0
20240718120753.jpg,DIOPSIS-389,0.0,0.0,0.0,0,0,0
20240803115747.jpg,DIOPSIS-384,0.0,0.0,0.0,0,1,1
20240806234143.jpg,DIOPSIS-388,0.0,0.0,0.0,0,1,4
20240711121821.jpg,DIOPSIS-387,0.0,0.0,0.0,0,0,0
20240828220243.jpg,DIOPSIS-421,0.0,0.0,0.0,0,1,5
20240731140301.jpg,DIOPSIS-385,0.0,0.0,0.0,0,1,0
20240824114544.jpg,DIOPSIS-385,0.0,0.0,0.0,0,1,0
20240718211108.jpg,DIOPSIS-388,0.0,0.0,0.0,0,0,0
20240729110354.jpg,DIOPSIS-385,0.0,0.0,0.0,0,0,0
20240825145359.jpg,DIOPSIS-421,0.0,0.0,0.0,0,0,0
20240722082619.jpg,DIOPSIS-387,1.0,1.0,1.0,1,0,0
20240831135345.jpg,DIOPSIS-388,0.0,0.0,0.0,0,2,2
20240907130247.jpg,DIOPSIS-391,0.0,0.0,0.0,0,0,0
20240716164734.jpg,DIOPSIS-385,0.0,0.0,0.0,0,1,1
20240826091914.jpg,DIOPSIS-388,0.0,0.0,0.0,0,0,0
20240908155637.jpg,DIOPSIS-383,0.0,0.0,0.0,0,0,1
20240813074747.jpg,DIOPSIS-385,0.0,0.0,0.0,0,0,0
20240729181729.jpg,DIOPSIS-383,0.0,0.0,0.0,0,0,0
20240813104725.jpg,DIOPSIS-389,0.0,0.0,0.0,0,0,0
20240820154420.jpg,DIOPSIS-391,0.0,0.0,0.0,0,1,1
20240725154039.jpg,DIOPSIS-391,0.0,0.0,0.0,0,0,0
20240712101818.jpg,DIOPSIS-388,0.0,0.0,0.0,0,0,0
20240830233222.jpg,DIOPSIS-387,1.0,1.0,1.0,1,0,0
20240812224302.jpg,DIOPSIS-391,0.6,0.3333333333333333,0.42857142857142855,3,2,6
20240816215435.jpg,DIOPSIS-389,0.3333333333333333,0.25,0.28571428571428575,1,2,3
20240808085349.jpg,DIOPSIS-388,0.0,0.0,0.0,0,0,0
20240726080801.jpg,DIOPSIS-384,0.0,0.0,0.0,0,0,0
20240825184217.jpg,DIOPSIS-383,0.0,0.0,0.0,0,0,0
20240724194139.jpg,DIOPSIS-421,0.0,0.0,0.0,0,0,0
20240912134528.jpg,DIOPSIS-387,0.0,0.0,0.0,0,0,0
20240827084807.jpg,DIOPSIS-388,1.0,1.0,1.0,1,0,0
20240826213841.jpg,DIOPSIS-388,0.0,0.0,0.0,0,0,0
20240719180428.jpg,DIOPSIS-385,0.0,0.0,0.0,0,1,1
20240806111444.jpg,DIOPSIS-387,0.0,0.0,0.0,0,1,1
20240922163713.jpg,DIOPSIS-389,0.0,0.0,0.0,0,0,0
20240902195438.jpg,DIOPSIS-388,0.0,0.0,0.0,0,0,0
20240917095954.jpg,DIOPSIS-383,0.0,0.0,0.0,0,0,0
20240910111929.jpg,DIOPSIS-389,0.0,0.0,0.0,0,0,0
20240825073534.jpg,DIOPSIS-388,0.0,0.0,0.0,0,0,0
20240909185009.jpg,DIOPSIS-391,0.0,0.0,0.0,0,0,0
20240811175020.jpg,DIOPSIS-388,0.0,0.0,0.0,0,0,1
20240727181928.jpg,DIOPSIS-421,0.0,0.0,0.0,0,0,0
20240806234958.jpg,DIOPSIS-388,0.5,0.5,0.5,1,1,1
20240812113731.jpg,DIOPSIS-385,0.0,0.0,0.0,0,0,0
20240831235225.jpg,DIOPSIS-421,1.0,0.16666666666666666,0.2857142857142857,1,0,5
20240808091043.jpg,DIOPSIS-384,0.0,0.0,0.0,0,1,2
20240727182446.jpg,DIOPSIS-388,0.0,0.0,0.0,0,1,1
20240827224227.jpg,DIOPSIS-385,0.0,0.0,0.0,0,0,0
20240802161807.jpg,DIOPSIS-384,0.0,0.0,0.0,0,0,1
20240817225047.jpg,DIOPSIS-387,0.6666666666666666,0.6666666666666666,0.6666666666666666,2,1,1
20240803133000.jpg,DIOPSIS-384,0.0,0.0,0.0,0,2,3
20240813175316.jpg,DIOPSIS-384,0.0,0.0,0.0,0,2,2
20240820230540.jpg,DIOPSIS-384,0.0,0.0,0.0,0,0,0
20240815123112.jpg,DIOPSIS-387,0.0,0.0,0.0,0,0,1
20240730172447.jpg,DIOPSIS-391,0.0,0.0,0.0,0,0,0
20240901102711.jpg,DIOPSIS-388,1.0,1.0,1.0,1,0,0
20240816235634.jpg,DIOPSIS-389,0.3333333333333333,0.25,0.28571428571428575,1,2,3
20240716140318.jpg,DIOPSIS-385,0.5,0.5,0.5,1,1,1
20240812122124.jpg,DIOPSIS-391,0.0,0.0,0.0,0,0,1
20240903233449.jpg,DIOPSIS-387,1.0,1.0,1.0,2,0,0
20240903113347.jpg,DIOPSIS-384,0.0,0.0,0.0,0,1,1
20240714100715.jpg,DIOPSIS-387,0.0,0.0,0.0,0,0,0
20240731054246.jpg,DIOPSIS-385,0.0,0.0,0.0,0,0,0
20240818211809.jpg,DIOPSIS-387,0.0,0.0,0.0,0,0,0
20240803143506.jpg,DIOPSIS-387,0.0,0.0,0.0,0,0,0
20240824152731.jpg,DIOPSIS-391,0.0,0.0,0.0,0,0,0
20240820182630.jpg,DIOPSIS-388,0.0,0.0,0.0,0,2,1
20240812175659.jpg,DIOPSIS-384,0.0,0.0,0.0,0,0,0
20240805132452.jpg,DIOPSIS-391,0.0,0.0,0.0,0,0,0
20240830235817.jpg,DIOPSIS-391,0.0,0.0,0.0,0,2,2
20240823090021.jpg,DIOPSIS-384,0.0,0.0,0.0,0,0,0
20240714173843.jpg,DIOPSIS-385,1.0,0.5,0.6666666666666666,1,0,1
20240823201953.jpg,DIOPSIS-383,0.0,0.0,0.0,0,0,0
20240804100754.jpg,DIOPSIS-385,0.0,0.0,0.0,0,0,0
20240808232453.jpg,DIOPSIS-389,1.0,1.0,1.0,1,0,0
20240827084905.jpg,DIOPSIS-391,0.0,0.0,0.0,0,0,1
20240813190003.jpg,DIOPSIS-391,0.0,0.0,0.0,0,1,3
20240815090432.jpg,DIOPSIS-391,0.0,0.0,0.0,0,0,0
20240803100029.jpg,DIOPSIS-384,0.0,0.0,0.0,0,1,1
20240815214546.jpg,DIOPSIS-384,0.0,0.0,0.0,0,0,1
20240824113030.jpg,DIOPSIS-385,0.0,0.0,0.0,0,1,0
20240814102059.jpg,DIOPSIS-383,0.0,0.0,0.0,0,0,0
20240808080306.jpg,DIOPSIS-387,0.0,0.0,0.0,0,0,0
20240829143508.jpg,DIOPSIS-385,0.0,0.0,0.0,0,0,0
20240725194937.jpg,DIOPSIS-389,0.0,0.0,0.0,0,0,0
20240723141425.jpg,DIOPSIS-384,0.0,0.0,0.0,0,1,1
20240708212922.jpg,DIOPSIS-421,0.0,0.0,0.0,0,1,1
20240713131841.jpg,DIOPSIS-385,0.0,0.0,0.0,0,0,0
20240805173529.jpg,DIOPSIS-383,0.0,0.0,0.0,0,0,0
20240817211243.jpg,DIOPSIS-389,0.0,0.0,0.0,0,1,1
20240901090600.jpg,DIOPSIS-384,0.0,0.0,0.0,0,0,0
20240708213453.jpg,DIOPSIS-421,0.0,0.0,0.0,0,1,1
20240731070456.jpg,DIOPSIS-389,0.0,0.0,0.0,0,0,0
20240715105816.jpg,DIOPSIS-385,0.0,0.0,0.0,0,0,0
20240711183354.jpg,DIOPSIS-385,0.0,0.0,0.0,0,1,2
20240819213033.jpg,DIOPSIS-384,0.0,0.0,0.0,0,0,0
20240819132935.jpg,DIOPSIS-387,0.0,0.0,0.0,0,0,1
20240819065244.jpg,DIOPSIS-384,0.0,0.0,0.0,0,0,0
20240911135243.jpg,DIOPSIS-384,0.0,0.0,0.0,0,1,1
20240826220749.jpg,DIOPSIS-388,0.0,0.0,0.0,0,0,1
20240716164413.jpg,DIOPSIS-388,0.0,0.0,0.0,0,1,1
20240727054227.jpg,DIOPSIS-385,0.0,0.0,0.0,0,1,1
20240830175836.jpg,DIOPSIS-421,0.0,0.0,0.0,0,1,1
20240830152016.jpg,DIOPSIS-385,0.0,0.0,0.0,0,0,0
20240728110221.jpg,DIOPSIS-388,0.0,0.0,0.0,0,0,0
20240826223652.jpg,DIOPSIS-387,0.3333333333333333,0.3333333333333333,0.3333333333333333,1,2,2
20240908181351.jpg,DIOPSIS-389,0.0,0.0,0.0,0,0,1
20240801143851.jpg,DIOPSIS-391,0.0,0.0,0.0,0,0,0
20240718131255.jpg,DIOPSIS-389,0.0,0.0,0.0,0,0,0
20240807090720.jpg,DIOPSIS-389,0.0,0.0,0.0,0,0,0
20240804140417.jpg,DIOPSIS-387,0.0,0.0,0.0,0,0,0
20240723112638.jpg,DIOPSIS-385,0.0,0.0,0.0,0,2,4
20240826125944.jpg,DIOPSIS-388,0.0,0.0,0.0,0,1,0
20240816231608.jpg,DIOPSIS-383,0.0,0.0,0.0,0,2,2
20240814201909.jpg,DIOPSIS-385,0.0,0.0,0.0,0,0,0
20240804095726.jpg,DIOPSIS-391,0.0,0.0,0.0,0,0,0
20240803133250.jpg,DIOPSIS-384,0.0,0.0,0.0,0,1,1
20240912180744.jpg,DIOPSIS-389,0.0,0.0,0.0,0,0,0
20240919092609.jpg,DIOPSIS-387,0.0,0.0,0.0,0,1,1
20240807084923.jpg,DIOPSIS-384,0.0,0.0,0.0,0,0,0
20240819224506.jpg,DIOPSIS-421,0.0,0.0,0.0,0,1,7
20240809072952.jpg,DIOPSIS-384,1.0,0.5,0.6666666666666666,1,0,1
20240810233734.jpg,DIOPSIS-391,0.6,0.5,0.5454545454545454,3,2,3
20240829234258.jpg,DIOPSIS-389,0.25,0.14285714285714285,0.18181818181818182,1,3,6
20240813171344.jpg,DIOPSIS-387,0.0,0.0,0.0,0,0,0
20240709191057.jpg,DIOPSIS-421,0.0,0.0,0.0,0,1,2
20240816225122.jpg,DIOPSIS-389,0.5,0.5,0.5,2,2,2
20240715160315.jpg,DIOPSIS-421,0.0,0.0,0.0,0,0,0
20240709033907.jpg,DIOPSIS-387,0.0,0.0,0.0,0,0,0
20240728132534.jpg,DIOPSIS-388,0.0,0.0,0.0,0,0,0
20240908233608.jpg,DIOPSIS-421,1.0,0.3333333333333333,0.5,1,0,2
20240826212929.jpg,DIOPSIS-389,0.0,0.0,0.0,0,3,8
20240813213638.jpg,DIOPSIS-383,0.0,0.0,0.0,0,0,0
20240804201004.jpg,DIOPSIS-387,0.0,0.0,0.0,0,1,1
20240829193757.jpg,DIOPSIS-384,0.0,0.0,0.0,0,1,2
20240824135349.jpg,DIOPSIS-391,0.0,0.0,0.0,0,0,0
20240720091704.jpg,DIOPSIS-421,0.0,0.0,0.0,0,1,1
20240815221102.jpg,DIOPSIS-385,0.6666666666666666,0.6666666666666666,0.6666666666666666,2,1,1
20240911114716.jpg,DIOPSIS-383,0.0,0.0,0.0,0,0,0
20240803193436.jpg,DIOPSIS-389,0.0,0.0,0.0,0,0,0
20240820162602.jpg,DIOPSIS-391,0.0,0.0,0.0,0,0,0
20240822184327.jpg,DIOPSIS-387,0.0,0.0,0.0,0,0,0
20240827194058.jpg,DIOPSIS-383,0.0,0.0,0.0,0,0,1
20240820132106.jpg,DIOPSIS-384,0.0,0.0,0.0,0,0,0
20240807101933.jpg,DIOPSIS-385,0.0,0.0,0.0,0,1,1
20240917175051.jpg,DIOPSIS-387,0.0,0.0,0.0,0,0,0
20240717074217.jpg,DIOPSIS-421,0.0,0.0,0.0,0,0,0
20240831124850.jpg,DIOPSIS-387,0.0,0.0,0.0,0,0,0
20240916134014.jpg,DIOPSIS-387,0.0,0.0,0.0,0,0,0
20240730195410.jpg,DIOPSIS-389,0.0,0.0,0.0,0,0,0
20240922220012.jpg,DIOPSIS-389,0.0,0.0,0.0,0,0,1
20240807223606.jpg,DIOPSIS-389,0.2857142857142857,0.25,0.26666666666666666,2,5,6
20240720205323.jpg,DIOPSIS-421,0.0,0.0,0.0,0,0,1
20240723103144.jpg,DIOPSIS-387,0.0,0.0,0.0,0,0,0
20240903224856.jpg,DIOPSIS-383,0.0,0.0,0.0,0,0,3
20240819220045.jpg,DIOPSIS-421,0.0,0.0,0.0,0,1,9
20240831111213.jpg,DIOPSIS-421,1.0,1.0,1.0,1,0,0
20240904074345.jpg,DIOPSIS-391,0.0,0.0,0.0,0,0,1
20240731153230.jpg,DIOPSIS-385,0.0,0.0,0.0,0,1,1
20240826094325.jpg,DIOPSIS-387,0.0,0.0,0.0,0,0,0
20240718071556.jpg,DIOPSIS-389,0.0,0.0,0.0,0,0,1
20240719181744.jpg,DIOPSIS-385,0.0,0.0,0.0,0,1,1
20240822231637.jpg,DIOPSIS-389,0.3333333333333333,0.3333333333333333,0.3333333333333333,1,2,2
20240819074258.jpg,DIOPSIS-383,0.0,0.0,0.0,0,0,0
20240803084007.jpg,DIOPSIS-387,0.0,0.0,0.0,0,0,0
20240917111651.jpg,DIOPSIS-421,1.0,0.5,0.6666666666666666,1,0,1
20240810114215.jpg,DIOPSIS-389,0.0,0.0,0.0,0,0,0
20240808101905.jpg,DIOPSIS-383,0.0,0.0,0.0,0,0,0
20240722102826.jpg,DIOPSIS-383,0.0,0.0,0.0,0,0,1
20240814070651.jpg,DIOPSIS-383,0.0,0.0,0.0,0,0,0
20240710092030.jpg,DIOPSIS-387,0.0,0.0,0.0,0,0,1
20240824172231.jpg,DIOPSIS-383,0.0,0.0,0.0,0,0,0
20240912184007.jpg,DIOPSIS-388,0.0,0.0,0.0,0,0,0
20240904100622.jpg,DIOPSIS-384,0.0,0.0,0.0,0,0,0
20240829134221.jpg,DIOPSIS-391,0.0,0.0,0.0,0,1,3
20240809112148.jpg,DIOPSIS-385,0.0,0.0,0.0,0,1,1
20240811122233.jpg,DIOPSIS-389,0.0,0.0,0.0,0,0,0
20240913064802.jpg,DIOPSIS-383,0.0,0.0,0.0,0,0,0
20240725085043.jpg,DIOPSIS-387,0.0,0.0,0.0,0,0,0
20240720181450.jpg,DIOPSIS-385,0.0,0.0,0.0,0,0,0
20240903232740.jpg,DIOPSIS-389,0.0,0.0,0.0,0,2,4
20240825094334.jpg,DIOPSIS-421,0.0,0.0,0.0,0,1,1
20240921123002.jpg,DIOPSIS-391,0.0,0.0,0.0,0,0,0
20240813183910.jpg,DIOPSIS-383,0.0,0.0,0.0,0,1,1
20240727120520.jpg,DIOPSIS-421,0.0,0.0,0.0,0,0,0
20240810115052.jpg,DIOPSIS-389,0.0,0.0,0.0,0,0,0
20240907194543.jpg,DIOPSIS-389,0.0,0.0,0.0,0,0,1
20240729184315.jpg,DIOPSIS-391,0.0,0.0,0.0,0,1,1
20240903224243.jpg,DIOPSIS-385,1.0,1.0,1.0,1,0,0
20240831211654.jpg,DIOPSIS-387,1.0,1.0,1.0,2,0,0
20240828231105.jpg,DIOPSIS-391,0.2,0.1,0.13333333333333333,1,4,9
20240808235450.jpg,DIOPSIS-388,0.0,0.0,0.0,0,0,0
20240817132241.jpg,DIOPSIS-384,0.0,0.0,0.0,0,0,0
20240819131713.jpg,DIOPSIS-388,0.0,0.0,0.0,0,1,1
20240817000146.jpg,DIOPSIS-385,1.0,0.5,0.6666666666666666,1,0,1
20240725204743.jpg,DIOPSIS-387,0.0,0.0,0.0,0,0,0
20240723112918.jpg,DIOPSIS-384,0.0,0.0,0.0,0,2,2
20240912144111.jpg,DIOPSIS-384,0.0,0.0,0.0,0,0,0
20240730110310.jpg,DIOPSIS-388,0.0,0.0,0.0,0,0,0
20240723112013.jpg,DIOPSIS-385,0.0,0.0,0.0,0,0,1
20240813160125.jpg,DIOPSIS-384,0.0,0.0,0.0,0,0,0
20240831152452.jpg,DIOPSIS-388,0.0,0.0,0.0,0,0,0
20240826214913.jpg,DIOPSIS-389,0.0,0.0,0.0,0,4,5
20240829073949.jpg,DIOPSIS-391,0.0,0.0,0.0,0,0,0
20240916105849.jpg,DIOPSIS-389,0.0,0.0,0.0,0,0,0
20240827181402.jpg,DIOPSIS-389,0.0,0.0,0.0,0,0,0
20240817170623.jpg,DIOPSIS-391,0.0,0.0,0.0,0,1,2
20240909221852.jpg,DIOPSIS-387,0.0,0.0,0.0,0,0,0
20240826142151.jpg,DIOPSIS-391,0.0,0.0,0.0,0,1,1
20240829231031.jpg,DIOPSIS-391,0.3333333333333333,0.3333333333333333,0.3333333333333333,1,2,2
20240807204954.jpg,DIOPSIS-388,0.0,0.0,0.0,0,0,0
20240923154847.jpg,DIOPSIS-391,0.0,0.0,0.0,0,0,1
20240806115322.jpg,DIOPSIS-384,1.0,1.0,1.0,1,0,0
20240911222219.jpg,DIOPSIS-389,0.0,0.0,0.0,0,0,2
20240716112223.jpg,DIOPSIS-387,0.5,0.5,0.5,1,1,1
20240910174050.jpg,DIOPSIS-383,0.0,0.0,0.0,0,0,0
20240806233317.jpg,DIOPSIS-388,1.0,0.3333333333333333,0.5,1,0,2
20240824170623.jpg,DIOPSIS-391,0.0,0.0,0.0,0,0,0
20240820231042.jpg,DIOPSIS-385,0.0,0.0,0.0,0,0,0
20240727134234.jpg,DIOPSIS-391,0.0,0.0,0.0,0,1,1
20240812234812.jpg,DIOPSIS-391,0.5,0.2857142857142857,0.36363636363636365,2,2,5
20240906185623.jpg,DIOPSIS-391,0.0,0.0,0.0,0,0,1
20240821231132.jpg,DIOPSIS-391,0.0,0.0,0.0,0,0,1
20240815103300.jpg,DIOPSIS-385,0.0,0.0,0.0,0,1,1
20240801142513.jpg,DIOPSIS-391,0.0,0.0,0.0,0,0,0
20240908221953.jpg,DIOPSIS-387,0.0,0.0,0.0,0,0,0
20240714120937.jpg,DIOPSIS-387,0.0,0.0,0.0,0,0,0
20240804093041.jpg,DIOPSIS-387,0.0,0.0,0.0,0,0,2
20240719163419.jpg,DIOPSIS-389,0.0,0.0,0.0,0,1,1
20240922153100.jpg,DIOPSIS-389,0.0,0.0,0.0,0,0,0
20240731063618.jpg,DIOPSIS-391,0.0,0.0,0.0,0,0,0
20240726173859.jpg,DIOPSIS-387,0.0,0.0,0.0,0,0,1
20240726194551.jpg,DIOPSIS-385,0.0,0.0,0.0,0,1,1
20240810091724.jpg,DIOPSIS-385,0.0,0.0,0.0,0,0,0
20240716161314.jpg,DIOPSIS-387,1.0,1.0,1.0,1,0,0
20240903231910.jpg,DIOPSIS-387,1.0,1.0,1.0,2,0,0
20240731184313.jpg,DIOPSIS-383,0.0,0.0,0.0,0,0,0
20240906105447.jpg,DIOPSIS-384,1.0,1.0,1.0,1,0,0
20240806203452.jpg,DIOPSIS-389,0.0,0.0,0.0,0,0,0
20240724162147.jpg,DIOPSIS-421,0.0,0.0,0.0,0,0,0
20240807175853.jpg,DIOPSIS-384,0.0,0.0,0.0,0,0,0
20240812215534.jpg,DIOPSIS-388,0.0,0.0,0.0,0,0,3
20240902193249.jpg,DIOPSIS-384,0.0,0.0,0.0,0,1,1
20240812223732.jpg,DIOPSIS-388,0.3333333333333333,0.14285714285714285,0.2,1,2,6
20240825103732.jpg,DIOPSIS-421,0.0,0.0,0.0,0,0,0
20240724182655.jpg,DIOPSIS-389,0.0,0.0,0.0,0,0,1
20240821222330.jpg,DIOPSIS-421,0.0,0.0,0.0,0,0,44
20240811112304.jpg,DIOPSIS-387,0.0,0.0,0.0,0,0,0
20240904074415.jpg,DIOPSIS-391,0.0,0.0,0.0,0,1,1
20240711145755.jpg,DIOPSIS-385,0.0,0.0,0.0,0,0,0
20240809092914.jpg,DIOPSIS-421,0.0,0.0,0.0,0,0,0
20240727193953.jpg,DIOPSIS-421,0.0,0.0,0.0,0,0,1
20240808225448.jpg,DIOPSIS-389,1.0,1.0,1.0,1,0,0
20240708153603.jpg,DIOPSIS-421,0.5,0.5,0.5,1,1,1
20240805073329.jpg,DIOPSIS-387,0.0,0.0,0.0,0,0,1
20240831231456.jpg,DIOPSIS-389,0.5,1.0,0.6666666666666666,1,1,0
20240803072343.jpg,DIOPSIS-383,0.0,0.0,0.0,0,0,1
20240907152514.jpg,DIOPSIS-384,0.0,0.0,0.0,0,1,0
20240728082547.jpg,DIOPSIS-384,0.0,0.0,0.0,0,0,3
20240728185547.jpg,DIOPSIS-384,0.0,0.0,0.0,0,1,0
20240803082640.jpg,DIOPSIS-385,0.0,0.0,0.0,0,0,0
20240714063514.jpg,DIOPSIS-385,0.0,0.0,0.0,0,0,0
20240820233321.jpg,DIOPSIS-387,0.0,0.0,0.0,0,2,1
20240919082417.jpg,DIOPSIS-391,0.0,0.0,0.0,0,0,0
20240903102645.jpg,DIOPSIS-385,0.0,0.0,0.0,0,0,0
20240725141008.jpg,DIOPSIS-384,0.0,0.0,0.0,0,0,0
20240806172357.jpg,DIOPSIS-389,1.0,1.0,1.0,1,0,0
20240902171107.jpg,DIOPSIS-388,0.0,0.0,0.0,0,0,1
20240913145948.jpg,DIOPSIS-383,0.0,0.0,0.0,0,0,0
20240721113546.jpg,DIOPSIS-389,0.0,0.0,0.0,0,0,0
20240730084017.jpg,DIOPSIS-388,0.0,0.0,0.0,0,1,2
20240804204730.jpg,DIOPSIS-383,0.0,0.0,0.0,0,0,1
20240728094445.jpg,DIOPSIS-387,1.0,1.0,1.0,1,0,0
20240812231419.jpg,DIOPSIS-388,1.0,0.3333333333333333,0.5,1,0,2
20240720134750.jpg,DIOPSIS-383,0.0,0.0,0.0,0,0,0
20240829120638.jpg,DIOPSIS-387,0.0,0.0,0.0,0,0,0
20240911164606.jpg,DIOPSIS-421,0.0,0.0,0.0,0,0,0
20240817235034.jpg,DIOPSIS-389,0.0,0.0,0.0,0,2,5
20240901121533.jpg,DIOPSIS-421,0.0,0.0,0.0,0,0,0
20240822215241.jpg,DIOPSIS-389,0.0,0.0,0.0,0,0,0
20240906213843.jpg,DIOPSIS-391,0.5,0.5,0.5,1,1,1
20240731181654.jpg,DIOPSIS-387,0.0,0.0,0.0,0,0,0
20240908225310.jpg,DIOPSIS-387,0.0,0.0,0.0,0,0,0
20240829135635.jpg,DIOPSIS-391,0.0,0.0,0.0,0,0,2
20240827181821.jpg,DIOPSIS-391,0.0,0.0,0.0,0,0,0
20240802092258.jpg,DIOPSIS-384,0.0,0.0,0.0,0,0,0
20240827225132.jpg,DIOPSIS-387,0.0,0.0,0.0,0,2,2
20240903100942.jpg,DIOPSIS-385,0.0,0.0,0.0,0,0,0
20240717124401.jpg,DIOPSIS-385,0.0,0.0,0.0,0,0,1
20240725083603.jpg,DIOPSIS-389,0.0,0.0,0.0,0,0,0
20240827233202.jpg,DIOPSIS-421,0.0,0.0,0.0,0,0,2
20240817182526.jpg,DIOPSIS-388,0.0,0.0,0.0,0,0,0
20240726201303.jpg,DIOPSIS-388,1.0,1.0,1.0,1,0,0
20240824221347.jpg,DIOPSIS-421,0.0,0.0,0.0,0,1,2
20240922095649.jpg,DIOPSIS-389,0.0,0.0,0.0,0,0,0
20240815141552.jpg,DIOPSIS-385,0.0,0.0,0.0,0,1,0
20240722194257.jpg,DIOPSIS-389,0.0,0.0,0.0,0,0,1
20240716143641.jpg,DIOPSIS-388,0.0,0.0,0.0,0,0,0
20240806064604.jpg,DIOPSIS-391,0.0,0.0,0.0,0,0,1
20240817100149.jpg,DIOPSIS-389,0.0,0.0,0.0,0,1,1
20240805080957.jpg,DIOPSIS-383,0.0,0.0,0.0,0,0,0
20240822221028.jpg,DIOPSIS-383,0.0,0.0,0.0,0,0,1
20240726101925.jpg,DIOPSIS-389,0.0,0.0,0.0,0,0,0
20240904180212.jpg,DIOPSIS-391,1.0,1.0,1.0,1,0,0
20240821091335.jpg,DIOPSIS-421,0.0,0.0,0.0,0,0,0
20240808115704.jpg,DIOPSIS-384,0.0,0.0,0.0,0,0,0
20240814114420.jpg,DIOPSIS-387,0.0,0.0,0.0,0,0,1
20240822232919.jpg,DIOPSIS-421,0.5,0.2,0.28571428571428575,1,1,4
20240729095129.jpg,DIOPSIS-387,0.0,0.0,0.0,0,1,1
20240711195815.jpg,DIOPSIS-387,0.0,0.0,0.0,0,1,1
20240803124510.jpg,DIOPSIS-384,0.0,0.0,0.0,0,1,1
20240813172756.jpg,DIOPSIS-384,0.0,0.0,0.0,0,0,4
20240828232615.jpg,DIOPSIS-391,0.25,0.14285714285714285,0.18181818181818182,1,3,6
20240723162212.jpg,DIOPSIS-387,0.0,0.0,0.0,0,0,0
20240813223208.jpg,DIOPSIS-391,1.0,1.0,1.0,2,0,0
20240831081051.jpg,DIOPSIS-389,0.0,0.0,0.0,0,0,0
20240720152050.jpg,DIOPSIS-388,0.0,0.0,0.0,0,1,1
20240728100006.jpg,DIOPSIS-384,0.0,0.0,0.0,0,1,1
20240810085722.jpg,DIOPSIS-389,0.0,0.0,0.0,0,0,2
20240731090328.jpg,DIOPSIS-391,0.0,0.0,0.0,0,2,2
20240826084347.jpg,DIOPSIS-384,0.0,0.0,0.0,0,0,0
20240823191334.jpg,DIOPSIS-391,1.0,1.0,1.0,1,0,0
20240718144855.jpg,DIOPSIS-385,0.0,0.0,0.0,0,0,0
20240910100821.jpg,DIOPSIS-421,0.0,0.0,0.0,0,0,1
20240824225014.jpg,DIOPSIS-383,1.0,0.75,0.8571428571428571,3,0,1
20240812225631.jpg,DIOPSIS-421,0.3333333333333333,0.16666666666666666,0.2222222222222222,1,2,5
20240714162540.jpg,DIOPSIS-388,0.0,0.0,0.0,0,0,0
20240828165629.jpg,DIOPSIS-391,0.0,0.0,0.0,0,1,1
20240809080252.jpg,DIOPSIS-384,0.0,0.0,0.0,0,0,0
20240823082419.jpg,DIOPSIS-384,0.0,0.0,0.0,0,0,1
20240810190125.jpg,DIOPSIS-384,0.0,0.0,0.0,0,0,0
20240720065356.jpg,DIOPSIS-389,0.0,0.0,0.0,0,0,0
20240803144117.jpg,DIOPSIS-384,0.0,0.0,0.0,0,1,1
20240727090842.jpg,DIOPSIS-391,0.0,0.0,0.0,0,1,1
20240807095039.jpg,DIOPSIS-384,0.0,0.0,0.0,0,0,0
20240923232521.jpg,DIOPSIS-389,0.0,0.0,0.0,0,0,9
20240902112402.jpg,DIOPSIS-391,0.0,0.0,0.0,0,0,0
20240804172958.jpg,DIOPSIS-384,0.0,0.0,0.0,0,0,0
20240808132806.jpg,DIOPSIS-384,1.0,1.0,1.0,1,0,0
20240722141600.jpg,DIOPSIS-389,0.0,0.0,0.0,0,0,0
20240823105453.jpg,DIOPSIS-421,1.0,0.25,0.4,1,0,3
20240727132409.jpg,DIOPSIS-387,0.0,0.0,0.0,0,0,0
20240910000611.jpg,DIOPSIS-389,0.25,0.16666666666666666,0.2,1,3,5
20240829233634.jpg,DIOPSIS-388,0.0,0.0,0.0,0,0,0
20240824215913.jpg,DIOPSIS-384,0.0,0.0,0.0,0,1,1
20240728111521.jpg,DIOPSIS-387,0.0,0.0,0.0,0,1,0
20240814112653.jpg,DIOPSIS-391,0.0,0.0,0.0,0,0,0
20240820182943.jpg,DIOPSIS-388,0.0,0.0,0.0,0,0,0
20240828101445.jpg,DIOPSIS-384,0.0,0.0,0.0,0,0,3
20240715210919.jpg,DIOPSIS-385,0.0,0.0,0.0,0,1,1
20240805091529.jpg,DIOPSIS-387,0.0,0.0,0.0,0,2,2
20240710082716.jpg,DIOPSIS-387,0.0,0.0,0.0,0,0,1
20240802065335.jpg,DIOPSIS-385,0.0,0.0,0.0,0,0,0
20240829105917.jpg,DIOPSIS-391,1.0,1.0,1.0,1,0,0
20240806183640.jpg,DIOPSIS-389,0.0,0.0,0.0,0,1,2
20240712083258.jpg,DIOPSIS-421,0.0,0.0,0.0,0,0,0
20240901215556.jpg,DIOPSIS-387,0.0,0.0,0.0,0,0,0
20240801195228.jpg,DIOPSIS-388,0.0,0.0,0.0,0,1,1
20240902140154.jpg,DIOPSIS-385,0.0,0.0,0.0,0,1,0
20240910124234.jpg,DIOPSIS-383,0.0,0.0,0.0,0,0,0
20240905212050.jpg,DIOPSIS-389,0.0,0.0,0.0,0,0,0
20240911230711.jpg,DIOPSIS-389,0.0,0.0,0.0,0,1,2
20240813182015.jpg,DIOPSIS-384,0.0,0.0,0.0,0,0,0
20240828125907.jpg,DIOPSIS-387,0.0,0.0,0.0,0,0,0
20240802183818.jpg,DIOPSIS-389,0.0,0.0,0.0,0,0,0
20240810223125.jpg,DIOPSIS-387,1.0,1.0,1.0,1,0,0
20240722080140.jpg,DIOPSIS-383,0.0,0.0,0.0,0,1,1
20240814213252.jpg,DIOPSIS-385,0.0,0.0,0.0,0,3,6
20240813220630.jpg,DIOPSIS-389,0.0,0.0,0.0,0,1,2
20240825215604.jpg,DIOPSIS-384,0.5,1.0,0.6666666666666666,1,1,0
20240720090814.jpg,DIOPSIS-383,0.0,0.0,0.0,0,0,1
20240902192722.jpg,DIOPSIS-387,0.0,0.0,0.0,0,0,0
20240717142433.jpg,DIOPSIS-387,0.0,0.0,0.0,0,0,0
20240902134522.jpg,DIOPSIS-387,0.0,0.0,0.0,0,0,0
20240808114042.jpg,DIOPSIS-387,0.0,0.0,0.0,0,0,1
20240826070138.jpg,DIOPSIS-388,0.0,0.0,0.0,0,0,0
20240903224114.jpg,DIOPSIS-389,0.5,0.2,0.28571428571428575,1,1,4
20240722114236.jpg,DIOPSIS-389,0.0,0.0,0.0,0,0,0
20240724135043.jpg,DIOPSIS-384,0.0,0.0,0.0,0,1,1
20240717111523.jpg,DIOPSIS-389,0.0,0.0,0.0,0,0,0
20240726191116.jpg,DIOPSIS-385,0.0,0.0,0.0,0,0,1
20240811091923.jpg,DIOPSIS-384,0.0,0.0,0.0,0,0,0
20240726082508.jpg,DIOPSIS-391,0.0,0.0,0.0,0,1,1
20240911232543.jpg,DIOPSIS-385,0.0,0.0,0.0,0,1,1
20240827160215.jpg,DIOPSIS-385,0.0,0.0,0.0,0,0,0
20240806182844.jpg,DIOPSIS-383,0.0,0.0,0.0,0,0,0
20240910144711.jpg,DIOPSIS-388,1.0,1.0,1.0,1,0,0
20240815231516.jpg,DIOPSIS-383,0.0,0.0,0.0,0,3,6
20240722091822.jpg,DIOPSIS-385,0.0,0.0,0.0,0,0,0
20240912141901.jpg,DIOPSIS-389,1.0,1.0,1.0,1,0,0
20240813221125.jpg,DIOPSIS-391,0.0,0.0,0.0,0,1,3
20240717124332.jpg,DIOPSIS-385,0.0,0.0,0.0,0,1,1
20240810185913.jpg,DIOPSIS-385,0.0,0.0,0.0,0,1,0
20240816233812.jpg,DIOPSIS-383,1.0,0.5,0.6666666666666666,1,0,1
20240725105353.jpg,DIOPSIS-384,0.0,0.0,0.0,0,0,1
20240803145045.jpg,DIOPSIS-384,0.0,0.0,0.0,0,0,0
20240821220524.jpg,DIOPSIS-389,0.5,0.25,0.3333333333333333,1,1,3
20240723085854.jpg,DIOPSIS-389,1.0,1.0,1.0,1,0,0
20240811101441.jpg,DIOPSIS-384,0.0,0.0,0.0,0,0,0
20240821124543.jpg,DIOPSIS-388,0.0,0.0,0.0,0,1,1
20240807143759.jpg,DIOPSIS-389,0.0,0.0,0.0,0,0,0
20240809090800.jpg,DIOPSIS-384,0.0,0.0,0.0,0,0,0
20240805221838.jpg,DIOPSIS-391,0.0,0.0,0.0,0,2,3
20240816234234.jpg,DIOPSIS-388,0.0,0.0,0.0,0,2,7
20240802113208.jpg,DIOPSIS-384,0.6666666666666666,0.6666666666666666,0.6666666666666666,2,1,1
20240806170908.jpg,DIOPSIS-387,0.0,0.0,0.0,0,1,1
20240722154800.jpg,DIOPSIS-389,0.0,0.0,0.0,0,0,0
20240911155059.jpg,DIOPSIS-389,0.0,0.0,0.0,0,0,0
20240907154507.jpg,DIOPSIS-385,0.0,0.0,0.0,0,1,0
20240809115113.jpg,DIOPSIS-391,0.0,0.0,0.0,0,0,0
20240831142325.jpg,DIOPSIS-385,0.0,0.0,0.0,0,1,0
20240826221112.jpg,DIOPSIS-389,0.0,0.0,0.0,0,3,7
20240825141621.jpg,DIOPSIS-391,0.0,0.0,0.0,0,0,0
20240817215742.jpg,DIOPSIS-389,0.0,0.0,0.0,0,0,0
20240909165308.jpg,DIOPSIS-383,0.0,0.0,0.0,0,0,0
20240806104201.jpg,DIOPSIS-389,0.0,0.0,0.0,0,0,2
20240724093522.jpg,DIOPSIS-383,0.0,0.0,0.0,0,1,1
20240901092909.jpg,DIOPSIS-385,0.0,0.0,0.0,0,0,0
20240727090325.jpg,DIOPSIS-387,0.0,0.0,0.0,0,0,1
20240813094111.jpg,DIOPSIS-384,0.0,0.0,0.0,0,1,3
20240713172807.jpg,DIOPSIS-387,0.0,0.0,0.0,0,0,0
20240918220115.jpg,DIOPSIS-387,0.0,0.0,0.0,0,0,0
20240911211613.jpg,DIOPSIS-421,0.0,0.0,0.0,0,1,1
20240831224810.jpg,DIOPSIS-383,0.0,0.0,0.0,0,1,6
20240802133314.jpg,DIOPSIS-384,0.0,0.0,0.0,0,0,0
20240807222107.jpg,DIOPSIS-387,1.0,1.0,1.0,2,0,0
20240824063139.jpg,DIOPSIS-385,1.0,1.0,1.0,1,0,0
20240813110821.jpg,DIOPSIS-388,0.0,0.0,0.0,0,1,1
20240901191524.jpg,DIOPSIS-421,0.0,0.0,0.0,0,0,0
20240729171216.jpg,DIOPSIS-384,0.0,0.0,0.0,0,1,1
20240728152220.jpg,DIOPSIS-387,0.0,0.0,0.0,0,0,0
20240907151549.jpg,DIOPSIS-391,0.0,0.0,0.0,0,0,0
20240905221026.jpg,DIOPSIS-389,0.0,0.0,0.0,0,1,3
20240806140841.jpg,DIOPSIS-384,0.0,0.0,0.0,0,0,0
20240903220814.jpg,DIOPSIS-387,0.5,0.3333333333333333,0.4,1,1,2
20240720080850.jpg,DIOPSIS-387,0.0,0.0,0.0,0,1,1
20240805100021.jpg,DIOPSIS-391,0.0,0.0,0.0,0,0,1
20240814225250.jpg,DIOPSIS-389,0.25,0.25,0.25,1,3,3
20240731192413.jpg,DIOPSIS-383,0.0,0.0,0.0,0,0,1
20240726201508.jpg,DIOPSIS-385,1.0,1.0,1.0,1,0,0
20240907063312.jpg,DIOPSIS-421,0.0,0.0,0.0,0,0,1
20240725092019.jpg,DIOPSIS-387,0.0,0.0,0.0,0,1,1
20240714093109.jpg,DIOPSIS-387,0.5,0.5,0.5,1,1,1
20240716135932.jpg,DIOPSIS-385,0.0,0.0,0.0,0,1,1
20240718164940.jpg,DIOPSIS-421,0.0,0.0,0.0,0,0,0
20240903193256.jpg,DIOPSIS-391,0.0,0.0,0.0,0,1,2
20240908230956.jpg,DIOPSIS-385,0.0,0.0,0.0,0,1,1
20240903092511.jpg,DIOPSIS-421,0.0,0.0,0.0,0,1,3
20240814223311.jpg,DIOPSIS-388,0.25,0.5,0.3333333333333333,1,3,1
20240823100848.jpg,DIOPSIS-383,0.0,0.0,0.0,0,0,0
20240716182428.jpg,DIOPSIS-388,0.0,0.0,0.0,0,1,1
20240910130540.jpg,DIOPSIS-388,0.0,0.0,0.0,0,0,0
20240806164629.jpg,DIOPSIS-385,0.0,0.0,0.0,0,0,0
20240904143154.jpg,DIOPSIS-389,0.0,0.0,0.0,0,0,0
20240821225839.jpg,DIOPSIS-389,0.75,0.6,0.6666666666666665,3,1,2
20240827233419.jpg,DIOPSIS-391,0.0,0.0,0.0,0,0,2
20240820220839.jpg,DIOPSIS-421,0.0,0.0,0.0,0,0,10
20240804153250.jpg,DIOPSIS-383,0.0,0.0,0.0,0,0,0
20240831221818.jpg,DIOPSIS-384,0.0,0.0,0.0,0,0,1
20240905125129.jpg,DIOPSIS-391,0.0,0.0,0.0,0,0,0
20240817235746.jpg,DIOPSIS-383,0.0,0.0,0.0,0,4,10
20240729142757.jpg,DIOPSIS-387,1.0,1.0,1.0,1,0,0
20240810183553.jpg,DIOPSIS-385,0.0,0.0,0.0,0,1,1
20240908074054.jpg,DIOPSIS-389,0.0,0.0,0.0,0,0,0
20240906125433.jpg,DIOPSIS-385,0.0,0.0,0.0,0,0,0
20240901134737.jpg,DIOPSIS-387,0.0,0.0,0.0,0,0,0
20240917114940.jpg,DIOPSIS-387,0.0,0.0,0.0,0,0,0
20240810185948.jpg,DIOPSIS-385,0.0,0.0,0.0,0,2,1
20240804071716.jpg,DIOPSIS-389,0.0,0.0,0.0,0,0,0
20240716130514.jpg,DIOPSIS-385,0.0,0.0,0.0,0,1,1
20240830130552.jpg,DIOPSIS-391,0.0,0.0,0.0,0,0,1
20240904221838.jpg,DIOPSIS-389,0.0,0.0,0.0,0,1,1
20240802192658.jpg,DIOPSIS-383,0.0,0.0,0.0,0,0,0
20240810003842.jpg,DIOPSIS-421,0.0,0.0,0.0,0,0,8
20240811194227.jpg,DIOPSIS-387,0.0,0.0,0.0,0,0,0
20240808224937.jpg,DIOPSIS-391,0.0,0.0,0.0,0,0,1
20240720071651.jpg,DIOPSIS-383,0.0,0.0,0.0,0,0,0
20240805221808.jpg,DIOPSIS-391,0.0,0.0,0.0,0,0,1
20240714202327.jpg,DIOPSIS-385,0.0,0.0,0.0,0,1,1
20240711171735.jpg,DIOPSIS-385,0.0,0.0,0.0,0,0,1
20240830121650.jpg,DIOPSIS-388,0.0,0.0,0.0,0,1,1
20240911105456.jpg,DIOPSIS-388,0.0,0.0,0.0,0,0,0
20240825234113.jpg,DIOPSIS-389,0.5,0.25,0.3333333333333333,1,1,3
20240719073708.jpg,DIOPSIS-385,0.0,0.0,0.0,0,0,1
20240918122835.jpg,DIOPSIS-389,0.0,0.0,0.0,0,0,0
20240904213256.jpg,DIOPSIS-385,0.25,0.25,0.25,1,3,3
20240913170520.jpg,DIOPSIS-385,0.0,0.0,0.0,0,0,0
20240811172539.jpg,DIOPSIS-388,0.0,0.0,0.0,0,0,0
20240812153430.jpg,DIOPSIS-388,0.0,0.0,0.0,0,1,1
20240814173836.jpg,DIOPSIS-387,0.0,0.0,0.0,0,0,0
20240829231034.jpg,DIOPSIS-388,0.0,0.0,0.0,0,1,2
20240818065901.jpg,DIOPSIS-388,0.0,0.0,0.0,0,0,0
20240801083405.jpg,DIOPSIS-391,0.0,0.0,0.0,0,1,1
20240709175708.jpg,DIOPSIS-387,0.0,0.0,0.0,0,1,1
20240824213415.jpg,DIOPSIS-387,0.0,0.0,0.0,0,1,1
20240711154119.jpg,DIOPSIS-387,0.0,0.0,0.0,0,1,0
20240802140807.jpg,DIOPSIS-385,0.0,0.0,0.0,0,2,2
20240831224436.jpg,DIOPSIS-421,0.0,0.0,0.0,0,1,6
20240921232816.jpg,DIOPSIS-391,0.0,0.0,0.0,0,1,1
20240822080922.jpg,DIOPSIS-387,0.0,0.0,0.0,0,1,1
20240805175355.jpg,DIOPSIS-384,0.0,0.0,0.0,0,0,0
20240831235344.jpg,DIOPSIS-383,0.0,0.0,0.0,0,1,3
20240718131817.jpg,DIOPSIS-389,0.0,0.0,0.0,0,0,0
20240903230957.jpg,DIOPSIS-383,0.5,0.3333333333333333,0.4,1,1,2
20240903221207.jpg,DIOPSIS-387,0.5,0.3333333333333333,0.4,1,1,2
20240907111259.jpg,DIOPSIS-389,0.0,0.0,0.0,0,0,0
20240829121904.jpg,DIOPSIS-383,0.0,0.0,0.0,0,0,0
20240828000327.jpg,DIOPSIS-387,0.0,0.0,0.0,0,1,1
20240819222542.jpg,DIOPSIS-389,0.0,0.0,0.0,0,8,10
20240827213309.jpg,DIOPSIS-421,0.0,0.0,0.0,0,0,4
20240823180336.jpg,DIOPSIS-387,0.0,0.0,0.0,0,0,0
20240711091321.jpg,DIOPSIS-387,0.0,0.0,0.0,0,0,0
20240906225307.jpg,DIOPSIS-389,0.0,0.0,0.0,0,0,0
20240716053151.jpg,DIOPSIS-385,0.0,0.0,0.0,0,0,1
20240824090913.jpg,DIOPSIS-384,0.0,0.0,0.0,0,1,1
20240903223053.jpg,DIOPSIS-385,0.0,0.0,0.0,0,1,1
20240806174816.jpg,DIOPSIS-388,0.0,0.0,0.0,0,1,1
20240827181939.jpg,DIOPSIS-391,0.0,0.0,0.0,0,0,0
20240724164818.jpg,DIOPSIS-391,0.0,0.0,0.0,0,0,1
20240906220716.jpg,DIOPSIS-391,0.0,0.0,0.0,0,0,0
20240903180907.jpg,DIOPSIS-388,0.0,0.0,0.0,0,0,0
20240828162922.jpg,DIOPSIS-388,1.0,0.5,0.6666666666666666,1,0,1
20240820221233.jpg,DIOPSIS-391,0.0,0.0,0.0,0,0,8
20240716124428.jpg,DIOPSIS-385,0.0,0.0,0.0,0,1,1
20240728082641.jpg,DIOPSIS-384,0.0,0.0,0.0,0,0,1
20240815222131.jpg,DIOPSIS-385,0.0,0.0,0.0,0,0,3
20240808125910.jpg,DIOPSIS-388,0.0,0.0,0.0,0,2,2
20240813154620.jpg,DIOPSIS-388,0.0,0.0,0.0,0,0,0
20240715140627.jpg,DIOPSIS-387,0.0,0.0,0.0,0,1,1
20240826162758.jpg,DIOPSIS-384,0.0,0.0,0.0,0,0,0
20240906184413.jpg,DIOPSIS-384,0.0,0.0,0.0,0,0,0
20240807142441.jpg,DIOPSIS-388,0.0,0.0,0.0,0,1,1
20240807093423.jpg,DIOPSIS-388,0.0,0.0,0.0,0,1,1
20240828152806.jpg,DIOPSIS-388,0.0,0.0,0.0,0,0,2
20240717114756.jpg,DIOPSIS-389,1.0,1.0,1.0,1,0,0
20240904135608.jpg,DIOPSIS-388,0.5,0.5,0.5,1,1,1
20240802140945.jpg,DIOPSIS-387,0.0,0.0,0.0,0,0,0
20240908170341.jpg,DIOPSIS-385,0.0,0.0,0.0,0,0,0
20240902121057.jpg,DIOPSIS-385,0.0,0.0,0.0,0,1,0
20240826214545.jpg,DIOPSIS-387,0.0,0.0,0.0,0,1,2
20240904140908.jpg,DIOPSIS-421,0.0,0.0,0.0,0,1,2
20240729110213.jpg,DIOPSIS-387,0.0,0.0,0.0,0,2,2
20240902172102.jpg,DIOPSIS-383,0.0,0.0,0.0,0,0,0
20240805090239.jpg,DIOPSIS-388,0.0,0.0,0.0,0,1,1
20240721114024.jpg,DIOPSIS-385,0.0,0.0,0.0,0,2,2
20240810180454.jpg,DIOPSIS-388,0.0,0.0,0.0,0,0,0
20240710202747.jpg,DIOPSIS-387,0.0,0.0,0.0,0,0,1
20240711104925.jpg,DIOPSIS-385,0.0,0.0,0.0,0,0,0
20240730070950.jpg,DIOPSIS-391,0.0,0.0,0.0,0,0,1
20240720115447.jpg,DIOPSIS-421,0.0,0.0,0.0,0,1,1
20240731083350.jpg,DIOPSIS-384,0.0,0.0,0.0,0,1,1
20240806232430.jpg,DIOPSIS-389,0.0,0.0,0.0,0,1,8
20240819145103.jpg,DIOPSIS-384,0.0,0.0,0.0,0,0,0
20240826195457.jpg,DIOPSIS-388,0.0,0.0,0.0,0,0,1
20240827145415.jpg,DIOPSIS-391,0.0,0.0,0.0,0,0,0
20240830233625.jpg,DIOPSIS-388,0.3333333333333333,0.3333333333333333,0.3333333333333333,1,2,2
20240817145853.jpg,DIOPSIS-384,0.0,0.0,0.0,0,0,1
20240815231854.jpg,DIOPSIS-389,0.0,0.0,0.0,0,2,2
20240731145000.jpg,DIOPSIS-391,0.0,0.0,0.0,0,1,1
20240813195247.jpg,DIOPSIS-391,0.0,0.0,0.0,0,0,4
20240726205528.jpg,DIOPSIS-391,0.0,0.0,0.0,0,1,1
20240820192722.jpg,DIOPSIS-389,0.0,0.0,0.0,0,1,1
20240813062651.jpg,DIOPSIS-387,0.0,0.0,0.0,0,0,0
20240722130748.jpg,DIOPSIS-389,0.0,0.0,0.0,0,0,1
20240815074426.jpg,DIOPSIS-389,1.0,0.5,0.6666666666666666,1,0,1
20240721092758.jpg,DIOPSIS-421,0.0,0.0,0.0,0,2,2
20240914160508.jpg,DIOPSIS-421,0.0,0.0,0.0,0,0,0
20240908214618.jpg,DIOPSIS-421,0.0,0.0,0.0,0,0,0
20240822214509.jpg,DIOPSIS-383,0.0,0.0,0.0,0,2,4
20240828084023.jpg,DIOPSIS-388,1.0,1.0,1.0,1,0,0
20240712185954.jpg,DIOPSIS-388,0.0,0.0,0.0,0,1,1
20240903083455.jpg,DIOPSIS-388,0.0,0.0,0.0,0,1,1
20240907181241.jpg,DIOPSIS-388,0.0,0.0,0.0,0,0,0
20240725174734.jpg,DIOPSIS-391,1.0,1.0,1.0,1,0,0
20240722112518.jpg,DIOPSIS-389,0.0,0.0,0.0,0,0,0
20240811234021.jpg,DIOPSIS-391,0.5,0.3333333333333333,0.4,1,1,2
20240824181803.jpg,DIOPSIS-385,0.0,0.0,0.0,0,1,1
20240712201112.jpg,DIOPSIS-388,0.0,0.0,0.0,0,0,0
20240811120926.jpg,DIOPSIS-389,0.0,0.0,0.0,0,0,0
20240830173929.jpg,DIOPSIS-385,0.0,0.0,0.0,0,0,0
20240720185018.jpg,DIOPSIS-387,0.0,0.0,0.0,0,1,1
20240818063339.jpg,DIOPSIS-391,0.0,0.0,0.0,0,0,0
20240722100838.jpg,DIOPSIS-421,0.0,0.0,0.0,0,0,0
20240726074702.jpg,DIOPSIS-389,0.0,0.0,0.0,0,1,3
20240710143223.jpg,DIOPSIS-387,0.0,0.0,0.0,0,0,0
20240831225405.jpg,DIOPSIS-421,0.0,0.0,0.0,0,3,7
20240806230528.jpg,DIOPSIS-391,1.0,0.5714285714285714,0.7272727272727273,4,0,3
20240825154053.jpg,DIOPSIS-391,0.0,0.0,0.0,0,0,1
20240817093146.jpg,DIOPSIS-387,0.0,0.0,0.0,0,1,0
20240811065754.jpg,DIOPSIS-389,0.0,0.0,0.0,0,0,0
20240809063133.jpg,DIOPSIS-383,0.0,0.0,0.0,0,0,1
20240808133659.jpg,DIOPSIS-388,0.0,0.0,0.0,0,0,1
20240908235854.jpg,DIOPSIS-387,0.0,0.0,0.0,0,1,1
20240727164424.jpg,DIOPSIS-385,0.0,0.0,0.0,0,0,0
20240826233037.jpg,DIOPSIS-388,0.25,0.2,0.22222222222222224,1,3,4
20240708205550.jpg,DIOPSIS-387,0.0,0.0,0.0,0,0,1
20240720155823.jpg,DIOPSIS-421,0.0,0.0,0.0,0,0,0
20240827212417.jpg,DIOPSIS-389,0.0,0.0,0.0,0,0,1
20240824202600.jpg,DIOPSIS-383,0.0,0.0,0.0,0,2,2
20240810235454.jpg,DIOPSIS-389,0.2,0.1111111111111111,0.14285714285714285,1,4,8
20240719130237.jpg,DIOPSIS-387,0.0,0.0,0.0,0,1,0
20240813075622.jpg,DIOPSIS-421,0.0,0.0,0.0,0,0,0
20240710155030.jpg,DIOPSIS-421,0.0,0.0,0.0,0,0,0
20240902133644.jpg,DIOPSIS-391,0.0,0.0,0.0,0,0,0
20240724170225.jpg,DIOPSIS-385,0.0,0.0,0.0,0,0,0
20240808090527.jpg,DIOPSIS-388,0.0,0.0,0.0,0,0,0
20240903155516.jpg,DIOPSIS-391,0.0,0.0,0.0,0,0,0
20240916142023.jpg,DIOPSIS-387,0.0,0.0,0.0,0,0,0
20240911115746.jpg,DIOPSIS-391,1.0,1.0,1.0,1,0,0
20240905140511.jpg,DIOPSIS-389,0.0,0.0,0.0,0,1,1
20240824134437.jpg,DIOPSIS-388,0.0,0.0,0.0,0,0,0
20240830075647.jpg,DIOPSIS-387,0.0,0.0,0.0,0,0,0
20240812063650.jpg,DIOPSIS-387,0.0,0.0,0.0,0,0,0
20240910161431.jpg,DIOPSIS-385,0.0,0.0,0.0,0,0,0
20240713083615.jpg,DIOPSIS-387,0.0,0.0,0.0,0,2,2
20240908211435.jpg,DIOPSIS-389,0.0,0.0,0.0,0,1,1
20240718074401.jpg,DIOPSIS-388,0.0,0.0,0.0,0,0,0
20240917193143.jpg,DIOPSIS-383,0.0,0.0,0.0,0,1,0
20240901223433.jpg,DIOPSIS-383,0.0,0.0,0.0,0,0,0
20240809084952.jpg,DIOPSIS-388,0.0,0.0,0.0,0,0,1
20240821220610.jpg,DIOPSIS-391,0.0,0.0,0.0,0,1,1
20240806232715.jpg,DIOPSIS-387,1.0,1.0,1.0,1,0,0
20240824211423.jpg,DIOPSIS-389,1.0,1.0,1.0,1,0,0
20240822142637.jpg,DIOPSIS-383,0.0,0.0,0.0,0,0,0
20240802131426.jpg,DIOPSIS-384,0.0,0.0,0.0,0,1,5
20240821225110.jpg,DIOPSIS-421,0.0,0.0,0.0,0,0,39
20240717165932.jpg,DIOPSIS-387,0.0,0.0,0.0,0,0,0
20240801103732.jpg,DIOPSIS-383,0.0,0.0,0.0,0,0,0
20240807174223.jpg,DIOPSIS-383,0.0,0.0,0.0,0,0,0
20240823115348.jpg,DIOPSIS-387,0.0,0.0,0.0,0,0,0
20240824192849.jpg,DIOPSIS-387,1.0,1.0,1.0,1,0,0
20240806191120.jpg,DIOPSIS-388,0.0,0.0,0.0,0,0,1
20240814233458.jpg,DIOPSIS-391,0.7142857142857143,0.7142857142857143,0.7142857142857143,5,2,2
20240814124936.jpg,DIOPSIS-388,0.0,0.0,0.0,0,0,0
20240808133239.jpg,DIOPSIS-383,0.0,0.0,0.0,0,0,1
20240807142230.jpg,DIOPSIS-385,0.0,0.0,0.0,0,0,0
20240804141028.jpg,DIOPSIS-389,0.0,0.0,0.0,0,0,0
20240909100713.jpg,DIOPSIS-389,0.0,0.0,0.0,0,1,1
20240814112022.jpg,DIOPSIS-383,0.0,0.0,0.0,0,0,0
20240709130606.jpg,DIOPSIS-388,0.0,0.0,0.0,0,0,0
20240827200808.jpg,DIOPSIS-384,0.0,0.0,0.0,0,0,0
20240727120234.jpg,DIOPSIS-383,0.0,0.0,0.0,0,0,0
20240724115729.jpg,DIOPSIS-385,0.0,0.0,0.0,0,0,0
20240810110807.jpg,DIOPSIS-389,0.0,0.0,0.0,0,0,0
20240729082000.jpg,DIOPSIS-388,0.0,0.0,0.0,0,0,2
20240831154829.jpg,DIOPSIS-385,0.0,0.0,0.0,0,1,1
20240825152339.jpg,DIOPSIS-387,0.0,0.0,0.0,0,1,1
20240728151756.jpg,DIOPSIS-391,0.0,0.0,0.0,0,1,1
20240816232706.jpg,DIOPSIS-391,1.0,0.5,0.6666666666666666,1,0,1
20240810140225.jpg,DIOPSIS-391,0.0,0.0,0.0,0,0,0
20240923121253.jpg,DIOPSIS-389,0.0,0.0,0.0,0,0,0
20240808155115.jpg,DIOPSIS-384,0.0,0.0,0.0,0,0,0
20240711185906.jpg,DIOPSIS-385,0.0,0.0,0.0,0,3,3
20240808103944.jpg,DIOPSIS-384,0.0,0.0,0.0,0,0,0
20240724153625.jpg,DIOPSIS-389,0.0,0.0,0.0,0,0,0
20240815220444.jpg,DIOPSIS-389,0.0,0.0,0.0,0,0,1
20240717093014.jpg,DIOPSIS-385,0.0,0.0,0.0,0,1,0
20240710124621.jpg,DIOPSIS-387,1.0,1.0,1.0,2,0,0
20240825234533.jpg,DIOPSIS-421,0.0,0.0,0.0,0,1,17
20240724172202.jpg,DIOPSIS-388,1.0,1.0,1.0,1,0,0
20240720073405.jpg,DIOPSIS-389,0.0,0.0,0.0,0,0,0
20240830222449.jpg,DIOPSIS-389,0.0,0.0,0.0,0,7,13
20240812140838.jpg,DIOPSIS-389,0.0,0.0,0.0,0,0,0
20240907081732.jpg,DIOPSIS-387,0.0,0.0,0.0,0,0,0
20240902140946.jpg,DIOPSIS-385,0.0,0.0,0.0,0,1,0
20240812200042.jpg,DIOPSIS-383,0.0,0.0,0.0,0,0,0
20240810073412.jpg,DIOPSIS-384,0.0,0.0,0.0,0,0,0
20240725145939.jpg,DIOPSIS-388,0.0,0.0,0.0,0,1,1
20240824222011.jpg,DIOPSIS-391,0.0,0.0,0.0,0,1,1
20240808233455.jpg,DIOPSIS-389,0.0,0.0,0.0,0,1,1
20240906130742.jpg,DIOPSIS-388,0.0,0.0,0.0,0,1,1
20240805105651.jpg,DIOPSIS-388,0.0,0.0,0.0,0,0,0
20240919153656.jpg,DIOPSIS-387,0.0,0.0,0.0,0,1,1
20240810073201.jpg,DIOPSIS-384,0.0,0.0,0.0,0,0,1
20240811224049.jpg,DIOPSIS-391,0.0,0.0,0.0,0,1,2
20240815153432.jpg,DIOPSIS-388,0.0,0.0,0.0,0,0,0
20240731100925.jpg,DIOPSIS-387,0.0,0.0,0.0,0,0,0
20240803082613.jpg,DIOPSIS-391,0.0,0.0,0.0,0,0,0
20240806222940.jpg,DIOPSIS-389,0.0,0.0,0.0,0,3,3
20240824095534.jpg,DIOPSIS-389,0.0,0.0,0.0,0,0,1
20240709194327.jpg,DIOPSIS-387,0.0,0.0,0.0,0,0,0
20240823164429.jpg,DIOPSIS-384,0.0,0.0,0.0,0,0,0
20240719153748.jpg,DIOPSIS-383,0.0,0.0,0.0,0,0,0
20240810094433.jpg,DIOPSIS-384,0.0,0.0,0.0,0,0,2
20240820180142.jpg,DIOPSIS-391,0.0,0.0,0.0,0,1,1
20240829213815.jpg,DIOPSIS-383,1.0,0.5,0.6666666666666666,2,0,2
20240803165403.jpg,DIOPSIS-387,0.0,0.0,0.0,0,0,0
20240827231542.jpg,DIOPSIS-391,0.0,0.0,0.0,0,0,1
20240710083518.jpg,DIOPSIS-387,1.0,1.0,1.0,1,0,0
20240903170831.jpg,DIOPSIS-384,0.0,0.0,0.0,0,1,2
20240913140014.jpg,DIOPSIS-421,0.0,0.0,0.0,0,0,0
20240825232409.jpg,DIOPSIS-421,0.0,0.0,0.0,0,1,32
20240817223158.jpg,DIOPSIS-384,0.0,0.0,0.0,0,2,4
20240917192712.jpg,DIOPSIS-389,0.0,0.0,0.0,0,0,0
20240725100227.jpg,DIOPSIS-421,1.0,0.3333333333333333,0.5,1,0,2
20240902183806.jpg,DIOPSIS-385,0.0,0.0,0.0,0,0,1
20240824000637.jpg,DIOPSIS-385,0.5,0.3333333333333333,0.4,1,1,2
20240822154748.jpg,DIOPSIS-385,0.0,0.0,0.0,0,0,0
20240721110213.jpg,DIOPSIS-389,0.0,0.0,0.0,0,0,0
20240807212602.jpg,DIOPSIS-389,0.0,0.0,0.0,0,2,2
20240829233830.jpg,DIOPSIS-421,0.0,0.0,0.0,0,0,8
20240806070325.jpg,DIOPSIS-391,0.0,0.0,0.0,0,1,1
20240823153244.jpg,DIOPSIS-391,0.0,0.0,0.0,0,1,1
20240920081659.jpg,DIOPSIS-387,0.0,0.0,0.0,0,0,0
20240911214840.jpg,DIOPSIS-389,0.0,0.0,0.0,0,4,7
20240716093759.jpg,DIOPSIS-387,0.0,0.0,0.0,0,1,1
20240901102859.jpg,DIOPSIS-387,0.0,0.0,0.0,0,0,1
20240816183227.jpg,DIOPSIS-389,0.0,0.0,0.0,0,0,0
20240813095448.jpg,DIOPSIS-385,0.0,0.0,0.0,0,1,1
20240718091847.jpg,DIOPSIS-385,0.0,0.0,0.0,0,1,1
20240919142246.jpg,DIOPSIS-387,0.0,0.0,0.0,0,1,1
20240814073941.jpg,DIOPSIS-384,0.0,0.0,0.0,0,0,1
20240910223531.jpg,DIOPSIS-383,0.0,0.0,0.0,0,0,0
20240824193503.jpg,DIOPSIS-388,0.0,0.0,0.0,0,1,1
20240908122230.jpg,DIOPSIS-385,0.0,0.0,0.0,0,0,0
20240902141241.jpg,DIOPSIS-384,0.0,0.0,0.0,0,1,1
20240826144801.jpg,DIOPSIS-388,0.0,0.0,0.0,0,0,0
20240728114402.jpg,DIOPSIS-388,0.0,0.0,0.0,0,0,0
20240717114655.jpg,DIOPSIS-387,0.0,0.0,0.0,0,0,1
20240724081254.jpg,DIOPSIS-384,0.0,0.0,0.0,0,0,0
20240916121947.jpg,DIOPSIS-387,0.0,0.0,0.0,0,0,0
20240820215824.jpg,DIOPSIS-387,0.25,0.14285714285714285,0.18181818181818182,1,3,6
20240923140446.jpg,DIOPSIS-391,0.0,0.0,0.0,0,0,1
20240820223722.jpg,DIOPSIS-388,0.0,0.0,0.0,0,0,0
20240830215204.jpg,DIOPSIS-387,0.5,0.5,0.5,1,1,1
20240820225403.jpg,DIOPSIS-387,0.0,0.0,0.0,0,0,0
20240907232957.jpg,DIOPSIS-391,0.0,0.0,0.0,0,0,0
20240711131813.jpg,DIOPSIS-388,0.0,0.0,0.0,0,0,1
20240815100811.jpg,DIOPSIS-391,0.0,0.0,0.0,0,0,0
20240718191339.jpg,DIOPSIS-385,0.0,0.0,0.0,0,0,0
20240712135529.jpg,DIOPSIS-385,0.0,0.0,0.0,0,0,0
20240722182635.jpg,DIOPSIS-387,0.0,0.0,0.0,0,0,0
20240809181253.jpg,DIOPSIS-384,0.0,0.0,0.0,0,0,0
20240713131120.jpg,DIOPSIS-385,0.0,0.0,0.0,0,1,1
20240802134112.jpg,DIOPSIS-387,0.0,0.0,0.0,0,0,0
20240805165924.jpg,DIOPSIS-391,0.0,0.0,0.0,0,1,1
20240831065635.jpg,DIOPSIS-387,0.0,0.0,0.0,0,0,0
20240908172341.jpg,DIOPSIS-389,0.0,0.0,0.0,0,0,0
20240909215012.jpg,DIOPSIS-383,0.0,0.0,0.0,0,0,0
20240809163756.jpg,DIOPSIS-389,0.0,0.0,0.0,0,1,1
20240819220243.jpg,DIOPSIS-384,1.0,1.0,1.0,1,0,0
20240828185525.jpg,DIOPSIS-391,0.0,0.0,0.0,0,0,2
20240822130027.jpg,DIOPSIS-391,0.0,0.0,0.0,0,1,1
20240805230641.jpg,DIOPSIS-391,0.5,0.5,0.5,1,1,1
20240713081813.jpg,DIOPSIS-387,0.0,0.0,0.0,0,1,0
20240729174807.jpg,DIOPSIS-391,0.0,0.0,0.0,0,0,0
20240712185847.jpg,DIOPSIS-421,0.0,0.0,0.0,0,1,1
20240919095923.jpg,DIOPSIS-389,0.0,0.0,0.0,0,0,0
