"timestamp","PSUM","RH","RSWR","TA","TSG","VW"
"2024-07-23 00:00:00",0,0.95,0,12.73,15.37,0.2
"2024-07-23 01:00:00",0,0.953,0,11.84,14.78,0.3
"2024-07-23 02:00:00",0,0.961,0,11.09,14.53,0.8
"2024-07-23 03:00:00",0,0.897,0,11.6,14.75,2.2
"2024-07-23 04:00:00",0,0.887,0,11.52,14.75,1.8
"2024-07-23 05:00:00",0,0.924,1,11.61,14.73,0.7
"2024-07-23 06:00:00",0,0.949,17,11.24,14.49,0.9
"2024-07-23 07:00:00",0,0.901,27,12.63,14.77,0.2
"2024-07-23 08:00:00",0,0.839,104,14.28,15.1,0.2
"2024-07-23 09:00:00",0,0.763,86,14.96,15.57,0.9
"2024-07-23 10:00:00",0,0.877,90,14.06,15.67,3.8
"2024-07-23 11:00:00",0,0.755,182,16,16.15,2.8
"2024-07-23 12:00:00",0,0.68,222,16.81,16.44,3.1
"2024-07-23 13:00:00",0,0.625,294,18.29,17.64,4.9
"2024-07-23 14:00:00",0,0.572,283,19.17,18.05,4.7
"2024-07-23 15:00:00",0,0.541,173,19.12,17.91,3.9
"2024-07-23 16:00:00",0,0.497,74,18.99,17.5,3.9
"2024-07-23 17:00:00",0,0.479,113,18.97,17.08,5
"2024-07-23 18:00:00",0,0.515,60,18.53,16.85,4.5
"2024-07-23 19:00:00",0,0.722,30,16.91,16.59,3.8
"2024-07-23 20:00:00",0,0.787,6,16.16,16.34,4.3
"2024-07-23 21:00:00",0,0.837,0,15.3,16.1,4.3
"2024-07-23 22:00:00",0,0.866,0,14.53,15.92,1
"2024-07-23 23:00:00",0,0.877,0,14.44,15.81,1.2
"2024-07-24 00:00:00",0,0.909,0,13.72,15.53,0.5
"2024-07-24 01:00:00",0,0.918,0,13.85,15.4,1.5
"2024-07-24 02:00:00",2.4,0.934,0,13.56,15.47,1.5
"2024-07-24 03:00:00",0,0.954,0,12.91,15.44,1.3
"2024-07-24 04:00:00",0,0.953,0,12.75,15.41,1.2
"2024-07-24 05:00:00",0,0.963,0,12.51,15.34,0.7
"2024-07-24 06:00:00",0,0.965,8,12.24,15.29,2.6
"2024-07-24 07:00:00",0,0.918,22,12.48,15.27,1.7
"2024-07-24 08:00:00",0,0.951,37,12.27,15.33,4.1
"2024-07-24 09:00:00",0,0.91,48,12.56,15.34,4
"2024-07-24 10:00:00",0,0.86,178,14,15.54,3.1
"2024-07-24 11:00:00",0,0.741,277,15.43,16.65,3.6
"2024-07-24 12:00:00",0,0.662,303,15.83,17.19,4.9
"2024-07-24 13:00:00",0,0.662,258,16.05,17.7,5.5
"2024-07-24 14:00:00",0,0.647,289,16.47,17.97,5.6
"2024-07-24 15:00:00",0,0.609,159,16.78,17.55,4.5
"2024-07-24 16:00:00",0,0.598,199,17.44,17.45,4.3
"2024-07-24 17:00:00",0,0.587,173,17.4,17.44,4.1
"2024-07-24 18:00:00",0,0.646,79,16.52,17.11,3.6
"2024-07-24 19:00:00",0,0.685,20,15.63,16.71,3.3
"2024-07-24 20:00:00",0,0.839,5,13.66,16.24,4.5
"2024-07-24 21:00:00",0,0.861,0,12.98,15.87,4
"2024-07-24 22:00:00",0,0.897,0,11.48,15.46,1.1
"2024-07-24 23:00:00",0,0.892,0,10.97,14.92,0.6
"2024-07-25 00:00:00",0,0.898,0,9.92000000000002,14.48,0.7
"2024-07-25 01:00:00",0,0.889,0,9.58000000000004,14.23,1.1
"2024-07-25 02:00:00",0,0.927,0,8.61000000000001,14.01,1
"2024-07-25 03:00:00",0,0.92,0,8.46000000000004,13.65,0.8
"2024-07-25 04:00:00",0,0.927,0,8.09000000000003,13.53,0.6
"2024-07-25 05:00:00",0,0.938,0,7.95000000000005,13.3,0.6
"2024-07-25 06:00:00",0,0.919,15,8.21000000000004,13.33,0.6
"2024-07-25 07:00:00",0,0.896,22,9.06,13.33,0.6
"2024-07-25 08:00:00",0,0.743,154,12.78,13.82,0.5
"2024-07-25 09:00:00",0,0.62,204,14.84,14.72,0.9
"2024-07-25 10:00:00",0,0.598,241,16.21,15.47,4.1
"2024-07-25 11:00:00",0,0.54,270,17.58,16.21,4.1
"2024-07-25 12:00:00",0,0.475,290,18.69,16.99,4
"2024-07-25 13:00:00",0,0.363,285,19.68,17.71,3.8
"2024-07-25 14:00:00",0,0.372,274,19.92,18.06,4.8
"2024-07-25 15:00:00",0,0.394,253,20.3,17.68,4.3
"2024-07-25 16:00:00",0,0.372,217,20.45,17.76,4.4
"2024-07-25 17:00:00",0,0.45,154,20.13,17.5,3.5
"2024-07-25 18:00:00",0,0.566,60,18.35,17.05,4.8
"2024-07-25 19:00:00",0,0.71,18,17.08,16.52,4.8
"2024-07-25 20:00:00",0,0.794,5,16.25,16.19,5.1
"2024-07-25 21:00:00",0,0.813,0,15.17,15.9,1.6
"2024-07-25 22:00:00",0,0.779,0,13.43,15.45,1.5
"2024-07-25 23:00:00",0,0.829,0,12.32,15.02,0.9
"2024-07-26 00:00:00",0,0.842,0,11.49,14.68,1
"2024-07-26 01:00:00",0,0.855,0,11.1,14.28,0.9
"2024-07-26 02:00:00",0,0.863,0,10.55,14.09,0.9
"2024-07-26 03:00:00",0,0.868,0,10.3,13.82,0.6
"2024-07-26 04:00:00",0,0.881,0,9.88,13.56,0.8
"2024-07-26 05:00:00",0,0.893,1,9.65000000000003,13.4,0.8
"2024-07-26 06:00:00",0,0.893,12,9.98000000000002,13.35,0.5
"2024-07-26 07:00:00",0,0.873,27,11.17,13.55,0.7
"2024-07-26 08:00:00",0,0.77,139,15.29,14.23,0.4
"2024-07-26 09:00:00",0,0.617,211,18.45,15.25,0.8
"2024-07-26 10:00:00",0,0.443,257,22.28,16.39,1.2
"2024-07-26 11:00:00",0,0.525,279,21.39,17.21,2.5
"2024-07-26 12:00:00",0,0.548,276,21.13,17.64,4.4
"2024-07-26 13:00:00",0,0.533,314,21.78,18.22,4.1
"2024-07-26 14:00:00",0,0.534,287,22.42,18.81,3.5
"2024-07-26 15:00:00",0,0.522,241,22.46,18.8,4.6
"2024-07-26 16:00:00",0,0.542,227,22.3,18.94,4.4
"2024-07-26 17:00:00",0,0.626,131,21.01,18.61,4.4
"2024-07-26 18:00:00",0,0.626,95,21.02,18.26,4
"2024-07-26 19:00:00",0,0.732,12,18.97,17.57,4.6
"2024-07-26 20:00:00",0,0.79,3,17.98,17.13,4.3
"2024-07-26 21:00:00",0,0.842,0,17.28,16.88,3.3
"2024-07-26 22:00:00",0,0.874,0,16.61,16.67,1.3
"2024-07-26 23:00:00",0,0.866,0,15.27,16.28,1.2
"2024-07-27 00:00:00",0,0.901,0,14.45,15.76,0.9
"2024-07-27 01:00:00",0,0.925,0,13.77,15.45,0.8
"2024-07-27 02:00:00",0,0.932,0,13.11,15.2,1.2
"2024-07-27 03:00:00",0,0.936,0,12.85,14.76,0.4
"2024-07-27 04:00:00",0,0.939,0,12.22,14.5,0.5
"2024-07-27 05:00:00",0,0.952,1,11.85,14.3,0.8
"2024-07-27 06:00:00",0,0.925,12,12.09,14.35,0.9
"2024-07-27 07:00:00",0,0.875,28,13.35,14.61,0.6
"2024-07-27 08:00:00",0,0.767,132,16.5,15.21,0.3
"2024-07-27 09:00:00",0,0.57,221,20.7,16.25,0.9
"2024-07-27 10:00:00",0,0.521,245,22.52,16.95,1
"2024-07-27 11:00:00",0,0.421,314,24.26,18.2,1.6
"2024-07-27 12:00:00",0,0.513,260,22.51,18.99,3.8
"2024-07-27 13:00:00",0,0.562,137,21.87,18.5,2.9
"2024-07-27 14:00:00",0,0.445,229,24.36,18.72,0.8
"2024-07-27 15:00:00",0,0.375,256,25.68,19.38,1.4
"2024-07-27 16:00:00",0,0.385,65,25.16,19.28,0.7
"2024-07-27 17:00:00",0,0.341,130,25.59,19.05,1.4
"2024-07-27 18:00:00",0,0.41,23,24.2,18.46,1.3
"2024-07-27 19:00:00",0,0.649,35,21.16,18.14,3.8
"2024-07-27 20:00:00",0,0.729,2,19.49,17.72,2.8
"2024-07-27 21:00:00",0,0.742,0,18.11,17.19,1
"2024-07-27 22:00:00",0,0.82,0,16.92,16.89,1.1
"2024-07-27 23:00:00",0,0.798,0,16.26,16.57,1.3
"2024-07-28 00:00:00",0,0.872,0,14.87,16.05,0.2
"2024-07-28 01:00:00",0,0.863,0,13.9,15.54,0.7
"2024-07-28 02:00:00",0,0.863,0,13.62,15.29,0.3
"2024-07-28 03:00:00",0,0.89,0,13.2,15,0.7
"2024-07-28 04:00:00",0,0.892,0,13.45,15.05,0.3
"2024-07-28 05:00:00",0,0.86,0,13.91,15.1,0.5
"2024-07-28 06:00:00",0,0.872,12,13.7,15.03,0.5
"2024-07-28 07:00:00",0,0.844,31,15.01,15.27,0.9
"2024-07-28 08:00:00",0,0.851,60,16,15.63,4.9
"2024-07-28 09:00:00",0,0.827,183,17.32,16.33,4.2
"2024-07-28 10:00:00",0,0.788,178,18.27,17.06,4.3
"2024-07-28 11:00:00",0,0.76,282,19.35,18.01,4.9
"2024-07-28 12:00:00",0,0.831,237,18.45,18.34,6
"2024-07-28 13:00:00",0,0.851,112,17.6,18.34,6.1
"2024-07-28 14:00:00",0,0.817,274,18.26,18.61,6.1
"2024-07-28 15:00:00",0,0.75,215,19.4,18.83,5.5
"2024-07-28 16:00:00",0,0.8,203,18.39,18.74,6.5
"2024-07-28 17:00:00",0,0.774,167,18.76,18.6,5.9
"2024-07-28 18:00:00",0,0.809,82,17.91,18.22,5.1
"2024-07-28 19:00:00",0,0.831,9,17.07,17.54,4.3
"2024-07-28 20:00:00",0,0.932,2,15.57,17.14,4.8
"2024-07-28 21:00:00",0,0.988,0,14.49,16.82,2.8
"2024-07-28 22:00:00",0,0.985,0,13.88,16.46,0.3
"2024-07-28 23:00:00",0,0.937,0,13.22,16.02,0.8
"2024-07-29 00:00:00",0,0.941,0,12.56,15.67,0.9
"2024-07-29 01:00:00",0,0.946,0,12.09,15.34,0.7
"2024-07-29 02:00:00",0,0.95,0,11.62,14.99,0.7
"2024-07-29 03:00:00",0,0.949,0,11.06,14.74,0.7
"2024-07-29 04:00:00",0,0.961,0,10.82,14.49,0.8
"2024-07-29 05:00:00",0,0.963,1,10.51,14.23,0.7
"2024-07-29 06:00:00",0,0.959,5,10.53,14.13,0.5
"2024-07-29 07:00:00",0,0.96,8,10.88,13.89,0.3
"2024-07-29 08:00:00",0,0.831,156,14.6,14.62,0.6
"2024-07-29 09:00:00",0,0.718,202,18.49,15.81,0.8
"2024-07-29 10:00:00",0,0.631,238,20.07,16.86,3.9
"2024-07-29 11:00:00",0,0.464,193,21.27,17.46,3.7
"2024-07-29 12:00:00",0,0.468,220,21.77,18.06,3.7
"2024-07-29 13:00:00",0,0.461,160,22.03,18.12,3.2
"2024-07-29 14:00:00",0,0.458,181,22.06,17.97,3.8
"2024-07-29 15:00:00",0,0.435,181,22.48,18.2,3.2
"2024-07-29 16:00:00",0,0.448,133,22.44,18.09,3.3
"2024-07-29 17:00:00",0,0.449,171,22.45,18.21,3.5
"2024-07-29 18:00:00",0,0.487,81,21.62,17.92,3.5
"2024-07-29 19:00:00",0,0.616,6,19.33,17.19,1.8
"2024-07-29 20:00:00",0,0.737,3,18.51,16.55,1.1
"2024-07-29 21:00:00",0,0.737,0,16.45,16.12,0.9
"2024-07-29 22:00:00",0,0.775,0,15.36,15.68,0.9
"2024-07-29 23:00:00",0,0.809,0,14.33,15.24,0.8
"2024-07-30 00:00:00",0,0.833,0,13.39,14.87,0.8
"2024-07-30 01:00:00",0,0.851,0,12.5,14.53,0.7
"2024-07-30 02:00:00",0,0.858,0,11.94,14.17,0.8
"2024-07-30 03:00:00",0,0.848,0,11.58,13.94,0.8
"2024-07-30 04:00:00",0,0.863,0,11.32,13.62,0.8
"2024-07-30 05:00:00",0,0.866,1,10.86,13.38,0.9
"2024-07-30 06:00:00",0,0.881,6,10.51,13.26,0.5
"2024-07-30 07:00:00",0,0.85,11,11.16,13.4,0.5
"2024-07-30 08:00:00",0,0.715,156,15.12,14.09,0.6
"2024-07-30 09:00:00",0,0.572,202,18.34,15.29,0.9
"2024-07-30 10:00:00",0,0.433,238,22.35,16.45,1.2
"2024-07-30 11:00:00",0,0.339,266,23.93,17.54,2.2
"2024-07-30 12:00:00",0,0.314,286,24.66,18.52,2.1
"2024-07-30 13:00:00",0,0.3,275,25.17,19.29,2.5
"2024-07-30 14:00:00",0,0.307,175,25.22,19.41,1.6
"2024-07-30 15:00:00",0,0.308,257,25.68,19.12,2.4
"2024-07-30 16:00:00",0,0.312,207,25.42,19.31,3.3
"2024-07-30 17:00:00",0,0.305,162,25.47,18.97,2
"2024-07-30 18:00:00",0,0.398,79,23.69,18.46,3.1
"2024-07-30 19:00:00",0,0.479,12,21.39,17.68,1.6
"2024-07-30 20:00:00",0,0.519,3,19.81,16.89,0.2
"2024-07-30 21:00:00",0,0.59,0,17.75,16.15,0.2
"2024-07-30 22:00:00",0,0.605,0,16.37,15.68,1.1
"2024-07-30 23:00:00",0,0.677,0,14.95,15.22,0.5
"2024-07-31 00:00:00",0,0.691,0,14.37,14.88,1
"2024-07-31 01:00:00",0,0.703,0,13.87,14.54,1
"2024-07-31 02:00:00",0,0.719,0,13.35,14.26,0.8
"2024-07-31 03:00:00",0,0.742,0,12.99,14.03,0.9
"2024-07-31 04:00:00",0,0.76,0,12.42,13.83,0.8
"2024-07-31 05:00:00",0,0.764,1,12.45,13.74,0.9
"2024-07-31 06:00:00",0,0.765,11,12.33,13.55,0.8
"2024-07-31 07:00:00",0,0.765,22,13.27,13.81,0.8
"2024-07-31 08:00:00",0,0.633,147,17.8,14.58,0.6
"2024-07-31 09:00:00",0,0.468,198,21.8,15.65,0.6
"2024-07-31 10:00:00",0,0.502,236,22.86,16.82,1.4
"2024-07-31 11:00:00",0,0.316,280,25.48,17.95,1.5
"2024-07-31 12:00:00",0,0.32,334,25.59,18.99,3.8
"2024-07-31 13:00:00",0,0.279,302,26.18,19.33,3.5
"2024-07-31 14:00:00",0,0.294,148,25.46,19.33,2.4
"2024-07-31 15:00:00",0,0.277,283,26.38,19.28,2
"2024-07-31 16:00:00",0,0.404,69,24.24,19.02,3.4
"2024-07-31 17:00:00",0,0.545,37,20.04,18.24,0.6
"2024-07-31 18:00:00",0,0.47,15,19.63,17.4,1.1
"2024-07-31 19:00:00",0,0.67,11,17.24,16.94,3.5
"2024-07-31 20:00:00",0,0.72,1,16.32,16.6,0.9
"2024-07-31 21:00:00",1.2,0.91,0,14.56,16.35,0.7
"2024-07-31 22:00:00",0,0.92,0,13.72,16.01,1.2
"2024-07-31 23:00:00",0,0.941,0,12.7,15.45,0.8
"2024-08-01 00:00:00",0,0.939,0,12.04,15.04,0.9
"2024-08-01 01:00:00",0,0.911,0,12.19,15.05,0.7
"2024-08-01 02:00:00",0,0.906,0,12.53,15.05,0.5
"2024-08-01 03:00:00",0,0.885,0,12.8,15.04,0.7
"2024-08-01 04:00:00",0,0.871,0,12.63,14.86,0.8
"2024-08-01 05:00:00",0,0.844,0,13.11,14.93,0.5
"2024-08-01 06:00:00",0,0.868,3,13.14,14.95,0.4
"2024-08-01 07:00:00",0,0.845,13,13.37,14.84,0.9
"2024-08-01 08:00:00",0,0.724,97,16.46,15.2,0.3
"2024-08-01 09:00:00",0,0.599,198,19.22,15.95,0.5
"2024-08-01 10:00:00",0,0.465,150,21.48,16.78,1.8
"2024-08-01 11:00:00",0,0.652,44,17.77,16.43,4.5
"2024-08-01 12:00:00",0,0.778,85,16.35,16.14,4.8
"2024-08-01 13:00:00",0,0.574,261,19.54,17.28,3.9
"2024-08-01 14:00:00",0,0.527,219,19.91,17.33,3.6
"2024-08-01 15:00:00",0,0.497,244,20.99,17.84,3.6
"2024-08-01 16:00:00",0,0.466,181,21.38,18.1,4.2
"2024-08-01 17:00:00",1.2,0.56,23,20.03,17.43,3.6
"2024-08-01 18:00:00",0,0.846,19,14.5,16.68,2
"2024-08-01 19:00:00",0,0.933,19,14.24,16.61,0.9
"2024-08-01 20:00:00",0,0.945,1,13.2,16.23,1.7
"2024-08-01 21:00:00",0,0.949,0,12.41,15.82,1.8
"2024-08-01 22:00:00",0,0.953,0,11.8,15.46,1.6
"2024-08-01 23:00:00",0,0.96,0,11.29,15.05,0.9
"2024-08-02 00:00:00",0,0.964,0,11.2,14.87,0.8
"2024-08-02 01:00:00",0,0.972,0,11.03,14.52,0.5
"2024-08-02 02:00:00",0,0.968,0,11.43,14.6,0.4
"2024-08-02 03:00:00",0,0.952,0,11.86,14.72,0.6
"2024-08-02 04:00:00",0,0.953,0,12,14.75,0.5
"2024-08-02 05:00:00",4.8,0.968,0,12.3,14.73,1
"2024-08-02 06:00:00",0,0.991,6,12.17,14.71,0.3
"2024-08-02 07:00:00",0,0.982,31,12.67,14.74,0.3
"2024-08-02 08:00:00",0,0.959,18,13.47,15.04,0.1
"2024-08-02 09:00:00",0,0.887,64,15.04,15.49,0.1
"2024-08-02 10:00:00",0,0.748,109,16.6,15.99,1.8
"2024-08-02 11:00:00",0,0.855,64,15.5,16.02,1.1
"2024-08-02 12:00:00",0,0.887,74,14.88,16,1.4
"2024-08-02 13:00:00",0,0.712,79,17.03,16.64,0.1
"2024-08-02 14:00:00",1.2,0.714,117,17.2,16.72,0.8
"2024-08-02 15:00:00",1.2,0.821,50,15.95,16.72,0.6
"2024-08-02 16:00:00",0,0.835,49,16.77,16.94,1.7
"2024-08-02 17:00:00",0,0.547,148,18.86,16.96,2.1
"2024-08-02 18:00:00",0,0.647,60,17.61,16.78,2.3
"2024-08-02 19:00:00",0,0.749,16,16.42,16.35,1.8
"2024-08-02 20:00:00",0,0.839,1,14.17,15.85,1.5
"2024-08-02 21:00:00",0,0.875,0,13.71,15.56,0.3
"2024-08-02 22:00:00",2.4,0.913,0,13.12,15.38,0.9
"2024-08-02 23:00:00",0,0.941,0,12.28,15.24,1.8
"2024-08-03 00:00:00",2.4,0.93,0,12.17,15.04,2.2
"2024-08-03 01:00:00",0,0.974,0,11.52,14.88,0.4
"2024-08-03 02:00:00",0,0.973,0,11.11,14.82,0.9
"2024-08-03 03:00:00",0,0.957,0,10.95,14.69,1
"2024-08-03 04:00:00",0,0.98,0,10.51,14.52,1
"2024-08-03 05:00:00",0,0.989,0,10.14,14.31,0.6
"2024-08-03 06:00:00",0,0.989,12,10.6,14.25,0.3
"2024-08-03 07:00:00",0,0.956,43,11.72,14.49,0.1
"2024-08-03 08:00:00",0,0.883,41,13.29,14.86,0.2
"2024-08-03 09:00:00",0,0.848,49,13.88,14.99,3.2
"2024-08-03 10:00:00",0,0.811,186,15.62,15.38,0.3
"2024-08-03 11:00:00",0,0.831,262,15.18,15.73,4.1
"2024-08-03 12:00:00",0,0.718,123,15.93,15.96,3.7
"2024-08-03 13:00:00",0,0.715,120,15.92,15.96,4.1
"2024-08-03 14:00:00",0,0.602,125,16.43,16.01,2.5
"2024-08-03 15:00:00",0,0.59,98,17.22,16.18,1.9
"2024-08-03 16:00:00",0,0.545,133,18,16.4,3.3
"2024-08-03 17:00:00",0,0.552,99,17.79,16.06,3.8
"2024-08-03 18:00:00",0,0.561,36,17.48,15.91,3.1
"2024-08-03 19:00:00",0,0.712,12,15.94,15.61,2.8
"2024-08-03 20:00:00",0,0.807,2,14.95,15.36,2.5
"2024-08-03 21:00:00",0,0.864,0,12.34,15.02,0.8
"2024-08-03 22:00:00",0,0.849,0,12.49,14.65,1.2
"2024-08-03 23:00:00",0,0.886,0,11.64,14.43,0.9
"2024-08-04 00:00:00",0,0.888,0,11.45,14.23,0.8
"2024-08-04 01:00:00",0,0.923,0,10.7,14.09,0.5
"2024-08-04 02:00:00",0,0.929,0,10.36,13.84,0.7
"2024-08-04 03:00:00",0,0.933,0,10.17,13.74,0.8
"2024-08-04 04:00:00",0,0.915,0,10.54,13.78,0.6
"2024-08-04 05:00:00",0,0.911,0,10.84,13.91,0.6
"2024-08-04 06:00:00",0,0.888,5,11.17,13.96,0.9
"2024-08-04 07:00:00",0,0.892,30,11.58,14.05,0.3
"2024-08-04 08:00:00",0,0.877,38,12.7,14.35,1.9
"2024-08-04 09:00:00",0,0.866,146,13.91,14.66,2.8
"2024-08-04 10:00:00",0,0.726,243,15.85,15.15,4.1
"2024-08-04 11:00:00",0,0.609,239,16.83,15.64,4.2
"2024-08-04 12:00:00",0,0.524,187,17.48,16.21,3.6
"2024-08-04 13:00:00",0,0.49,247,18.2,16.31,3.9
"2024-08-04 14:00:00",0,0.498,238,18.6,16.64,3.6
"2024-08-04 15:00:00",0,0.497,180,18.56,16.72,4
"2024-08-04 16:00:00",0,0.509,152,18.75,16.7,4.1
"2024-08-04 17:00:00",0,0.542,179,19.02,16.7,3.9
"2024-08-04 18:00:00",0,0.561,70,18.48,16.44,3.6
"2024-08-04 19:00:00",0,0.819,23,15.86,16.11,5.5
"2024-08-04 20:00:00",0,0.858,1,15.17,15.79,3.1
"2024-08-04 21:00:00",0,0.887,0,14.56,15.56,3.2
"2024-08-04 22:00:00",0,0.899,0,14.35,15.42,1.7
"2024-08-04 23:00:00",0,0.946,0,13.97,15.29,3.4
"2024-08-05 00:00:00",0,0.951,0,13.79,15.22,2.8
"2024-08-05 01:00:00",0,0.95,0,13.67,15.18,2.5
"2024-08-05 02:00:00",0,0.931,0,13.65,15.14,1.6
"2024-08-05 03:00:00",0,0.902,0,13.34,15.1,0.9
"2024-08-05 04:00:00",0,0.897,0,12.6,14.83,1.7
"2024-08-05 05:00:00",0,0.892,0,12.62,14.83,1.2
"2024-08-05 06:00:00",0,0.901,7,12.48,14.76,0.8
"2024-08-05 07:00:00",0,0.882,31,13.12,14.84,0.6
"2024-08-05 08:00:00",0,0.835,116,14.48,15.2,0.6
"2024-08-05 09:00:00",0,0.733,179,16.63,15.88,0.8
"2024-08-05 10:00:00",0,0.714,228,17.77,16.63,3
"2024-08-05 11:00:00",0,0.675,231,18.33,17.09,3.8
"2024-08-05 12:00:00",0,0.623,250,18.94,17.42,4.4
"2024-08-05 13:00:00",0,0.548,259,19.79,17.92,4.3
"2024-08-05 14:00:00",0,0.548,239,20.3,18.19,4
"2024-08-05 15:00:00",0,0.509,222,20.85,18.14,4.5
"2024-08-05 16:00:00",0,0.506,210,21.18,18.17,4.2
"2024-08-05 17:00:00",0,0.517,167,21.13,18.08,3.6
"2024-08-05 18:00:00",0,0.524,59,20.09,17.43,4.4
"2024-08-05 19:00:00",0,0.739,4,17.75,16.43,4.4
"2024-08-05 20:00:00",0,0.795,1,16.88,15.93,4
"2024-08-05 21:00:00",0,0.868,0,15.75,15.51,1.5
"2024-08-05 22:00:00",0,0.822,0,14.28,14.87,0.9
"2024-08-05 23:00:00",0,0.832,0,13.09,14.34,0.9
"2024-08-06 00:00:00",0,0.856,0,12.22,13.95,0.9
"2024-08-06 01:00:00",0,0.875,0,11.59,13.56,0.8
"2024-08-06 02:00:00",0,0.889,0,10.95,13.28,0.9
"2024-08-06 03:00:00",0,0.874,0,10.8,12.93,0.8
"2024-08-06 04:00:00",0,0.882,0,10.4,12.65,0.7
"2024-08-06 05:00:00",0,0.889,0,10.03,12.39,0.9
"2024-08-06 06:00:00",0,0.89,3,9.68000000000001,12.23,0.7
"2024-08-06 07:00:00",0,0.881,6,10.02,12.27,0.6
"2024-08-06 08:00:00",0,0.741,130,14.26,13.9,0.4
"2024-08-06 09:00:00",0,0.634,166,17.08,16.65,0.8
"2024-08-06 10:00:00",0,0.527,192,20.29,20.04,1.9
"2024-08-06 11:00:00",0,0.448,199,21.83,22.47,3.2
"2024-08-06 12:00:00",0,0.366,209,22.63,23.45,4
"2024-08-06 13:00:00",0,0.391,194,23.08,24.5,4.1
"2024-08-06 14:00:00",0,0.373,192,23.6,25,3.7
"2024-08-06 15:00:00",0,0.365,164,23.79,23.17,3.9
"2024-08-06 16:00:00",0,0.393,149,23.77,22.8,3.8
"2024-08-06 17:00:00",0,0.54,67,22.27,21.88,4.3
"2024-08-06 18:00:00",0,0.594,43,21.28,20.35,3.6
"2024-08-06 19:00:00",0,0.626,10,19.99,19.27,3.4
"2024-08-06 20:00:00",0,0.696,5,18.45,18.25,3.3
"2024-08-06 21:00:00",0,0.729,0,17.52,17.43,0.8
"2024-08-06 22:00:00",0,0.799,0,16.1,16.78,0.5
"2024-08-06 23:00:00",0,0.787,0,15.68,16.47,0.8
"2024-08-07 00:00:00",0,0.771,0,15.95,16.19,0.8
"2024-08-07 01:00:00",0,0.844,0,14.93,15.65,1.1
"2024-08-07 02:00:00",0,0.848,0,13.69,15.18,0.9
"2024-08-07 03:00:00",0,0.853,0,13.15,14.93,0.6
"2024-08-07 04:00:00",0,0.848,0,13.54,15.05,0.6
"2024-08-07 05:00:00",0,0.858,0,13.11,14.64,0.8
"2024-08-07 06:00:00",0,0.868,4,12.51,14.13,0.8
"2024-08-07 07:00:00",0,0.824,12,13.17,14.28,0.6
"2024-08-07 08:00:00",0,0.683,106,17.4,16.8,0.5
"2024-08-07 09:00:00",0,0.556,129,20.18,19.33,0.5
"2024-08-07 10:00:00",0,0.7,177,18.12,20.56,6.9
"2024-08-07 11:00:00",8.4,0.745,18,15.84,18.49,3.8
"2024-08-07 12:00:00",1.2,0.951,7,12.5,16.38,0.5
"2024-08-07 13:00:00",0,0.819,92,14.34,17.49,2
"2024-08-07 14:00:00",0,0.689,106,16.24,19.89,0.6
"2024-08-07 15:00:00",0,0.637,125,18.19,20.83,1.3
"2024-08-07 16:00:00",0,0.712,60,17.6,21.07,1.8
"2024-08-07 17:00:00",0,0.793,41,17.02,20.38,1.1
"2024-08-07 18:00:00",0,0.829,28,16.65,19.9,1.7
"2024-08-07 19:00:00",0,0.844,10,15.09,18.7,2.4
"2024-08-07 20:00:00",0,0.88,2,14.16,17.67,1.5
"2024-08-07 21:00:00",0,0.907,0,13.27,16.74,1.7
"2024-08-07 22:00:00",0,0.907,0,13.08,16.22,1.2
"2024-08-07 23:00:00",0,0.947,0,12.12,15.48,1.6
"2024-08-08 00:00:00",0,0.949,0,11.42,14.93,1.4
"2024-08-08 01:00:00",0,0.962,0,11.09,14.7,0.7
"2024-08-08 02:00:00",0,0.955,0,11.53,14.77,0.5
"2024-08-08 03:00:00",0,0.953,0,11.78,14.76,0.4
"2024-08-08 04:00:00",0,0.969,0,11.28,14.19,0.8
"2024-08-08 05:00:00",0,0.972,0,10.65,13.74,0.6
"2024-08-08 06:00:00",0,0.965,2,10.28,13.31,0.6
"2024-08-08 07:00:00",0,0.951,19,10.54,13.36,0.8
"2024-08-08 08:00:00",0,0.823,115,13.87,14.74,0.5
"2024-08-08 09:00:00",0,0.714,143,16.88,18.11,0.9
"2024-08-08 10:00:00",0,0.747,53,16.01,17.69,0.9
"2024-08-08 11:00:00",0,0.761,112,16.24,18.69,4.9
"2024-08-08 12:00:00",0,0.744,125,16.72,19.52,5.2
"2024-08-08 13:00:00",0,0.758,130,16.75,19.66,5.9
"2024-08-08 14:00:00",0,0.747,151,17.31,20.18,5
"2024-08-08 15:00:00",0,0.617,176,18.71,20.58,5.3
"2024-08-08 16:00:00",0,0.562,156,19.31,21.1,5.2
"2024-08-08 17:00:00",0,0.58,99,19.38,20.36,5
"2024-08-08 18:00:00",0,0.758,42,17.76,19.4,5.3
"2024-08-08 19:00:00",0,0.846,13,16.29,18.36,5.3
"2024-08-08 20:00:00",0,0.869,1,15.66,17.24,4.3
"2024-08-08 21:00:00",0,0.895,0,15.21,16.56,4.2
"2024-08-08 22:00:00",0,0.912,0,14.34,16,0.7
"2024-08-08 23:00:00",0,0.9,0,13.14,15.3,1.3
"2024-08-09 00:00:00",0,0.927,0,11.89,14.76,0.8
"2024-08-09 01:00:00",0,0.925,0,11.28,14.26,0.7
"2024-08-09 02:00:00",0,0.942,0,10.75,13.83,0.8
"2024-08-09 03:00:00",0,0.945,0,10.16,13.4,0.8
"2024-08-09 04:00:00",0,0.956,0,10,13.08,0.8
"2024-08-09 05:00:00",0,0.957,0,9.59000000000003,12.74,0.8
"2024-08-09 06:00:00",0,0.951,3,9.35000000000002,12.49,0.8
"2024-08-09 07:00:00",0,0.939,6,9.68000000000001,12.51,0.4
"2024-08-09 08:00:00",0,0.83,111,13.45,14.27,0.6
"2024-08-09 09:00:00",0,0.757,144,15.8,17.28,1
"2024-08-09 10:00:00",0,0.617,166,18.79,19.73,3.7
"2024-08-09 11:00:00",0,0.44,187,20.12,21.1,4.1
"2024-08-09 12:00:00",0,0.447,216,20.87,22.58,4.2
"2024-08-09 13:00:00",0,0.477,214,21.48,23.99,4.2
"2024-08-09 14:00:00",0,0.454,148,21.81,23.96,3.4
"2024-08-09 15:00:00",0,0.467,108,21.61,22.43,4.1
"2024-08-09 16:00:00",0,0.474,99,21.83,22.22,4.4
"2024-08-09 17:00:00",0,0.481,98,21.72,21.27,4.4
"2024-08-09 18:00:00",0,0.508,41,21.17,20.14,4.6
"2024-08-09 19:00:00",0,0.565,7,20.51,19.13,2.5
"2024-08-09 20:00:00",0,0.746,1,18.18,18.14,2.8
"2024-08-09 21:00:00",0,0.802,0,17.11,17.43,1.2
"2024-08-09 22:00:00",0,0.809,0,15.28,16.9,1.4
"2024-08-09 23:00:00",0,0.788,0,15.24,16.82,1.2
"2024-08-10 00:00:00",0,0.845,0,14.25,16.25,0.8
"2024-08-10 01:00:00",0,0.87,0,13.39,15.57,0.9
"2024-08-10 02:00:00",0,0.892,0,12.45,15.01,1
"2024-08-10 03:00:00",0,0.904,0,11.85,14.56,1
"2024-08-10 04:00:00",0,0.918,0,11.54,14.2,0.8
"2024-08-10 05:00:00",0,0.915,0,11.06,13.84,0.7
"2024-08-10 06:00:00",0,0.929,3,10.81,13.6,0.7
"2024-08-10 07:00:00",0,0.927,5,11.18,13.59,0.5
"2024-08-10 08:00:00",0,0.786,118,15.17,15.29,0.4
"2024-08-10 09:00:00",0,0.721,149,17.23,18.3,1.2
"2024-08-10 10:00:00",0,0.612,170,20.24,20.8,3.4
"2024-08-10 11:00:00",0,0.588,189,21.28,22.14,4.3
"2024-08-10 12:00:00",0,0.504,212,22.61,23.55,4.2
"2024-08-10 13:00:00",0,0.425,200,23.86,24.8,4.1
"2024-08-10 14:00:00",0,0.429,194,24.09,25.28,4.5
"2024-08-10 15:00:00",0,0.401,178,24.59,23.78,3.8
"2024-08-10 16:00:00",0,0.43,154,24.78,24,3.9
"2024-08-10 17:00:00",0,0.445,120,24.43,23.23,4.1
"2024-08-10 18:00:00",0,0.59,44,21.94,21.68,4.7
"2024-08-10 19:00:00",0,0.677,3,20.58,20.14,4
"2024-08-10 20:00:00",0,0.766,1,19.21,19.27,2.1
"2024-08-10 21:00:00",0,0.794,0,17.02,18.34,0.4
"2024-08-10 22:00:00",0,0.77,0,15.76,17.57,1
"2024-08-10 23:00:00",0,0.792,0,14.99,17.01,1
"2024-08-11 00:00:00",0,0.833,0,14,16.47,0.5
"2024-08-11 01:00:00",0,0.862,0,13.22,15.87,0.4
"2024-08-11 02:00:00",0,0.867,0,12.91,15.49,0.7
"2024-08-11 03:00:00",0,0.887,0,12.67,15.14,0.7
"2024-08-11 04:00:00",0,0.877,0,12.46,14.82,0.8
"2024-08-11 05:00:00",0,0.896,0,12.09,14.51,0.8
"2024-08-11 06:00:00",0,0.885,3,12.04,14.33,0.7
"2024-08-11 07:00:00",0,0.876,5,12.63,14.37,0.7
"2024-08-11 08:00:00",0,0.696,120,17.28,16.21,0.9
"2024-08-11 09:00:00",0,0.53,152,21.74,19.59,0.3
"2024-08-11 10:00:00",0,0.539,175,22.62,22.04,1
"2024-08-11 11:00:00",0,0.452,194,24.71,23.56,3.8
"2024-08-11 12:00:00",0,0.406,219,25.52,24.65,4
"2024-08-11 13:00:00",0,0.376,203,26.38,25.82,3.7
"2024-08-11 14:00:00",0,0.365,196,26.67,26.41,4.1
"2024-08-11 15:00:00",0,0.419,180,26.63,24.77,4
"2024-08-11 16:00:00",0,0.46,139,26.07,24.97,3.5
"2024-08-11 17:00:00",0,0.516,128,25.4,24.72,4.1
"2024-08-11 18:00:00",0,0.619,80,23.61,23.86,3.8
"2024-08-11 19:00:00",0,0.71,40,22.16,23.42,1.1
"2024-08-11 20:00:00",0,0.72,11,20.97,22.1,1.1
"2024-08-11 21:00:00",0,0.777,0,18.99,20.61,0.8
"2024-08-11 22:00:00",0,0.791,0,18.07,19.92,0.9
"2024-08-11 23:00:00",0,0.833,0,17.13,19.02,0.6
"2024-08-12 00:00:00",0,0.849,0,16.19,18.37,0.8
"2024-08-12 01:00:00",0,0.867,0,15.48,17.79,0.6
"2024-08-12 02:00:00",0,0.893,0,15.03,17.35,0.9
"2024-08-12 03:00:00",0,0.904,0,14.47,16.89,0.6
"2024-08-12 04:00:00",0,0.913,0,14.18,16.49,0.7
"2024-08-12 05:00:00",0,0.914,0,13.76,16.13,0.7
"2024-08-12 06:00:00",0,0.904,7,13.58,15.89,0.7
"2024-08-12 07:00:00",0,0.884,11,14.14,16.15,0.8
"2024-08-12 08:00:00",0,0.75,122,18.25,17.95,1
"2024-08-12 09:00:00",0,0.577,140,21.55,20.61,0.4
"2024-08-12 10:00:00",0,0.528,173,22.71,22.71,2.2
"2024-08-12 11:00:00",0,0.459,193,23.73,23.91,3.7
"2024-08-12 12:00:00",0,0.411,218,24.61,25.02,3.9
"2024-08-12 13:00:00",0,0.4,173,24.97,24.96,3.7
"2024-08-12 14:00:00",0,0.411,159,25.32,26.09,2.7
"2024-08-12 15:00:00",0,0.403,115,24.29,24.29,4.1
"2024-08-12 16:00:00",0,0.408,139,24.62,24.31,4.1
"2024-08-12 17:00:00",0,0.418,110,24.62,23.57,3.9
"2024-08-12 18:00:00",0,0.479,44,24.06,22.18,4
"2024-08-12 19:00:00",0,0.565,8,22.93,21.04,3
"2024-08-12 20:00:00",0,0.674,0,20.82,20.3,3.1
"2024-08-12 21:00:00",0,0.699,0,19.58,19.54,0.8
"2024-08-12 22:00:00",0,0.815,0,17.97,19.29,0.4
"2024-08-12 23:00:00",0,0.733,0,18.55,18.89,3.9
"2024-08-13 00:00:00",0,0.844,0,16.86,18.56,2.9
"2024-08-13 01:00:00",0,0.864,0,16.08,18.27,1.3
"2024-08-13 02:00:00",0,0.92,0,15.22,17.65,1
"2024-08-13 03:00:00",0,0.938,0,14.78,17.46,0.8
"2024-08-13 04:00:00",0,0.928,0,14.14,16.77,0.7
"2024-08-13 05:00:00",0,0.955,0,13.19,16.25,0.8
"2024-08-13 06:00:00",0,0.951,3,12.67,15.88,0.7
"2024-08-13 07:00:00",0,0.927,8,13.22,15.89,0.6
"2024-08-13 08:00:00",0,0.791,113,17,17.58,0.6
"2024-08-13 09:00:00",0,0.689,150,19.29,20.33,0.4
"2024-08-13 10:00:00",0,0.562,185,22.09,23.37,0.9
"2024-08-13 11:00:00",0,0.447,226,23.55,25.3,1.6
"2024-08-13 12:00:00",0,0.353,244,24.17,26.1,3
"2024-08-13 13:00:00",0,0.326,216,24.3,25.29,4
"2024-08-13 14:00:00",0,0.339,136,24.42,26.36,3.2
"2024-08-13 15:00:00",0,0.383,55,23.67,23.51,2.1
"2024-08-13 16:00:00",0,0.699,54,18.97,22.84,2.3
"2024-08-13 17:00:00",0,0.802,43,17.78,22.45,4.2
"2024-08-13 18:00:00",0,0.795,31,16.8,21.44,2.8
"2024-08-13 19:00:00",0,0.775,27,16.38,20.77,1.9
"2024-08-13 20:00:00",0,0.914,0,14.64,19.75,1.5
"2024-08-13 21:00:00",0,0.964,0,13.53,18.59,0.8
"2024-08-13 22:00:00",0,0.968,0,13.09,17.82,0.7
"2024-08-13 23:00:00",0,0.969,0,12.85,17.3,0.6
"2024-08-14 00:00:00",0,0.978,0,12.36,16.77,0.6
"2024-08-14 01:00:00",0,0.974,0,12.05,16.24,0.8
"2024-08-14 02:00:00",0,0.978,0,11.73,15.8,0.7
"2024-08-14 03:00:00",0,0.932,0,12.24,15.76,0.5
"2024-08-14 04:00:00",0,0.88,0,12.19,15.63,1.8
"2024-08-14 05:00:00",0,0.906,0,11.09,15.16,0.8
"2024-08-14 06:00:00",0,0.919,5,10.26,14.73,0.9
"2024-08-14 07:00:00",0,0.907,9,10.47,14.79,1
"2024-08-14 08:00:00",0,0.73,116,14.85,16.23,0.4
"2024-08-14 09:00:00",0,0.603,149,18.13,19.31,0.4
"2024-08-14 10:00:00",0,0.484,181,21.41,22.47,0.3
"2024-08-14 11:00:00",0,0.313,148,23.55,24.43,1
"2024-08-14 12:00:00",0,0.367,75,22.99,23.53,0.9
"2024-08-14 13:00:00",1.2,0.453,38,21.39,22.08,1.9
"2024-08-14 14:00:00",0,0.767,118,17.45,21.92,2.5
"2024-08-14 15:00:00",0,0.873,38,14.85,20.56,2.7
"2024-08-14 16:00:00",0,0.811,60,16.06,20.65,3.1
"2024-08-14 17:00:00",0,0.533,108,19.47,21.74,0.8
"2024-08-14 18:00:00",0,0.64,36,18.34,20.62,0.9
"2024-08-14 19:00:00",0,0.818,7,15.5,19.01,1.3
"2024-08-14 20:00:00",0,0.856,0,14.5,18.35,1.5
"2024-08-14 21:00:00",0,0.873,0,14.2,17.95,1.1
"2024-08-14 22:00:00",0,0.871,0,13.97,17.55,1
"2024-08-14 23:00:00",0,0.891,0,12.78,16.65,1.6
"2024-08-15 00:00:00",0,0.854,0,12.53,16.18,2
"2024-08-15 01:00:00",0,0.898,0,11.75,15.74,0.9
"2024-08-15 02:00:00",0,0.906,0,11.06,15.2,0.9
"2024-08-15 03:00:00",0,0.912,0,10.72,14.79,1
"2024-08-15 04:00:00",0,0.923,0,10.1,14.37,0.6
"2024-08-15 05:00:00",0,0.932,0,9.80000000000001,14,0.8
"2024-08-15 06:00:00",0,0.936,4,9.70000000000005,13.76,1.1
"2024-08-15 07:00:00",0,0.919,8,10.15,13.83,0.4
"2024-08-15 08:00:00",0,0.791,112,13.87,15.19,0.4
"2024-08-15 09:00:00",0,0.635,145,17.49,17.79,0.5
"2024-08-15 10:00:00",0,0.502,170,20.15,20.49,1.4
"2024-08-15 11:00:00",0,0.457,190,21.5,22.65,2.6
"2024-08-15 12:00:00",0,0.444,194,21.76,23.6,3.9
"2024-08-15 13:00:00",0,0.407,181,22.78,24.24,3.6
"2024-08-15 14:00:00",0,0.435,144,22.56,23.94,3.9
"2024-08-15 15:00:00",0,0.466,121,22.67,22.89,4.6
"2024-08-15 16:00:00",0,0.45,150,23.09,22.65,3.8
"2024-08-15 17:00:00",0,0.548,52,21.92,21.95,2.9
"2024-08-15 18:00:00",0,0.636,20,20.11,20.7,1.1
"2024-08-15 19:00:00",0,0.684,11,19.09,20.03,1.8
"2024-08-15 20:00:00",0,0.732,0,17.36,18.9,1.7
"2024-08-15 21:00:00",0,0.779,0,16.09,18.15,0.8
"2024-08-15 22:00:00",0,0.798,0,14.89,17.4,1.3
"2024-08-15 23:00:00",0,0.819,0,13.78,16.75,0.8
"2024-08-16 00:00:00",0,0.847,0,12.78,16.02,0.5
"2024-08-16 01:00:00",0,0.863,0,12.08,15.47,0.4
"2024-08-16 02:00:00",0,0.875,0,11.65,15.02,0.7
"2024-08-16 03:00:00",0,0.882,0,11.09,14.54,0.4
"2024-08-16 04:00:00",0,0.896,0,10.67,14.3,0.4
"2024-08-16 05:00:00",0,0.861,0,11.69,14.83,0.4
"2024-08-16 06:00:00",0,0.854,2,12.36,15.13,0.4
"2024-08-16 07:00:00",0,0.836,21,13.32,15.68,0.4
"2024-08-16 08:00:00",0,0.717,113,15.9,16.81,0.6
"2024-08-16 09:00:00",0,0.708,148,18.42,18.56,0.9
"2024-08-16 10:00:00",0,0.617,175,19.9,20.81,1.9
"2024-08-16 11:00:00",0,0.509,190,21.17,22.11,3.8
"2024-08-16 12:00:00",0,0.528,225,22.15,23.82,4.6
"2024-08-16 13:00:00",0,0.513,218,22.68,24.57,5.1
"2024-08-16 14:00:00",0,0.495,202,23.21,24.91,5
"2024-08-16 15:00:00",0,0.5,184,23.32,23.22,4.2
"2024-08-16 16:00:00",0,0.539,90,22.65,22.2,4
"2024-08-16 17:00:00",0,0.6,41,21.72,21.53,4
"2024-08-16 18:00:00",0,0.666,30,20.68,20.86,4.8
"2024-08-16 19:00:00",0,0.727,23,19.94,20.31,3.8
"2024-08-16 20:00:00",0,0.777,0,18.79,19.49,4.6
"2024-08-16 21:00:00",0,0.701,0,17.95,18.76,2.7
"2024-08-16 22:00:00",0,0.763,0,17.66,18.41,3.8
"2024-08-16 23:00:00",0,0.708,0,17.02,17.99,2.3
"2024-08-17 00:00:00",0,0.789,0,15.98,17.47,0.1
"2024-08-17 01:00:00",0,0.817,0,15.63,17.4,0.1
"2024-08-17 02:00:00",4.8,0.859,0,15.38,17.4,0.9
"2024-08-17 03:00:00",0,0.96,0,14.37,17.21,0.3
"2024-08-17 04:00:00",0,0.971,0,14.6,17.3,0.2
"2024-08-17 05:00:00",0,0.982,0,14.52,17.07,0.4
"2024-08-17 06:00:00",0,0.983,3,13.88,16.49,0.6
"2024-08-17 07:00:00",0,0.963,8,13.7,16.33,0.8
"2024-08-17 08:00:00",0,0.903,92,15.65,17.33,0.6
"2024-08-17 09:00:00",0,0.868,134,16.81,19.03,3
"2024-08-17 10:00:00",0,0.816,170,17.87,20.34,4.3
"2024-08-17 11:00:00",0,0.75,199,18.86,21.9,4.7
"2024-08-17 12:00:00",0,0.681,167,19.61,22.44,4.9
"2024-08-17 13:00:00",0,0.682,63,19.2,21.23,4
"2024-08-17 14:00:00",0,0.762,77,18.57,21.16,4.9
"2024-08-17 15:00:00",0,0.74,148,19.23,21.69,5.2
"2024-08-17 16:00:00",0,0.701,154,19.54,21.53,5
"2024-08-17 17:00:00",0,0.756,37,18.57,20.66,4.8
"2024-08-17 18:00:00",0,0.857,14,17.56,19.77,4.4
"2024-08-17 19:00:00",0,0.898,3,16.64,19,4.1
"2024-08-17 20:00:00",1.2,0.964,0,15.78,18.45,3.3
"2024-08-17 21:00:00",0,0.948,0,15.61,18.12,2.4
"2024-08-17 22:00:00",0,0.959,0,15.44,17.84,2
"2024-08-17 23:00:00",0,0.96,0,15.21,17.76,0.9
"2024-08-18 00:00:00",0,0.976,0,14.69,17.6,0.4
"2024-08-18 01:00:00",0,0.971,0,14.18,17.17,3.4
"2024-08-18 02:00:00",0,0.963,0,13.98,16.95,3
"2024-08-18 03:00:00",10.8,0.982,0,13.79,16.56,0.9
"2024-08-18 04:00:00",0,0.969,0,13.73,16.18,2.4
"2024-08-18 05:00:00",1.2,0.977,0,13.25,16.28,1.5
"2024-08-18 06:00:00",0,0.972,14,13.05,16.33,1.1
"2024-08-18 07:00:00",0,0.956,10,13.2,16.53,1.7
"2024-08-18 08:00:00",0,0.963,12,13.43,16.64,2.6
"2024-08-18 09:00:00",2.4,0.958,11,13.45,16.52,1.1
"2024-08-18 10:00:00",4.8,0.967,13,12.95,16.58,1.6
"2024-08-18 11:00:00",2.4,0.956,30,12.8,16.79,0.9
"2024-08-18 12:00:00",1.2,0.974,29,12.31,17.05,3.5
"2024-08-18 13:00:00",1.2,0.948,40,12.24,16.75,4.1
"2024-08-18 14:00:00",1.2,0.914,43,12.23,16.79,2.9
"2024-08-18 15:00:00",0,0.914,42,12.56,17.12,2.8
"2024-08-18 16:00:00",1.2,0.95,31,11.72,16.86,3.8
"2024-08-18 17:00:00",0,0.931,25,11.77,16.62,3.1
"2024-08-18 18:00:00",0,0.964,14,11.87,16.52,3
"2024-08-18 19:00:00",0,0.958,3,11.68,16.06,3
"2024-08-18 20:00:00",1.2,0.97,0,11.2,15.62,3.5
"2024-08-18 21:00:00",0,0.971,0,10.97,15.28,3.5
"2024-08-18 22:00:00",0,0.99,0,10.58,15.05,3.6
"2024-08-18 23:00:00",1.2,0.976,0,10.57,14.85,3.4
"2024-08-19 00:00:00",0,0.953,0,10.7,14.64,2.2
"2024-08-19 01:00:00",0,0.959,0,10.64,14.58,2
"2024-08-19 02:00:00",0,0.972,0,10.02,14.41,3.9
"2024-08-19 03:00:00",0,0.972,0,9.26000000000005,14.12,4
"2024-08-19 04:00:00",0,0.989,0,8.48000000000002,13.84,4.1
"2024-08-19 05:00:00",0,0.987,0,8.28000000000003,13.64,3.9
"2024-08-19 06:00:00",0,0.987,1,8.18000000000001,13.47,3.5
"2024-08-19 07:00:00",0,0.959,7,8.41000000000003,13.42,3.4
"2024-08-19 08:00:00",0,0.968,20,8.47000000000003,13.51,3.8
"2024-08-19 09:00:00",0,0.951,56,8.74000000000001,14.01,4.4
"2024-08-19 10:00:00",0,0.889,113,9.69,15.09,5.3
"2024-08-19 11:00:00",0,0.862,101,10.11,15.61,4.5
"2024-08-19 12:00:00",0,0.838,102,10.95,16.13,4.8
"2024-08-19 13:00:00",0,0.812,225,12.42,17.74,5.2
"2024-08-19 14:00:00",0,0.785,220,13.42,19.62,5.1
"2024-08-19 15:00:00",0,0.788,123,13.11,18.74,5.3
"2024-08-19 16:00:00",0,0.787,174,13.78,18.76,5.3
"2024-08-19 17:00:00",0,0.818,77,13.44,18.27,4.7
"2024-08-19 18:00:00",0,0.872,22,12.76,17.44,4.3
"2024-08-19 19:00:00",0,0.919,4,12.2,16.7,3
"2024-08-19 20:00:00",0,0.933,0,12.16,16.25,2.2
"2024-08-19 21:00:00",0,0.969,0,11.79,15.95,1.4
"2024-08-19 22:00:00",0,0.946,0,12.02,15.82,0.2
"2024-08-19 23:00:00",0,0.944,0,11.77,15.54,0.4
"2024-08-20 00:00:00",0,0.963,0,11.15,15.1,1.5
"2024-08-20 01:00:00",0,0.973,0,10.24,14.79,0.8
"2024-08-20 02:00:00",0,0.962,0,9.95000000000005,14.4,1.2
"2024-08-20 03:00:00",0,0.971,0,9.22000000000003,13.99,0.6
"2024-08-20 04:00:00",0,0.975,0,8.68000000000001,13.73,0.9
"2024-08-20 05:00:00",0,0.983,0,8.52000000000004,13.4,0.8
"2024-08-20 06:00:00",0,0.991,3,8.30000000000001,13.13,0.5
"2024-08-20 07:00:00",1.2,0.985,8,8.72000000000003,13.04,0.7
"2024-08-20 08:00:00",0,0.88,108,12.09,13.86,0.3
"2024-08-20 09:00:00",0,0.743,144,14.96,15.37,0.3
"2024-08-20 10:00:00",0,0.689,169,16.83,17.1,1.3
"2024-08-20 11:00:00",0,0.637,191,18.39,18.81,3
"2024-08-20 12:00:00",0,0.585,217,20.15,20.5,3.6
"2024-08-20 13:00:00",0,0.623,189,20.44,20.69,3.5
"2024-08-20 14:00:00",0,0.642,152,19.34,21.2,5.3
"2024-08-20 15:00:00",0,0.646,160,19.56,20.41,5.6
"2024-08-20 16:00:00",0,0.7,115,18.65,20.23,5.3
"2024-08-20 17:00:00",0,0.777,44,17.09,18.75,5.2
"2024-08-20 18:00:00",0,0.778,53,17.71,18.64,5.4
"2024-08-20 19:00:00",0,0.786,11,17.36,18.12,4.1
"2024-08-20 20:00:00",0,0.867,0,16.43,17.56,3.1
"2024-08-20 21:00:00",0,0.989,0,14.52,17.12,5
"2024-08-20 22:00:00",6,0.96,0,14.63,16.8,2.6
"2024-08-20 23:00:00",0,0.992,0,14.33,16.57,0.2
"2024-08-21 00:00:00",0,0.992,0,14.21,16.35,1
"2024-08-21 01:00:00",0,0.984,0,14.23,16.38,2.4
"2024-08-21 02:00:00",0,0.954,0,14.15,16.25,0.8
"2024-08-21 03:00:00",0,0.943,0,13.96,16.07,3.2
"2024-08-21 04:00:00",0,0.966,0,12.16,15.83,1.6
"2024-08-21 05:00:00",0,0.955,0,11.91,15.66,1.9
"2024-08-21 06:00:00",0,0.95,1,11.86,15.61,1.9
"2024-08-21 07:00:00",0,0.946,20,12.52,15.72,1.5
"2024-08-21 08:00:00",0,0.905,48,12.95,15.74,3.8
"2024-08-21 09:00:00",0,0.846,158,14,16.86,4.1
"2024-08-21 10:00:00",0,0.744,184,14.93,17.75,4.5
"2024-08-21 11:00:00",0,0.65,200,15.96,18.94,3.7
"2024-08-21 12:00:00",0,0.606,227,16.42,19.92,4.2
"2024-08-21 13:00:00",0,0.567,182,16.77,20.41,4.2
"2024-08-21 14:00:00",0,0.601,199,17.02,20.93,4.3
"2024-08-21 15:00:00",0,0.601,170,16.95,20.02,5
"2024-08-21 16:00:00",0,0.64,86,16.45,19.32,5.7
"2024-08-21 17:00:00",0,0.672,99,16.15,18.71,5.6
"2024-08-21 18:00:00",0,0.716,24,15.18,17.87,5.1
"2024-08-21 19:00:00",0,0.822,8,13.39,16.97,5.2
"2024-08-21 20:00:00",0,0.869,0,12.46,16.29,4.4
"2024-08-21 21:00:00",0,0.912,0,11.71,15.89,2.6
"2024-08-21 22:00:00",0,0.922,0,10.63,15.35,0.8
"2024-08-21 23:00:00",0,0.929,0,9.90000000000003,15.01,0.8
"2024-08-22 00:00:00",0,0.928,0,9.88,14.86,1.1
"2024-08-22 01:00:00",0,0.899,0,10.19,14.77,1.7
"2024-08-22 02:00:00",0,0.927,0,9.18000000000001,14.5,1.2
"2024-08-22 03:00:00",0,0.951,0,8.57000000000005,14.17,0.9
"2024-08-22 04:00:00",0,0.954,0,8.37,13.84,0.8
"2024-08-22 05:00:00",0,0.97,0,8.05000000000001,13.63,0.9
"2024-08-22 06:00:00",0,0.967,4,8.02000000000004,13.43,0.7
"2024-08-22 07:00:00",0,0.963,18,8.92000000000002,13.57,0.6
"2024-08-22 08:00:00",0,0.873,97,12.03,14.19,0.7
"2024-08-22 09:00:00",0,0.692,150,16.23,15.57,0.7
"2024-08-22 10:00:00",0,0.539,188,19.39,17.38,1.2
"2024-08-22 11:00:00",0,0.439,180,21.35,19.09,1.6
"2024-08-22 12:00:00",0,0.421,239,22.63,20.85,1.8
"2024-08-22 13:00:00",0,0.406,239,23.55,22.9,1.9
"2024-08-22 14:00:00",0,0.542,203,21.17,22.59,4.1
"2024-08-22 15:00:00",0,0.643,143,19.61,21.23,5.8
"2024-08-22 16:00:00",0,0.704,67,18.61,20.02,5.2
"2024-08-22 17:00:00",0,0.752,58,17.5,19.15,5.6
"2024-08-22 18:00:00",0,0.735,36,17.45,18.81,4.3
"2024-08-22 19:00:00",0,0.745,5,16.96,18.11,2.2
"2024-08-22 20:00:00",0,0.855,0,14.77,17.22,0.4
"2024-08-22 21:00:00",0,0.881,0,13.83,16.43,0.4
"2024-08-22 22:00:00",0,0.911,0,12.58,15.83,0.6
"2024-08-22 23:00:00",0,0.919,0,12.13,15.56,0.7
"2024-08-23 00:00:00",0,0.931,0,11.61,15.21,0.7
"2024-08-23 01:00:00",0,0.943,0,11.02,14.88,0.7
"2024-08-23 02:00:00",0,0.956,0,10.6,14.58,0.6
"2024-08-23 03:00:00",0,0.948,0,10.48,14.32,0.9
"2024-08-23 04:00:00",0,0.956,0,10.47,14.09,0.7
"2024-08-23 05:00:00",0,0.966,0,9.83000000000004,13.77,0.8
"2024-08-23 06:00:00",0,0.95,3,9.59000000000003,13.69,0.9
"2024-08-23 07:00:00",0,0.934,8,10.17,13.7,0.8
"2024-08-23 08:00:00",0,0.792,115,13.81,14.43,0.7
"2024-08-23 09:00:00",0,0.701,158,16.34,15.89,1
"2024-08-23 10:00:00",0,0.582,186,19.8,17.46,0.7
"2024-08-23 11:00:00",0,0.508,207,20.76,19.09,3.5
"2024-08-23 12:00:00",0,0.459,220,21.5,20.27,3.8
"2024-08-23 13:00:00",0,0.496,220,22.11,21.4,4.3
"2024-08-23 14:00:00",0,0.496,212,22.6,22.05,4.3
"2024-08-23 15:00:00",0,0.48,194,23.17,21.11,3.4
"2024-08-23 16:00:00",0,0.5,157,22.98,21.09,4.6
"2024-08-23 17:00:00",0,0.513,106,22.71,20.43,3.5
"2024-08-23 18:00:00",0,0.617,22,20.53,19.36,3.8
"2024-08-23 19:00:00",0,0.705,4,18.56,18.33,4.9
"2024-08-23 20:00:00",0,0.758,0,17.32,17.68,1.7
"2024-08-23 21:00:00",0,0.808,0,15.42,17.13,1.7
"2024-08-23 22:00:00",0,0.843,0,14.33,16.66,1
"2024-08-23 23:00:00",0,0.873,0,13.43,16.12,1.2
"2024-08-24 00:00:00",0,0.894,0,12.84,15.67,0.7
"2024-08-24 01:00:00",0,0.89,0,12.32,15.4,0.8
"2024-08-24 02:00:00",0,0.916,0,11.81,15,0.7
"2024-08-24 03:00:00",0,0.918,0,11.51,14.59,0.7
"2024-08-24 04:00:00",0,0.922,0,11.24,14.37,0.8
"2024-08-24 05:00:00",0,0.917,0,10.96,14.17,0.8
"2024-08-24 06:00:00",0,0.925,3,10.77,13.98,0.8
"2024-08-24 07:00:00",0,0.901,8,11.1,14.07,0.9
"2024-08-24 08:00:00",0,0.793,114,14.92,14.87,0.8
"2024-08-24 09:00:00",0,0.625,158,18.33,16.32,1.1
"2024-08-24 10:00:00",0,0.503,187,21.48,18.04,1.2
"2024-08-24 11:00:00",0,0.429,161,22.77,19.44,1.3
"2024-08-24 12:00:00",0,0.398,188,23.58,20.41,1.5
"2024-08-24 13:00:00",0,0.372,230,24.68,22.34,1.5
"2024-08-24 14:00:00",0,0.33,229,25.14,23.2,1.8
"2024-08-24 15:00:00",0,0.306,199,25.4,21.85,2.1
"2024-08-24 16:00:00",0,0.369,163,24.64,21.73,2
"2024-08-24 17:00:00",0,0.368,110,24.3,20.74,1.8
"2024-08-24 18:00:00",0,0.364,22,23.06,19.5,1.4
"2024-08-24 19:00:00",0,0.473,4,20.22,18.53,0.8
"2024-08-24 20:00:00",0,0.564,0,17.91,17.61,2.2
"2024-08-24 21:00:00",0,0.637,0,16.1,17.02,1.1
"2024-08-24 22:00:00",0,0.677,0,14.97,16.47,0.9
"2024-08-24 23:00:00",0,0.707,0,14.08,16.03,0.7
"2024-08-25 00:00:00",0,0.728,0,13.3,15.6,0.8
"2024-08-25 01:00:00",0,0.757,0,12.92,15.37,0.9
"2024-08-25 02:00:00",0,0.765,0,12.71,15.15,0.9
"2024-08-25 03:00:00",0,0.772,0,12.95,15.23,0.5
"2024-08-25 04:00:00",0,0.806,0,12.46,14.8,0.4
"2024-08-25 05:00:00",0,0.859,0,11.52,14.22,0.4
"2024-08-25 06:00:00",0,0.845,3,11.62,14.03,0.7
"2024-08-25 07:00:00",0,0.841,24,13.1,14.39,0.6
"2024-08-25 08:00:00",0,0.83,75,14.65,15.25,4.7
"2024-08-25 09:00:00",0,0.907,78,14.16,15.84,5.4
"2024-08-25 10:00:00",0,0.955,48,13.24,16.06,5.1
"2024-08-25 11:00:00",0,0.992,66,12.19,15.89,5.5
"2024-08-25 12:00:00",0,0.993,59,11.47,16.12,5.9
"2024-08-25 13:00:00",0,0.961,35,11.62,15.62,4.1
"2024-08-25 14:00:00",0,0.973,64,11.64,15.76,4.1
"2024-08-25 15:00:00",0,0.975,119,11.42,16.48,6
"2024-08-25 16:00:00",0,0.978,99,11.47,16.48,6.2
"2024-08-25 17:00:00",0,0.992,65,11.08,16.16,6.1
"2024-08-25 18:00:00",0,0.988,9,10.97,15.64,4.5
"2024-08-25 19:00:00",0,0.993,3,10.4,15.18,4.6
"2024-08-25 20:00:00",0,0.993,0,10.28,14.92,3.6
"2024-08-25 21:00:00",0,0.993,0,10.22,14.75,2.9
"2024-08-25 22:00:00",0,0.993,0,10.2,14.69,1.5
"2024-08-25 23:00:00",0,0.993,0,10.39,14.67,1
"2024-08-26 00:00:00",0,0.991,0,10.59,14.62,0.3
"2024-08-26 01:00:00",0,0.973,0,10.85,14.56,0.6
"2024-08-26 02:00:00",0,0.978,0,10.76,14.54,1
"2024-08-26 03:00:00",0,0.993,0,10.12,14.42,3.3
"2024-08-26 04:00:00",0,0.993,0,10.21,14.34,1.1
"2024-08-26 05:00:00",2.4,0.984,0,10.7,14.27,0.7
"2024-08-26 06:00:00",0,0.968,0,10.75,14.09,5.3
"2024-08-26 07:00:00",0,0.993,2,9.99000000000001,13.85,2.9
"2024-08-26 08:00:00",0,0.991,6,10.2,14,1.1
"2024-08-26 09:00:00",0,0.993,34,10.3,14.2,4.1
"2024-08-26 10:00:00",0,0.963,79,10.94,14.82,2
"2024-08-26 11:00:00",0,0.874,167,12.8,17.01,2.7
"2024-08-26 12:00:00",0,0.902,141,12.63,17.03,4
"2024-08-26 13:00:00",0,0.928,100,12.28,17.02,4.3
"2024-08-26 14:00:00",0,0.882,134,13.18,17.44,3.4
"2024-08-26 15:00:00",0,0.86,185,13.79,17.65,4.5
"2024-08-26 16:00:00",0,0.863,148,13.86,17.77,6
"2024-08-26 17:00:00",0,0.91,68,13.23,17.14,5.5
"2024-08-26 18:00:00",0,0.952,18,12.41,16.44,3.9
"2024-08-26 19:00:00",0,0.993,2,11.35,15.89,4
"2024-08-26 20:00:00",0,0.993,0,11.1,15.45,3.9
"2024-08-26 21:00:00",0,0.993,0,10.95,15.17,3.8
"2024-08-26 22:00:00",0,0.993,0,10.76,15,2.8
"2024-08-26 23:00:00",0,0.993,0,10.78,14.95,1.1
"2024-08-27 00:00:00",0,0.993,0,10.94,14.92,0.9
"2024-08-27 01:00:00",0,0.984,0,11.13,14.77,0.8
"2024-08-27 02:00:00",0,0.979,0,11.24,14.73,0.4
"2024-08-27 03:00:00",0,0.969,0,11.41,14.6,1
"2024-08-27 04:00:00",0,0.952,0,10.84,14.35,0.9
"2024-08-27 05:00:00",0,0.945,0,9.15000000000003,13.71,1.4
"2024-08-27 06:00:00",0,0.973,2,8.46000000000004,13.28,1.1
"2024-08-27 07:00:00",0,0.967,7,8.44,13.08,0.7
"2024-08-27 08:00:00",0,0.85,116,11.84,13.7,0.5
"2024-08-27 09:00:00",0,0.697,162,14.95,14.97,0.8
"2024-08-27 10:00:00",0,0.573,195,18.2,16.66,0.8
"2024-08-27 11:00:00",0,0.46,222,21.02,18.24,0.8
"2024-08-27 12:00:00",0,0.457,235,20.25,19.27,4.7
"2024-08-27 13:00:00",0,0.419,239,20.89,19.92,4.4
"2024-08-27 14:00:00",0,0.424,240,21.53,20.65,4.5
"2024-08-27 15:00:00",0,0.412,219,21.83,19.71,4.1
"2024-08-27 16:00:00",0,0.443,126,21.82,19.85,3.6
"2024-08-27 17:00:00",0,0.461,37,20.93,18.75,1
"2024-08-27 18:00:00",7.2,0.841,3,13.83,16.62,2.3
"2024-08-27 19:00:00",0,0.972,5,12.82,16.09,1.3
"2024-08-27 20:00:00",0,0.954,0,12.67,16.05,1.5
"2024-08-27 21:00:00",0,0.964,0,12.22,15.77,0.8
"2024-08-27 22:00:00",0,0.974,0,11.38,15.38,1.2
"2024-08-27 23:00:00",0,0.987,0,10.83,15.1,0.6
"2024-08-28 00:00:00",0,0.981,0,10.97,14.96,0.7
"2024-08-28 01:00:00",0,0.991,0,10.46,14.54,0.8
"2024-08-28 02:00:00",0,0.993,0,9.72000000000003,14.18,0.8
"2024-08-28 03:00:00",0,0.99,0,9.42000000000002,13.89,0.7
"2024-08-28 04:00:00",0,0.986,0,9.29000000000002,13.69,0.8
"2024-08-28 05:00:00",0,0.99,0,8.90000000000003,13.42,0.9
"2024-08-28 06:00:00",0,0.99,2,8.93000000000001,13.19,0.8
"2024-08-28 07:00:00",0,0.975,8,9.06,13.12,0.9
"2024-08-28 08:00:00",0,0.872,99,12.28,13.63,0.5
"2024-08-28 09:00:00",0,0.812,152,15.46,14.7,0.1
"2024-08-28 10:00:00",0,0.75,188,16.74,16.15,0.8
"2024-08-28 11:00:00",0,0.585,221,19.03,17.54,1
"2024-08-28 12:00:00",0,0.468,239,21.05,18.65,2.4
"2024-08-28 13:00:00",0,0.414,235,22.02,19.7,2.5
"2024-08-28 14:00:00",0,0.395,271,22.65,20.93,2.6
"2024-08-28 15:00:00",0,0.398,166,22.7,20.13,2.2
"2024-08-28 16:00:00",0,0.5,33,20.39,19.13,2.9
"2024-08-28 17:00:00",0,0.602,32,17.95,18.04,2.4
"2024-08-28 18:00:00",0,0.652,29,17.9,17.88,1.5
"2024-08-28 19:00:00",0,0.754,14,16.72,17.39,2
"2024-08-28 20:00:00",0,0.798,0,14.96,16.81,1.4
"2024-08-28 21:00:00",0,0.82,0,13.5,16.28,1.3
"2024-08-28 22:00:00",0,0.837,0,12.62,15.76,1.2
"2024-08-28 23:00:00",0,0.85,0,12.11,15.33,0.9
"2024-08-29 00:00:00",0,0.864,0,11.54,14.94,1
"2024-08-29 01:00:00",0,0.869,0,11.22,14.63,0.9
"2024-08-29 02:00:00",0,0.884,0,10.76,14.32,0.8
"2024-08-29 03:00:00",0,0.892,0,10.53,14.07,0.8
"2024-08-29 04:00:00",0,0.887,0,10.55,13.82,1
"2024-08-29 05:00:00",0,0.898,0,10.3,13.61,0.9
"2024-08-29 06:00:00",0,0.908,2,10,13.39,0.9
"2024-08-29 07:00:00",0,0.899,9,10.49,13.35,0.9
"2024-08-29 08:00:00",0,0.782,113,13.95,13.93,0.7
"2024-08-29 09:00:00",0,0.752,162,16.26,15.14,0.6
"2024-08-29 10:00:00",0,0.605,198,18.69,16.48,1.4
"2024-08-29 11:00:00",0,0.491,227,20.97,17.94,2.9
"2024-08-29 12:00:00",0,0.473,216,21.56,18.9,3
"2024-08-29 13:00:00",0,0.444,246,22.35,20.17,3.2
"2024-08-29 14:00:00",0,0.424,241,23.04,21.13,3.2
"2024-08-29 15:00:00",0,0.397,77,22.95,19.71,3.3
"2024-08-29 16:00:00",0,0.393,162,23.33,19.22,2.9
"2024-08-29 17:00:00",0,0.477,61,22.01,18.88,2.5
"2024-08-29 18:00:00",0,0.515,37,20.14,18.32,1.8
"2024-08-29 19:00:00",0,0.599,3,18.64,17.68,1.3
"2024-08-29 20:00:00",0,0.664,0,17.68,17.23,1.2
"2024-08-29 21:00:00",0,0.73,0,15.94,16.74,1
"2024-08-29 22:00:00",0,0.779,0,15.33,16.5,0.7
"2024-08-29 23:00:00",0,0.769,0,15.06,16.33,0.6
"2024-08-30 00:00:00",0,0.804,0,13.69,15.83,1.1
"2024-08-30 01:00:00",0,0.808,0,12.6,15.31,0.9
"2024-08-30 02:00:00",0,0.829,0,11.77,14.91,0.8
"2024-08-30 03:00:00",0,0.827,0,11.32,14.57,0.9
"2024-08-30 04:00:00",0,0.856,0,11.02,14.28,1
"2024-08-30 05:00:00",0,0.857,0,10.86,14.03,0.9
"2024-08-30 06:00:00",0,0.873,3,10.42,13.77,0.7
"2024-08-30 07:00:00",0,0.839,14,11.23,13.77,0.8
"2024-08-30 08:00:00",0,0.749,110,14.74,14.36,0.4
"2024-08-30 09:00:00",0,0.676,163,17.33,15.65,0.5
"2024-08-30 10:00:00",0,0.561,204,20.44,17.07,0.8
"2024-08-30 11:00:00",0,0.3,228,23.85,18.62,1
"2024-08-30 12:00:00",0,0.33,248,23.45,19.65,2
"2024-08-30 13:00:00",0,0.335,248,23.51,20.76,3.2
"2024-08-30 14:00:00",0,0.327,180,23.99,21.2,2.8
"2024-08-30 15:00:00",0,0.306,184,24.21,20.03,2.6
"2024-08-30 16:00:00",0,0.347,91,23.88,19.93,3.2
"2024-08-30 17:00:00",0,0.424,79,22.87,19.12,4
"2024-08-30 18:00:00",0,0.499,30,22.14,18.74,2.8
"2024-08-30 19:00:00",0,0.623,3,20.11,18.1,3.6
"2024-08-30 20:00:00",0,0.699,0,19.11,17.72,1.9
"2024-08-30 21:00:00",0,0.711,0,17.77,17.37,1.1
"2024-08-30 22:00:00",0,0.738,0,16.89,17.03,1.3
"2024-08-30 23:00:00",0,0.785,0,15.6,16.55,1.3
"2024-08-31 00:00:00",0,0.79,0,15.16,16.32,0.8
"2024-08-31 01:00:00",0,0.802,0,15.26,16.14,0.6
"2024-08-31 02:00:00",0,0.796,0,15.67,16.12,1.3
"2024-08-31 03:00:00",3.6,0.954,0,13.79,15.74,1.2
"2024-08-31 04:00:00",1.2,0.956,0,13.36,15.65,0.9
"2024-08-31 05:00:00",0,0.99,0,12.82,15.63,0.7
"2024-08-31 06:00:00",0,0.987,1,12.69,15.55,1.2
"2024-08-31 07:00:00",0,0.982,10,12.81,15.55,0.7
"2024-08-31 08:00:00",0,0.956,30,13.44,15.72,0.9
"2024-08-31 09:00:00",0,0.919,93,15.22,16.21,0.6
"2024-08-31 10:00:00",0,0.815,147,18.08,17.35,0.8
"2024-08-31 11:00:00",0,0.792,166,18.67,18.37,1
"2024-08-31 12:00:00",0,0.501,241,22.82,19.53,0.8
"2024-08-31 13:00:00",0,0.425,207,23,20.57,2.5
"2024-08-31 14:00:00",0,0.42,190,23.03,20.88,3.6
"2024-08-31 15:00:00",0,0.447,121,22.58,20.09,2.9
"2024-08-31 16:00:00",0,0.455,60,22.1,19.89,2.9
"2024-08-31 17:00:00",0,0.486,42,21.04,19.29,1.6
"2024-08-31 18:00:00",0,0.453,39,21.2,18.73,1.6
"2024-08-31 19:00:00",4.8,0.554,1,19.4,18.33,1.4
"2024-08-31 20:00:00",0,0.916,0,14.58,17.45,1.8
"2024-08-31 21:00:00",0,0.945,0,13.97,17.27,1.4
"2024-08-31 22:00:00",0,0.827,0,15.08,17.05,0.5
"2024-08-31 23:00:00",0,0.741,0,15.77,16.86,1.3
"2024-09-01 00:00:00",0,0.856,0,14.29,16.61,1.2
"2024-09-01 01:00:00",0,0.869,0,13.36,16.35,0.8
"2024-09-01 02:00:00",0,0.876,0,12.57,15.99,0.7
"2024-09-01 03:00:00",0,0.883,0,11.92,15.64,0.8
"2024-09-01 04:00:00",0,0.863,0,11.89,15.38,1.2
"2024-09-01 05:00:00",0,0.868,0,11.68,15.14,0.8
"2024-09-01 06:00:00",0,0.903,2,11.03,14.85,0.9
"2024-09-01 07:00:00",0,0.899,9,11.07,14.64,0.6
"2024-09-01 08:00:00",0,0.84,100,13.22,14.77,0.4
"2024-09-01 09:00:00",0,0.7,155,17.51,15.85,0.2
"2024-09-01 10:00:00",0,0.531,194,20.52,17.12,0.9
"2024-09-01 11:00:00",0,0.422,229,22.09,18.23,1
"2024-09-01 12:00:00",0,0.362,236,23.33,19.42,0.9
"2024-09-01 13:00:00",0,0.346,210,23.42,19.98,0.7
"2024-09-01 14:00:00",0,0.393,248,22.65,20.68,2.9
"2024-09-01 15:00:00",0,0.474,188,20.97,19.88,2.5
"2024-09-01 16:00:00",2.4,0.448,44,20.81,19.56,3
"2024-09-01 17:00:00",0,0.719,24,16.49,18.7,1
"2024-09-01 18:00:00",0,0.674,18,16.16,18.02,3.3
"2024-09-01 19:00:00",0,0.782,1,14.78,17.37,1
"2024-09-01 20:00:00",0,0.78,0,13.88,16.93,2.4
"2024-09-01 21:00:00",0,0.815,0,13.64,16.57,0.9
"2024-09-01 22:00:00",0,0.847,0,12.63,16.15,0.9
"2024-09-01 23:00:00",0,0.884,0,11.65,15.73,0.5
"2024-09-02 00:00:00",0,0.881,0,11.3,15.34,0.9
"2024-09-02 01:00:00",0,0.887,0,10.88,15.05,1
"2024-09-02 02:00:00",0,0.89,0,10.5,14.73,0.7
"2024-09-02 03:00:00",0,0.906,0,9.98000000000002,14.32,0.9
"2024-09-02 04:00:00",0,0.892,0,10.04,14.14,0.9
"2024-09-02 05:00:00",0,0.935,0,9.13,13.85,0.6
"2024-09-02 06:00:00",0,0.928,2,9.12,13.52,0.8
"2024-09-02 07:00:00",0,0.901,12,9.51000000000005,13.48,0.7
"2024-09-02 08:00:00",0,0.765,104,13.1,13.98,0.7
"2024-09-02 09:00:00",0,0.675,123,15.64,14.89,0.5
"2024-09-02 10:00:00",0,0.61,168,18.46,16.16,0.5
"2024-09-02 11:00:00",0,0.512,132,19.3,17.04,1.3
"2024-09-02 12:00:00",0,0.528,81,19.16,17.04,0.4
"2024-09-02 13:00:00",0,0.5,130,19.99,17.57,2.1
"2024-09-02 14:00:00",0,0.521,103,19.76,18.1,3.5
"2024-09-02 15:00:00",1.2,0.855,26,14.74,17.07,3.2
"2024-09-02 16:00:00",0,0.892,98,14.72,16.98,2.6
"2024-09-02 17:00:00",0,0.778,90,16.07,17.46,2.1
"2024-09-02 18:00:00",0,0.753,22,16.08,17.01,0
"2024-09-02 19:00:00",0,0.909,2,14,16.47,0.8
"2024-09-02 20:00:00",0,0.943,0,12.47,15.87,1.4
"2024-09-02 21:00:00",0,0.952,0,11.51,15.38,1.3
"2024-09-02 22:00:00",0,0.945,0,10.93,14.96,0.7
"2024-09-02 23:00:00",0,0.957,0,10.44,14.62,0.7
"2024-09-03 00:00:00",0,0.963,0,9.95000000000005,14.25,0.9
"2024-09-03 01:00:00",0,0.963,0,9.37,13.98,0.8
"2024-09-03 02:00:00",0,0.971,0,9.27000000000004,13.69,0.7
"2024-09-03 03:00:00",0,0.949,0,9.68000000000001,13.69,0.7
"2024-09-03 04:00:00",0,0.958,0,10.12,13.69,0.7
"2024-09-03 05:00:00",0,0.961,0,9.63,13.48,1
"2024-09-03 06:00:00",0,0.976,1,8.95000000000005,13.26,0.9
"2024-09-03 07:00:00",0,0.953,7,9.19,13.1,0.8
"2024-09-03 08:00:00",0,0.817,109,12.45,13.47,0.6
"2024-09-03 09:00:00",0,0.703,162,15.76,14.48,0.3
"2024-09-03 10:00:00",0,0.623,193,17.17,15.82,0.8
"2024-09-03 11:00:00",0,0.615,86,17.41,16.11,1.9
"2024-09-03 12:00:00",0,0.59,93,17.87,16.34,3.1
"2024-09-03 13:00:00",0,0.59,55,17.74,16.28,2.6
"2024-09-03 14:00:00",0,0.591,77,17.81,16.4,1.4
"2024-09-03 15:00:00",0,0.601,110,18.39,16.88,2.2
"2024-09-03 16:00:00",0,0.549,159,19.33,17.39,2.1
"2024-09-03 17:00:00",0,0.562,60,19.08,17.3,1.5
"2024-09-03 18:00:00",0,0.619,18,18.15,16.95,1.6
"2024-09-03 19:00:00",0,0.747,2,16.3,16.44,1.1
"2024-09-03 20:00:00",0,0.817,0,14.96,16.05,1.5
"2024-09-03 21:00:00",0,0.85,0,13.6,15.58,1.5
"2024-09-03 22:00:00",0,0.846,0,13.28,15.29,0.8
"2024-09-03 23:00:00",0,0.861,0,13.24,15.18,0.6
"2024-09-04 00:00:00",0,0.889,0,12.27,14.81,0.9
"2024-09-04 01:00:00",0,0.892,0,11.6,14.47,1
"2024-09-04 02:00:00",0,0.894,0,10.89,14.17,1
"2024-09-04 03:00:00",0,0.907,0,10.32,14.27,1
"2024-09-04 04:00:00",0,0.915,0,9.80000000000001,13.67,0.9
"2024-09-04 05:00:00",0,0.927,0,9.44,13.24,0.9
"2024-09-04 06:00:00",0,0.919,3,9.25,13.02,0.8
"2024-09-04 07:00:00",0,0.92,16,9.48000000000002,13.23,0.4
"2024-09-04 08:00:00",0,0.796,124,13.24,13.78,0.3
"2024-09-04 09:00:00",0,0.582,174,17.35,15.2,1.3
"2024-09-04 10:00:00",0,0.573,116,17.71,16.08,1.7
"2024-09-04 11:00:00",0,0.594,80,17.3,16.47,0.8
"2024-09-04 12:00:00",0,0.615,58,17.2,16.65,0.5
"2024-09-04 13:00:00",0,0.684,141,16.77,16.85,3
"2024-09-04 14:00:00",0,0.651,100,16.96,17.29,3.8
"2024-09-04 15:00:00",0,0.634,78,17.62,17.34,3.6
"2024-09-04 16:00:00",0,0.636,59,17.46,17.07,3.8
"2024-09-04 17:00:00",0,0.676,20,16.82,16.71,2.7
"2024-09-04 18:00:00",0,0.76,4,16.09,16.4,0.7
"2024-09-04 19:00:00",0,0.841,2,14.98,16.06,0.4
"2024-09-04 20:00:00",0,0.858,0,14.44,15.73,0.6
"2024-09-04 21:00:00",0,0.861,0,13.78,15.47,0.8
"2024-09-04 22:00:00",0,0.864,0,13.31,15.14,0.5
"2024-09-04 23:00:00",0,0.861,0,13.19,14.97,0.8
"2024-09-05 00:00:00",0,0.879,0,12.93,14.82,0.1
"2024-09-05 01:00:00",0,0.901,0,12.38,14.58,0.3
"2024-09-05 02:00:00",0,0.898,0,12.44,14.53,0.3
"2024-09-05 03:00:00",0,0.897,0,11.79,14.16,0.7
"2024-09-05 04:00:00",0,0.68,0,14.48,14.11,0.8
"2024-09-05 05:00:00",0,0.682,0,14.26,14.06,0.9
"2024-09-05 06:00:00",0,0.615,3,15.23,13.99,0.9
"2024-09-05 07:00:00",0,0.572,23,16.19,14.11,1
"2024-09-05 08:00:00",0,0.511,84,17.5,14.43,1.7
"2024-09-05 09:00:00",0,0.518,51,17.27,14.95,1.2
"2024-09-05 10:00:00",0,0.489,60,17.69,15.39,1
"2024-09-05 11:00:00",0,0.528,68,17.34,15.48,0.8
"2024-09-05 12:00:00",0,0.508,79,17.51,15.8,1.4
"2024-09-05 13:00:00",0,0.471,101,18.51,16.72,1.1
"2024-09-05 14:00:00",0,0.466,73,18.26,16.84,1
"2024-09-05 15:00:00",0,0.497,27,17.26,16.49,0.8
"2024-09-05 16:00:00",0,0.552,22,16.81,16.21,0.3
"2024-09-05 17:00:00",0,0.735,21,14.69,15.98,1.1
"2024-09-05 18:00:00",1.2,0.926,17,12.69,15.6,1.1
"2024-09-05 19:00:00",0,0.944,2,12.19,15.21,0.2
"2024-09-05 20:00:00",0,0.958,0,11.62,14.77,1.1
"2024-09-05 21:00:00",0,0.983,0,10.93,14.43,0.8
"2024-09-05 22:00:00",0,0.973,0,10.68,14.2,0.5
"2024-09-05 23:00:00",0,0.972,0,10.3,13.87,1
"2024-09-06 00:00:00",0,0.964,0,10.19,13.72,0.6
"2024-09-06 01:00:00",0,0.963,0,10.06,13.59,0.9
"2024-09-06 02:00:00",0,0.958,0,10.05,13.47,0.9
"2024-09-06 03:00:00",0,0.96,0,10.08,13.41,0.6
"2024-09-06 04:00:00",0,0.967,0,9.88,13.28,0.6
"2024-09-06 05:00:00",0,0.973,0,9.68000000000001,13.11,0.6
"2024-09-06 06:00:00",0,0.97,0,9.68000000000001,13,0.5
"2024-09-06 07:00:00",0,0.964,15,9.87,13.01,0.5
"2024-09-06 08:00:00",0,0.881,90,11.73,13.32,0.8
"2024-09-06 09:00:00",0,0.749,160,14.24,14.05,0.9
"2024-09-06 10:00:00",0,0.644,199,16.36,15.44,0.7
"2024-09-06 11:00:00",0,0.58,135,17.16,16.67,1.4
"2024-09-06 12:00:00",0,0.495,221,19.39,17.97,0.2
"2024-09-06 13:00:00",0,0.571,259,18.45,19.31,4.3
"2024-09-06 14:00:00",0,0.528,266,19.26,20,3.6
"2024-09-06 15:00:00",0,0.569,198,18.8,19.18,4.6
"2024-09-06 16:00:00",0,0.587,47,18.41,18.31,2.3
"2024-09-06 17:00:00",0,0.596,82,18.35,17.92,2.9
"2024-09-06 18:00:00",0,0.699,8,16.74,17.1,2.6
"2024-09-06 19:00:00",0,0.805,2,15.03,16.21,0.7
"2024-09-06 20:00:00",0,0.843,0,13.43,15.36,0.4
"2024-09-06 21:00:00",0,0.834,0,12.39,14.84,1.1
"2024-09-06 22:00:00",0,0.864,0,11.44,14.41,1.2
"2024-09-06 23:00:00",0,0.898,0,10.6,13.98,0.8
"2024-09-07 00:00:00",0,0.892,0,9.87,13.47,0.6
"2024-09-07 01:00:00",0,0.913,0,9.34000000000003,12.99,0.8
"2024-09-07 02:00:00",0,0.92,0,8.62,12.6,0.6
"2024-09-07 03:00:00",0,0.941,0,8.28000000000003,12.19,0.7
"2024-09-07 04:00:00",0,0.932,0,8.01000000000005,11.92,0.7
"2024-09-07 05:00:00",0,0.947,0,7.55000000000001,11.64,0.8
"2024-09-07 06:00:00",0,0.933,1,7.18000000000001,11.33,0.7
"2024-09-07 07:00:00",0,0.929,4,7.01000000000005,11.16,0.7
"2024-09-07 08:00:00",0,0.798,113,10.87,11.66,0.5
"2024-09-07 09:00:00",0,0.642,165,14.72,12.8,0.6
"2024-09-07 10:00:00",0,0.534,197,17.7,14.39,1.4
"2024-09-07 11:00:00",0,0.407,224,20.15,16.07,1.6
"2024-09-07 12:00:00",0,0.389,238,20.93,17.59,2.4
"2024-09-07 13:00:00",0,0.371,240,21.81,18.88,2.4
"2024-09-07 14:00:00",0,0.351,227,22.11,19.41,2.1
"2024-09-07 15:00:00",0,0.309,201,22.48,18.76,1.8
"2024-09-07 16:00:00",0,0.327,153,22.06,18.29,2
"2024-09-07 17:00:00",0,0.348,46,21.07,17.58,1.4
"2024-09-07 18:00:00",0,0.404,25,19.5,16.77,1.5
"2024-09-07 19:00:00",0,0.478,5,17.67,16.16,1
"2024-09-07 20:00:00",0,0.5,0,16.7,15.43,1.3
"2024-09-07 21:00:00",0,0.606,0,14.07,14.76,1.9
"2024-09-07 22:00:00",0,0.633,0,13.4,14.24,2.7
"2024-09-07 23:00:00",0,0.683,0,12.62,13.78,0.7
"2024-09-08 00:00:00",0,0.726,0,11.69,13.43,0.7
"2024-09-08 01:00:00",0,0.741,0,11.24,13.03,0.5
"2024-09-08 02:00:00",0,0.76,0,10.77,12.68,0.7
"2024-09-08 03:00:00",0,0.761,0,10.79,12.48,0.7
"2024-09-08 04:00:00",0,0.776,0,10.68,12.31,0.9
"2024-09-08 05:00:00",0,0.793,0,10.72,12.42,0.6
"2024-09-08 06:00:00",0,0.805,2,10.78,12.35,0.5
"2024-09-08 07:00:00",0,0.808,16,11.29,12.45,0.7
"2024-09-08 08:00:00",0,0.78,21,12.48,12.89,0.7
"2024-09-08 09:00:00",2.4,0.79,9,13.3,13.18,1.6
"2024-09-08 10:00:00",6,0.932,8,12.9,13.29,1.9
"2024-09-08 11:00:00",1.2,0.96,28,13.14,13.61,1.5
"2024-09-08 12:00:00",0,0.93,43,13.82,14.05,0.3
"2024-09-08 13:00:00",1.2,0.968,32,13.48,14.32,1.4
"2024-09-08 14:00:00",1.2,0.93,33,13.23,14.44,1.5
"2024-09-08 15:00:00",0,0.925,39,13.4,14.59,0.9
"2024-09-08 16:00:00",2.4,0.968,12,13.12,14.64,0.6
"2024-09-08 17:00:00",2.4,0.984,9,12.7,14.4,0.4
"2024-09-08 18:00:00",3.6,0.993,2,12.51,14.27,0.1
"2024-09-08 19:00:00",2.4,0.992,0,12.04,14.03,0.9
"2024-09-08 20:00:00",2.4,0.98,0,11.63,13.81,1
"2024-09-08 21:00:00",1.2,0.986,0,10.86,13.68,0.7
"2024-09-08 22:00:00",1.2,0.989,0,10.72,13.56,0.3
"2024-09-08 23:00:00",2.4,0.993,0,10.51,13.43,0.7
"2024-09-09 00:00:00",1.2,0.993,0,10.57,13.33,3.1
"2024-09-09 01:00:00",2.4,0.993,0,9.79000000000002,13.26,5
"2024-09-09 02:00:00",0,0.932,0,9.91000000000003,13.09,3
"2024-09-09 03:00:00",0,0.851,0,9.45000000000005,12.97,2.7
"2024-09-09 04:00:00",0,0.898,0,8.75,12.76,1.6
"2024-09-09 05:00:00",0,0.958,0,8.16000000000003,12.7,3.6
"2024-09-09 06:00:00",1.2,0.961,0,7.87,12.47,2.1
"2024-09-09 07:00:00",0,0.986,2,7.69,12.29,0.5
"2024-09-09 08:00:00",0,0.981,8,7.81,12.28,0.6
"2024-09-09 09:00:00",0,0.9,39,8.45000000000005,12.53,2.2
"2024-09-09 10:00:00",0,0.88,35,9.46000000000004,13.01,1
"2024-09-09 11:00:00",0,0.883,66,9.54000000000002,13.08,1.8
"2024-09-09 12:00:00",0,0.843,80,9.92000000000002,13.52,3
"2024-09-09 13:00:00",0,0.832,103,10.34,13.88,2.8
"2024-09-09 14:00:00",0,0.74,122,11.27,14.24,2.7
"2024-09-09 15:00:00",0,0.796,74,10.14,14.25,2.7
"2024-09-09 16:00:00",0,0.756,47,10.66,14.24,1.7
"2024-09-09 17:00:00",0,0.893,32,9.89000000000004,14.11,3.3
"2024-09-09 18:00:00",0,0.885,19,9.63,13.95,2.3
"2024-09-09 19:00:00",1.2,0.95,0,8.65000000000003,13.52,0.6
"2024-09-09 20:00:00",2.4,0.919,0,9.06,13.12,2.1
"2024-09-09 21:00:00",3.6,0.922,0,8.87,12.74,2.5
"2024-09-09 22:00:00",1.2,0.909,0,7.64000000000004,12.2,1.7
"2024-09-09 23:00:00",1.2,0.947,0,8.30000000000001,12.18,2.3
"2024-09-10 00:00:00",1.2,0.889,0,8.80000000000001,12.1,1.3
"2024-09-10 01:00:00",1.2,0.881,0,8.90000000000003,11.89,2.1
"2024-09-10 02:00:00",1.2,0.874,0,9.04000000000002,11.81,2.6
"2024-09-10 03:00:00",0,0.879,0,9.10000000000002,11.78,3.3
"2024-09-10 04:00:00",1.2,0.867,0,9.01000000000005,11.77,2.4
"2024-09-10 05:00:00",0,0.929,0,8.41000000000003,11.71,2.3
"2024-09-10 06:00:00",1.2,0.855,0,8.80000000000001,11.58,4.1
"2024-09-10 07:00:00",0,0.831,9,8.93000000000001,11.58,2.8
"2024-09-10 08:00:00",0,0.889,13,8.78000000000003,11.66,0.4
"2024-09-10 09:00:00",0,0.905,34,8.90000000000003,11.83,0.4
"2024-09-10 10:00:00",0,0.856,95,9.80000000000001,12.31,3.6
"2024-09-10 11:00:00",0,0.702,138,10.68,12.9,3
"2024-09-10 12:00:00",0,0.756,226,11.17,14.09,5.1
"2024-09-10 13:00:00",0,0.673,93,11.22,14.1,3.6
"2024-09-10 14:00:00",0,0.735,152,11.58,14.41,4.6
"2024-09-10 15:00:00",0,0.7,212,12.35,14.47,4.8
"2024-09-10 16:00:00",0,0.698,143,12.27,14.42,4.7
"2024-09-10 17:00:00",0,0.736,56,11.72,14.05,4.3
"2024-09-10 18:00:00",0,0.827,9,10.35,13.59,4.1
"2024-09-10 19:00:00",0,0.882,1,9.55000000000001,13.12,3.4
"2024-09-10 20:00:00",0,0.942,0,8.25,12.79,0.7
"2024-09-10 21:00:00",0,0.936,0,6.94,12.39,1.6
"2024-09-10 22:00:00",0,0.963,0,6.02000000000004,11.91,0.8
"2024-09-10 23:00:00",0,0.96,0,6.13,11.63,1.2
"2024-09-11 00:00:00",0,0.972,0,5.93000000000001,11.49,1
"2024-09-11 01:00:00",0,0.958,0,5.56,11.29,0.8
"2024-09-11 02:00:00",0,0.976,0,5.18000000000001,11.02,0.9
"2024-09-11 03:00:00",0,0.985,0,4.63,10.69,0.7
"2024-09-11 04:00:00",0,0.975,0,4.64000000000004,10.46,0.9
"2024-09-11 05:00:00",0,0.98,0,4.02000000000004,10.17,0.8
"2024-09-11 06:00:00",0,0.96,0,3.70000000000005,9.91000000000003,1
"2024-09-11 07:00:00",0,0.897,11,4.01000000000005,9.86000000000001,1.8
"2024-09-11 08:00:00",0,0.857,104,6.30000000000001,9.98000000000002,0.8
"2024-09-11 09:00:00",0,0.769,178,9.01000000000005,10.49,0.8
"2024-09-11 10:00:00",0,0.718,175,10.82,11.59,2.9
"2024-09-11 11:00:00",0,0.724,204,11.73,12.63,4.6
"2024-09-11 12:00:00",0,0.659,192,13.04,13.57,4.5
"2024-09-11 13:00:00",0,0.622,192,14.22,14.26,3.8
"2024-09-11 14:00:00",0,0.708,73,12.88,14.28,5.4
"2024-09-11 15:00:00",0,0.827,63,10.76,13.81,6.2
"2024-09-11 16:00:00",0,0.865,38,10.19,13.5,5.7
"2024-09-11 17:00:00",0,0.889,20,9.65000000000003,13.14,5.4
"2024-09-11 18:00:00",0,0.939,8,9.04000000000002,12.79,4.9
"2024-09-11 19:00:00",0,0.943,0,8.52000000000004,12.51,3.2
"2024-09-11 20:00:00",0,0.943,0,8.37,12.29,1.3
"2024-09-11 21:00:00",0,0.964,0,8.14000000000004,12.14,2.2
"2024-09-11 22:00:00",0,0.985,0,7.84000000000003,11.99,4.1
"2024-09-11 23:00:00",1.2,0.986,0,7.20000000000005,11.81,4.8
"2024-09-12 00:00:00",1.2,0.92,0,5.45000000000005,11.37,5.5
"2024-09-12 01:00:00",0,0.93,0,3.86000000000001,11.02,3.8
"2024-09-12 02:00:00",0,0.901,0,3.12,10.63,3.5
"2024-09-12 03:00:00",0,0.96,0,2.35000000000002,10.35,3.3
"2024-09-12 04:00:00",0,0.981,0,1.86000000000001,10.01,4.4
"2024-09-12 05:00:00",0,0.995,0,1.48000000000002,9.78000000000003,3.9
"2024-09-12 06:00:00",0,0.994,0,1.51000000000005,9.58000000000004,4.1
"2024-09-12 07:00:00",0,0.995,11,1.54000000000002,9.45000000000005,4.7
"2024-09-12 08:00:00",0,0.99,28,1.76000000000005,9.42000000000002,4.6
"2024-09-12 09:00:00",0,0.944,40,2.22000000000003,9.63,3.7
"2024-09-12 10:00:00",0,0.93,78,2.71000000000004,9.96000000000004,4.3
"2024-09-12 11:00:00",0,0.874,141,3.47000000000003,10.55,4.8
"2024-09-12 12:00:00",0,0.814,192,3.85000000000002,11.05,4.5
"2024-09-12 13:00:00",0,0.802,230,4.70000000000005,12,3.5
"2024-09-12 14:00:00",0,0.697,180,5.42000000000002,12.85,4.6
"2024-09-12 15:00:00",0,0.759,54,4.01000000000005,12.26,2.7
"2024-09-12 16:00:00",0,0.75,29,4.23000000000002,11.81,3
"2024-09-12 17:00:00",0,0.809,28,3.82000000000005,11.31,2.8
"2024-09-12 18:00:00",0,0.807,9,3.41000000000003,10.97,3.3
"2024-09-12 19:00:00",0,0.779,1,3.14000000000004,10.58,2.9
"2024-09-12 20:00:00",0,0.859,0,2.34000000000003,10.19,3.2
"2024-09-12 21:00:00",0,0.907,0,1.95000000000005,9.87,3.4
"2024-09-12 22:00:00",0,0.91,0,1.72000000000003,9.67000000000002,3.3
"2024-09-12 23:00:00",0,0.895,0,1.62,9.45000000000005,3.6
"2024-09-13 00:00:00",0,0.942,0,1.32000000000005,9.14000000000004,2.6
"2024-09-13 01:00:00",1.2,0.893,0,1.45000000000005,8.96000000000004,2.3
"2024-09-13 02:00:00",1.2,0.904,0,1.37,8.78000000000003,2.3
"2024-09-13 03:00:00",0,0.891,0,1.5,8.65000000000003,3.2
"2024-09-13 04:00:00",0,0.892,0,1.40000000000003,8.56,2.9
"2024-09-13 05:00:00",0,0.866,0,1.11000000000001,8.44,3.3
"2024-09-13 06:00:00",0,0.827,0,1.06,8.32000000000005,3.6
"2024-09-13 07:00:00",0,0.849,7,0.840000000000032,8.20000000000005,3.6
"2024-09-13 08:00:00",0,0.838,26,0.650000000000034,8.17000000000002,3.3
"2024-09-13 09:00:00",1.2,0.885,42,0.740000000000009,8.27000000000004,3.1
"2024-09-13 10:00:00",0,0.788,65,1.12,8.42000000000002,3.2
"2024-09-13 11:00:00",0,0.851,75,1.09000000000003,8.71000000000004,3.4
"2024-09-13 12:00:00",0,0.863,67,0.730000000000018,8.80000000000001,2.2
"2024-09-13 13:00:00",0,0.889,95,1.38,8.92000000000002,2.6
"2024-09-13 14:00:00",0,0.874,63,1.47000000000003,9.19,3.6
"2024-09-13 15:00:00",0,0.845,98,1.75,9.15000000000003,3.4
"2024-09-13 16:00:00",0,0.871,88,1.83000000000004,9.69,3.8
"2024-09-13 17:00:00",0,0.928,17,0.580000000000041,9.32000000000005,3.4
"2024-09-13 18:00:00",0,0.934,9,0.689999999999998,8.84000000000003,3.4
"2024-09-13 19:00:00",0,0.889,0,0.890000000000043,8.42000000000002,3.4
"2024-09-13 20:00:00",0,0.938,0,0.439999999999998,8.05000000000001,4
"2024-09-13 21:00:00",0,0.914,0,0.200000000000045,7.78000000000003,3
"2024-09-13 22:00:00",0,0.925,0,0.54000000000002,7.59000000000003,3.5
"2024-09-13 23:00:00",0,0.978,0,0.110000000000014,7.38,2.8
"2024-09-14 00:00:00",0,0.99,0,-0.0799999999999841,7.20000000000005,4.2
"2024-09-14 01:00:00",0,0.984,0,-0.189999999999998,6.97000000000003,4
"2024-09-14 02:00:00",0,0.987,0,0.0100000000000477,6.79000000000002,3.4
"2024-09-14 03:00:00",0,0.988,0,0.28000000000003,6.83000000000004,2.4
"2024-09-14 04:00:00",0,0.981,0,0.350000000000023,6.54000000000002,4.3
"2024-09-14 05:00:00",0,0.996,0,-0.0799999999999841,6.18000000000001,4.9
"2024-09-14 06:00:00",0,0.993,0,-0.0199999999999818,5.95000000000005,4.7
"2024-09-14 07:00:00",0,0.976,20,0.390000000000043,5.94,4.1
"2024-09-14 08:00:00",1.2,0.96,45,0.79000000000002,5.94,3.5
"2024-09-14 09:00:00",1.2,0.868,57,1.25,5.97000000000003,3.4
"2024-09-14 10:00:00",1.2,0.882,66,1.02000000000004,6.10000000000002,3.1
"2024-09-14 11:00:00",0,0.874,91,1.33000000000004,6.13,3.1
"2024-09-14 12:00:00",0,0.972,112,1.25,6.36000000000001,3.7
"2024-09-14 13:00:00",0,0.959,80,1.68000000000001,6.64000000000004,3.4
"2024-09-14 14:00:00",0,0.943,68,1.85000000000002,6.95000000000005,3.7
"2024-09-14 15:00:00",0,0.95,54,1.90000000000003,7.11000000000001,3.4
"2024-09-14 16:00:00",0,0.971,29,1.72000000000003,7.16000000000003,3
"2024-09-14 17:00:00",0,0.988,21,1.45000000000005,7.22000000000003,3.6
"2024-09-14 18:00:00",0,0.994,4,1.29000000000002,7.14000000000004,2.6
"2024-09-14 19:00:00",0,0.986,0,1.32000000000005,7.03000000000003,3
"2024-09-14 20:00:00",0,0.985,0,1.24000000000001,6.95000000000005,2.2
"2024-09-14 21:00:00",0,0.978,0,1.12,6.86000000000001,2.9
"2024-09-14 22:00:00",0,0.976,0,0.890000000000043,6.71000000000004,3.6
"2024-09-14 23:00:00",0,0.86,0,1.44,6.55000000000001,2.7
"2024-09-15 00:00:00",0,0.971,0,0.140000000000043,6.39000000000004,0.6
"2024-09-15 01:00:00",0,0.992,0,-0.25,6.18000000000001,0.5
"2024-09-15 02:00:00",0,0.995,0,-0.169999999999959,6.17000000000002,0.6
"2024-09-15 03:00:00",0,0.994,0,-0.46999999999997,6.09000000000003,0.6
"2024-09-15 04:00:00",0,0.992,0,-1.09999999999997,5.87,1
"2024-09-15 05:00:00",0,0.959,0,-0.989999999999952,5.60000000000002,0.7
"2024-09-15 06:00:00",0,0.942,0,-1.10999999999996,5.38,1.1
"2024-09-15 07:00:00",0,0.941,6,-1.35999999999996,5.22000000000003,1
"2024-09-15 08:00:00",0,0.897,104,0.0800000000000409,5.30000000000001,0.9
"2024-09-15 09:00:00",0,0.813,158,2,5.69,0.5
"2024-09-15 10:00:00",0,0.841,192,2.42000000000002,6.38,1.7
"2024-09-15 11:00:00",0,0.763,222,3.78000000000003,7.27000000000004,4.3
"2024-09-15 12:00:00",0,0.742,236,4.44,8.05000000000001,4.4
"2024-09-15 13:00:00",0,0.672,234,5.57000000000005,8.78000000000003,5.2
"2024-09-15 14:00:00",0,0.643,216,6.16000000000003,9.31,4.6
"2024-09-15 15:00:00",0,0.655,187,6.46000000000004,9.34000000000003,4.2
"2024-09-15 16:00:00",0,0.658,135,6.67000000000002,9.41000000000003,4.8
"2024-09-15 17:00:00",0,0.649,60,6.29000000000002,9.31,4.1
"2024-09-15 18:00:00",0,0.738,5,5.02000000000004,8.79000000000002,3.6
"2024-09-15 19:00:00",0,0.864,0,2.87,8.22000000000003,1.2
"2024-09-15 20:00:00",0,0.898,0,1.56,7.57000000000005,2
"2024-09-15 21:00:00",0,0.85,0,2.37,7.26000000000005,1.6
"2024-09-15 22:00:00",0,0.885,0,2.45000000000005,7.18000000000001,1.4
"2024-09-15 23:00:00",0,0.913,0,3.31,7.22000000000003,3.9
"2024-09-16 00:00:00",0,0.918,0,2.81,7.20000000000005,2.1
"2024-09-16 01:00:00",0,0.914,0,1.84000000000003,6.88,1.7
"2024-09-16 02:00:00",0,0.933,0,2,6.82000000000005,0.6
"2024-09-16 03:00:00",0,0.938,0,2.01000000000005,6.78000000000003,0.4
"2024-09-16 04:00:00",0,0.925,0,2.06,6.77000000000004,0.5
"2024-09-16 05:00:00",0,0.938,0,1.88,6.69,0.4
"2024-09-16 06:00:00",0,0.986,0,1.82000000000005,6.72000000000003,2.4
"2024-09-16 07:00:00",0,0.927,9,2.24000000000001,6.79000000000002,0.6
"2024-09-16 08:00:00",0,0.854,30,2.88,6.94,0.9
"2024-09-16 09:00:00",0,0.829,54,3.44,7.27000000000004,3.8
"2024-09-16 10:00:00",0,0.874,86,3.31,7.56,4.2
"2024-09-16 11:00:00",0,0.865,103,3.72000000000003,7.92000000000002,4.2
"2024-09-16 12:00:00",0,0.899,79,3.16000000000003,8.09000000000003,4.3
"2024-09-16 13:00:00",0,0.909,88,3.15000000000003,8.14000000000004,4.7
"2024-09-16 14:00:00",0,0.925,64,3.12,8.21000000000004,4.1
"2024-09-16 15:00:00",0,0.938,80,3,8.23000000000002,4.8
"2024-09-16 16:00:00",0,0.933,59,2.94,8.17000000000002,4.3
"2024-09-16 17:00:00",1.2,0.942,20,2.84000000000003,8,3.8
"2024-09-16 18:00:00",0,0.949,8,2.51000000000005,7.76000000000005,3.1
"2024-09-16 19:00:00",1.2,0.967,0,2.22000000000003,7.54000000000002,3.4
"2024-09-16 20:00:00",0,0.977,0,2.10000000000002,7.30000000000001,4.2
"2024-09-16 21:00:00",0,0.99,0,1.75,7.12,4.1
"2024-09-16 22:00:00",0,0.974,0,1.65000000000003,6.99000000000001,2.5
"2024-09-16 23:00:00",0,0.979,0,1.43000000000001,6.81,3.5
"2024-09-17 00:00:00",0,0.977,0,1.57000000000005,6.73000000000002,1.4
"2024-09-17 01:00:00",0,0.982,0,1.63,6.69,0.7
"2024-09-17 02:00:00",1.2,0.992,0,1.59000000000003,6.61000000000001,0.3
"2024-09-17 03:00:00",1.2,0.989,0,1.63,6.47000000000003,1
"2024-09-17 04:00:00",0,0.995,0,1.93000000000001,6.49000000000001,0.5
"2024-09-17 05:00:00",0,0.987,0,2.13,6.48000000000002,0.4
"2024-09-17 06:00:00",0,0.987,0,2.44,6.5,0.9
"2024-09-17 07:00:00",1.2,0.969,6,2.88,6.56,0.9
"2024-09-17 08:00:00",1.2,0.959,22,3.49000000000001,6.69,0.8
"2024-09-17 09:00:00",0,0.922,74,4.78000000000003,7.10000000000002,0.7
"2024-09-17 10:00:00",0,0.884,127,6.13,7.76000000000005,2.7
"2024-09-17 11:00:00",0,0.921,210,6.27000000000004,8.51000000000005,4.4
"2024-09-17 12:00:00",0,0.878,225,6.63,9.70000000000005,5.6
"2024-09-17 13:00:00",0,0.817,231,7.70000000000005,10.24,6.3
"2024-09-17 14:00:00",0,0.784,213,8.59000000000003,10.52,5.2
"2024-09-17 15:00:00",0,0.733,179,9.32000000000005,10.42,5.4
"2024-09-17 16:00:00",0,0.765,128,9.31,10.43,5.3
"2024-09-17 17:00:00",0,0.846,51,8.57000000000005,10.29,4.8
"2024-09-17 18:00:00",0,0.921,7,7.26000000000005,9.65000000000003,4.2
"2024-09-17 19:00:00",0,0.96,0,6.98000000000002,9.08000000000004,4.2
"2024-09-17 20:00:00",0,0.941,0,6.45000000000005,8.68000000000001,2.1
"2024-09-17 21:00:00",0,0.889,0,5.09000000000003,8.30000000000001,2.8
"2024-09-17 22:00:00",0,0.906,0,4.41000000000003,7.91000000000003,2.5
"2024-09-17 23:00:00",0,0.944,0,3.5,7.40000000000003,1.2
