"timestamp","ISWR","P","RH","TA","VW"
"2024-07-23 00:00:00",0,84581.604,0.948,12.89,0.3
"2024-07-23 01:00:00",0,84562.464,0.932,12.28,0.5
"2024-07-23 02:00:00",0,84547.929,0.946,11.68,1.1
"2024-07-23 03:00:00",0,84536.949,0.906,11.92,1.6
"2024-07-23 04:00:00",0,84533.644,0.922,11.64,1.7
"2024-07-23 05:00:00",0,84509.064,0.949,11.49,1.1
"2024-07-23 06:00:00",3,84526.299,0.958,11.3,0.7
"2024-07-23 07:00:00",92,84543.214,0.936,12.18,0.2
"2024-07-23 08:00:00",223,84565.664,0.892,13.74,0.6
"2024-07-23 09:00:00",235,84576.314,0.846,14.3,1.3
"2024-07-23 10:00:00",247,84574.659,0.909,14.07,0.2
"2024-07-23 11:00:00",419,84571.704,0.809,15.78,2.7
"2024-07-23 12:00:00",794,84574.424,0.726,16.73,2.9
"2024-07-23 13:00:00",932,84571.844,0.652,18.06,4.7
"2024-07-23 14:00:00",829,84568.909,0.563,18.92,4.2
"2024-07-23 15:00:00",792,84569.554,0.537,19.18,2.7
"2024-07-23 16:00:00",588,84558.869,0.512,19.19,3.1
"2024-07-23 17:00:00",438,84555.269,0.509,18.72,3.2
"2024-07-23 18:00:00",229,84572.884,0.556,18.07,3.3
"2024-07-23 19:00:00",100,84577.574,0.72,16.67,2.6
"2024-07-23 20:00:00",52,84585.219,0.811,15.82,3.9
"2024-07-23 21:00:00",0,84575.224,0.827,15.17,4.3
"2024-07-23 22:00:00",0,84571.104,0.855,14.52,1.3
"2024-07-23 23:00:00",0,84542.919,0.868,14.38,1.7
"2024-07-24 00:00:00",0,84517.899,0.901,13.68,0.3
"2024-07-24 01:00:00",0,84508.884,0.919,13.65,1.1
"2024-07-24 02:00:00",0,84479.419,0.95,13.23,1.8
"2024-07-24 03:00:00",0,84450.009,0.959,12.74,1.7
"2024-07-24 04:00:00",0,84410.699,0.964,12.42,1
"2024-07-24 05:00:00",0,84393.924,0.973,12.11,0.7
"2024-07-24 06:00:00",2,84386.024,0.975,11.8,2.4
"2024-07-24 07:00:00",74,84381.009,0.945,11.88,2.3
"2024-07-24 08:00:00",102,84409.729,0.966,11.64,3.6
"2024-07-24 09:00:00",144,84417.134,0.938,12.13,4.1
"2024-07-24 10:00:00",447,84427.239,0.894,13.39,2.8
"2024-07-24 11:00:00",502,84401.424,0.791,14.66,2.9
"2024-07-24 12:00:00",649,84398.724,0.663,15.18,4
"2024-07-24 13:00:00",527,84384.244,1,10.16,4.5
"2024-07-24 14:00:00",602,84357.139,0.999,10.27,4.1
"2024-07-24 15:00:00",453,84356.079,0.779,13.73,3.5
"2024-07-24 16:00:00",336,84353.999,0.703,14.92,3.2
"2024-07-24 17:00:00",348,84329.094,0.911,10.51,3.8
"2024-07-24 18:00:00",147,84327.954,0.917,11.18,2.4
"2024-07-24 19:00:00",61,84321.294,1,9.72000000000003,3.2
"2024-07-24 20:00:00",45,84350.069,1,7.56,4.3
"2024-07-24 21:00:00",0,84368.059,1,7.06,4.1
"2024-07-24 22:00:00",0,84351.839,1,6.08000000000004,0.4
"2024-07-24 23:00:00",0,84344.224,1,5.74000000000001,0.7
"2024-07-25 00:00:00",0,84337.659,1,7.67000000000002,0.4
"2024-07-25 01:00:00",0,84305.439,0.848,10.58,1.2
"2024-07-25 02:00:00",0,84263.274,0.907,9.91000000000003,1.2
"2024-07-25 03:00:00",0,84222.814,0.889,9.08000000000004,1.1
"2024-07-25 04:00:00",0,84193.664,1,8.27000000000004,0.4
"2024-07-25 05:00:00",0,84176.974,1,8.11000000000001,1.2
"2024-07-25 06:00:00",1,84146.014,0.947,8.38,1.3
"2024-07-25 07:00:00",141,84165.644,0.777,10.9,1.8
"2024-07-25 08:00:00",341,84169.779,0.734,14.21,0.2
"2024-07-25 09:00:00",538,84178.249,0.748,15.64,1.1
"2024-07-25 10:00:00",719,84170.049,0.647,16.78,3.2
"2024-07-25 11:00:00",854,84153.874,0.545,17.97,3.2
"2024-07-25 12:00:00",932,84141.819,0.473,18.46,3.6
"2024-07-25 13:00:00",960,84146.194,0.313,19.52,3.6
"2024-07-25 14:00:00",913,84144.154,0.382,19.64,4.5
"2024-07-25 15:00:00",819,84140.929,0.447,18.32,4.1
"2024-07-25 16:00:00",694,84127.414,0.504,15.89,4.2
"2024-07-25 17:00:00",391,84113.019,0.61,14.94,3.5
"2024-07-25 18:00:00",201,84115.714,0.55,17.77,4
"2024-07-25 19:00:00",109,84129.034,0.65,17.45,3.9
"2024-07-25 20:00:00",39,84153.149,0.773,16.23,5.6
"2024-07-25 21:00:00",0,84189.954,0.714,15.88,2.3
"2024-07-25 22:00:00",0,84186.859,0.68,14.75,1.1
"2024-07-25 23:00:00",0,84172.054,0.713,13.71,0.7
"2024-07-26 00:00:00",0,84174.404,0.617,13.25,1.2
"2024-07-26 01:00:00",0,84170.109,0.74,12.85,1.3
"2024-07-26 02:00:00",0,84155.579,0.669,12.39,1.6
"2024-07-26 03:00:00",0,84120.069,0.76,12.4,1.4
"2024-07-26 04:00:00",0,84107.589,0.695,14.07,1.4
"2024-07-26 05:00:00",0,84105.039,0.702,13.87,1.1
"2024-07-26 06:00:00",0,84124.359,0.693,14.69,1.1
"2024-07-26 07:00:00",137,84126.814,0.763,14.03,0.8
"2024-07-26 08:00:00",337,84160.304,0.711,16.8,0.1
"2024-07-26 09:00:00",462,84165.314,0.608,19.29,0.4
"2024-07-26 10:00:00",509,84176.439,0.487,21.61,1.2
"2024-07-26 11:00:00",732,84204.274,0.525,21.52,1.8
"2024-07-26 12:00:00",781,84208.879,0.571,20.78,3.3
"2024-07-26 13:00:00",996,84236.709,0.58,21.31,3.7
"2024-07-26 14:00:00",914,84245.384,0.555,22.06,3.3
"2024-07-26 15:00:00",572,84236.019,0.578,21.69,3.8
"2024-07-26 16:00:00",496,84248.064,0.59,21.59,3.3
"2024-07-26 17:00:00",499,84255.019,0.641,20.56,4.4
"2024-07-26 18:00:00",289,84267.819,0.653,20.77,4.1
"2024-07-26 19:00:00",117,84286.634,0.74,19.03,3.9
"2024-07-26 20:00:00",45,84315.654,0.814,17.9,3.6
"2024-07-26 21:00:00",0,84350.559,0.853,17.22,2.7
"2024-07-26 22:00:00",0,84368.694,0.897,16.32,0.7
"2024-07-26 23:00:00",0,84375.679,0.858,15.85,1.4
"2024-07-27 00:00:00",0,84372.004,0.85,15.61,1
"2024-07-27 01:00:00",0,84373.914,0.859,15.12,0.7
"2024-07-27 02:00:00",0,84373.614,0.837,14.72,1.5
"2024-07-27 03:00:00",0,84353.034,0.841,14.35,0.7
"2024-07-27 04:00:00",0,84377.729,0.822,14.15,0.7
"2024-07-27 05:00:00",0,84382.444,0.822,13.82,1.4
"2024-07-27 06:00:00",0,84396.199,0.786,14.39,0.8
"2024-07-27 07:00:00",132,84431.234,0.748,15.88,1.1
"2024-07-27 08:00:00",328,84454.604,0.688,18.23,0.6
"2024-07-27 09:00:00",417,84457.644,0.571,20.98,1.4
"2024-07-27 10:00:00",448,84479.074,0.543,22.22,0.6
"2024-07-27 11:00:00",453,84484.399,0.473,23.37,1.3
"2024-07-27 12:00:00",361,84508.059,0.507,22.67,2.4
"2024-07-27 13:00:00",733,84516.064,0.542,22.24,3
"2024-07-27 14:00:00",582,84534.209,0.467,23.89,0.8
"2024-07-27 15:00:00",738,84523.329,0.404,25.14,1.3
"2024-07-27 16:00:00",444,84523.804,0.415,24.53,1.4
"2024-07-27 17:00:00",525,84531.379,0.387,24.71,1.4
"2024-07-27 18:00:00",101,84552.944,0.473,22.89,1.8
"2024-07-27 19:00:00",97,84562.634,0.624,21.08,3.4
"2024-07-27 20:00:00",97,84599.679,0.698,19.52,3.2
"2024-07-27 21:00:00",0,84659.414,0.694,18.7,1.8
"2024-07-27 22:00:00",0,84646.634,0.754,17.77,2
"2024-07-27 23:00:00",0,84667.329,0.709,17.33,0.6
"2024-07-28 00:00:00",0,84684.609,0.765,16.18,1.2
"2024-07-28 01:00:00",0,84656.514,0.793,15.18,0.8
"2024-07-28 02:00:00",0,84682.434,0.781,15.22,0.3
"2024-07-28 03:00:00",0,84694.454,0.823,14.75,1.2
"2024-07-28 04:00:00",0,84707.619,0.813,14.85,0.7
"2024-07-28 05:00:00",0,84739.124,0.804,15.02,0.5
"2024-07-28 06:00:00",0,84761.834,0.816,14.73,0.8
"2024-07-28 07:00:00",125,84812.774,0.834,15.72,0.9
"2024-07-28 08:00:00",155,84855.219,0.898,15.85,4.5
"2024-07-28 09:00:00",336,84880.114,0.844,17.66,4.3
"2024-07-28 10:00:00",414,84886.204,0.791,18.66,3.4
"2024-07-28 11:00:00",496,84907.804,0.761,19.47,4.2
"2024-07-28 12:00:00",684,84920.939,0.787,19.17,5.2
"2024-07-28 13:00:00",339,84934.874,0.842,17.69,5.9
"2024-07-28 14:00:00",778,84943.264,0.772,19.03,5.8
"2024-07-28 15:00:00",644,84934.824,0.729,19.48,4.8
"2024-07-28 16:00:00",611,84917.214,0.788,18.6,5.1
"2024-07-28 17:00:00",443,84907.149,0.768,18.81,5.3
"2024-07-28 18:00:00",215,84885.444,0.802,17.79,4.7
"2024-07-28 19:00:00",109,84896.899,0.804,17.23,4.7
"2024-07-28 20:00:00",93,84875.894,0.853,16.18,5.7
"2024-07-28 21:00:00",0,84926.644,0.883,15.61,3
"2024-07-28 22:00:00",0,84944.149,0.877,15.31,0.5
"2024-07-28 23:00:00",0,84920.104,0.88,14.51,0.7
"2024-07-29 00:00:00",0,84898.159,0.899,13.92,1.2
"2024-07-29 01:00:00",0,84891.774,0.917,13.45,0.3
"2024-07-29 02:00:00",0,84880.744,0.916,13.3,1
"2024-07-29 03:00:00",0,84849.849,0.778,14.81,0.5
"2024-07-29 04:00:00",0,84832.774,0.754,14.86,1
"2024-07-29 05:00:00",0,84843.104,0.745,14.42,1.2
"2024-07-29 06:00:00",0,84860.329,0.746,14.73,0.9
"2024-07-29 07:00:00",128,84851.549,0.715,16.48,0.7
"2024-07-29 08:00:00",326,84857.084,0.775,16.81,0.7
"2024-07-29 09:00:00",489,84854.799,0.72,19.2,0.8
"2024-07-29 10:00:00",653,84863.964,0.627,20.67,3.9
"2024-07-29 11:00:00",782,84881.464,0.5,21.51,3.5
"2024-07-29 12:00:00",596,84883.484,0.497,21.61,3
"2024-07-29 13:00:00",601,84871.534,0.493,21.82,3.1
"2024-07-29 14:00:00",667,84863.789,0.46,21.93,2.6
"2024-07-29 15:00:00",715,84870.984,0.445,22.41,2.4
"2024-07-29 16:00:00",646,84856.474,0.471,22.16,2.7
"2024-07-29 17:00:00",528,84855.609,0.468,22.11,2.3
"2024-07-29 18:00:00",268,84844.644,0.497,21.29,3
"2024-07-29 19:00:00",109,84840.114,0.591,19.45,2
"2024-07-29 20:00:00",78,84832.434,0.715,18.45,1.2
"2024-07-29 21:00:00",0,84854.814,0.698,17.33,0.4
"2024-07-29 22:00:00",0,84850.889,0.749,16.41,1
"2024-07-29 23:00:00",0,84858.429,0.794,15.57,1.1
"2024-07-30 00:00:00",0,84841.244,0.745,15.26,0.9
"2024-07-30 01:00:00",0,84817.604,0.731,14.79,1.1
"2024-07-30 02:00:00",0,84802.399,0.745,14.19,1.1
"2024-07-30 03:00:00",0,84787.074,0.638,15.79,2
"2024-07-30 04:00:00",0,84787.519,0.633,15.58,1.9
"2024-07-30 05:00:00",0,84777.874,0.583,15.67,2.4
"2024-07-30 06:00:00",0,84780.864,0.565,15.91,0.3
"2024-07-30 07:00:00",125,84792.199,0.512,18.12,0.2
"2024-07-30 08:00:00",326,84801.609,0.549,18.12,1
"2024-07-30 09:00:00",520,84798.789,0.463,20.44,2.2
"2024-07-30 10:00:00",709,84815.324,0.397,22.82,1.1
"2024-07-30 11:00:00",840,84824.524,0.325,23.92,1.3
"2024-07-30 12:00:00",917,84814.949,0.312,24.57,1.3
"2024-07-30 13:00:00",918,84822.709,0.322,24.78,1.8
"2024-07-30 14:00:00",877,84820.064,0.327,25.03,0.5
"2024-07-30 15:00:00",815,84806.264,0.322,25.35,0.6
"2024-07-30 16:00:00",652,84795.219,0.321,25.01,1.7
"2024-07-30 17:00:00",485,84760.384,0.323,24.95,0.7
"2024-07-30 18:00:00",281,84751.144,0.405,23.57,1.8
"2024-07-30 19:00:00",105,84732.934,0.435,21.93,0.9
"2024-07-30 20:00:00",69,84754.194,0.421,20.6,0.3
"2024-07-30 21:00:00",0,84767.129,0.451,19.21,0.2
"2024-07-30 22:00:00",0,84774.559,0.506,18.39,1.3
"2024-07-30 23:00:00",0,84754.039,0.545,17.35,1
"2024-07-31 00:00:00",0,84743.329,0.56,16.92,1.4
"2024-07-31 01:00:00",0,84710.019,0.5,18.48,1.6
"2024-07-31 02:00:00",0,84668.819,0.505,18.19,0.9
"2024-07-31 03:00:00",0,84642.494,0.528,17.78,1.3
"2024-07-31 04:00:00",0,84635.734,0.53,17.49,1.3
"2024-07-31 05:00:00",0,84631.409,0.578,17,1.5
"2024-07-31 06:00:00",0,84642.019,0.57,17.08,2.5
"2024-07-31 07:00:00",122,84620.504,0.553,19.08,1
"2024-07-31 08:00:00",321,84614.629,0.582,19.86,0.5
"2024-07-31 09:00:00",514,84617.879,0.488,22.36,0.5
"2024-07-31 10:00:00",700,84615.239,0.448,23.6,0.8
"2024-07-31 11:00:00",642,84609.204,0.345,25.43,1.3
"2024-07-31 12:00:00",460,84598.014,0.319,25.33,2.7
"2024-07-31 13:00:00",719,84556.699,0.307,25.68,3.1
"2024-07-31 14:00:00",230,84540.164,0.333,24.09,2.8
"2024-07-31 15:00:00",779,84481.774,0.28,26.07,1.8
"2024-07-31 16:00:00",294,84464.254,0.417,23.77,2.8
"2024-07-31 17:00:00",83,84487.089,0.502,19.46,2.4
"2024-07-31 18:00:00",43,84512.534,0.513,18.6,1.5
"2024-07-31 19:00:00",25,84552.139,0.695,16.1,4.9
"2024-07-31 20:00:00",82,84581.849,0.677,16.38,0.7
"2024-07-31 21:00:00",0,84588.819,0.821,14.84,1.9
"2024-07-31 22:00:00",0,84523.269,0.829,14.35,2.3
"2024-07-31 23:00:00",0,84506.609,0.803,14.28,1.4
"2024-08-01 00:00:00",0,84483.014,0.685,16.09,1.2
"2024-08-01 01:00:00",0,84462.989,0.702,14.6,0.7
"2024-08-01 02:00:00",0,84429.104,0.685,14.79,0.5
"2024-08-01 03:00:00",0,84388.774,0.66,15.07,1
"2024-08-01 04:00:00",0,84373.274,0.653,15.11,0.8
"2024-08-01 05:00:00",0,84364.069,0.58,15.51,1.2
"2024-08-01 06:00:00",0,84335.084,0.661,15.59,0.6
"2024-08-01 07:00:00",119,84319.564,0.639,16.37,1.3
"2024-08-01 08:00:00",308,84328.819,0.578,18.64,0.1
"2024-08-01 09:00:00",519,84295.539,0.522,20.44,0.6
"2024-08-01 10:00:00",360,84290.784,0.461,21.46,0.8
"2024-08-01 11:00:00",117,84343.934,0.667,17.01,4.6
"2024-08-01 12:00:00",315,84356.269,0.748,16.31,4.8
"2024-08-01 13:00:00",783,84335.734,0.571,19.55,3.4
"2024-08-01 14:00:00",752,84306.379,0.556,19.36,3.1
"2024-08-01 15:00:00",842,84255.524,0.525,20.66,3.2
"2024-08-01 16:00:00",572,84206.274,0.487,21.07,3.8
"2024-08-01 17:00:00",50,84239.079,0.64,18.56,2.1
"2024-08-01 18:00:00",77,84251.069,0.773,15.06,1.6
"2024-08-01 19:00:00",67,84194.574,0.789,15.23,1.3
"2024-08-01 20:00:00",80,84245.529,0.76,14.67,1.7
"2024-08-01 21:00:00",0,84285.929,0.781,13.93,1.2
"2024-08-01 22:00:00",0,84273.074,0.799,13.58,1.7
"2024-08-01 23:00:00",0,84263.014,0.815,13.19,0.4
"2024-08-02 00:00:00",0,84246.419,0.822,13.12,0.5
"2024-08-02 01:00:00",0,84228.274,0.834,13.09,0.4
"2024-08-02 02:00:00",0,84200.394,0.841,13.25,0.1
"2024-08-02 03:00:00",0,84171.264,0.834,13.63,0.1
"2024-08-02 04:00:00",0,84129.344,0.868,13.41,0.7
"2024-08-02 05:00:00",0,84139.964,0.928,12.75,1
"2024-08-02 06:00:00",0,84118.939,0.954,12.58,0.3
"2024-08-02 07:00:00",85,84112.629,0.938,13.46,1.6
"2024-08-02 08:00:00",84,84125.584,0.9,14.04,0.9
"2024-08-02 09:00:00",198,84144.814,0.829,15.44,0.7
"2024-08-02 10:00:00",264,84149.574,0.755,16.61,1.7
"2024-08-02 11:00:00",153,84186.374,0.833,15.62,1.5
"2024-08-02 12:00:00",318,84184.269,0.882,15.09,1.4
"2024-08-02 13:00:00",301,84166.254,0.738,16.99,0.9
"2024-08-02 14:00:00",316,84155.449,0.705,17.53,1.4
"2024-08-02 15:00:00",382,84140.499,0.77,16.15,1.8
"2024-08-02 16:00:00",191,84105.524,0.782,16.98,1.8
"2024-08-02 17:00:00",509,84085.054,0.548,18.62,1.6
"2024-08-02 18:00:00",255,84043.584,0.657,17.6,2.3
"2024-08-02 19:00:00",65,84049.664,0.724,16.34,1.9
"2024-08-02 20:00:00",77,84066.899,0.764,14.81,1.5
"2024-08-02 21:00:00",0,84083.489,0.773,14.62,0.1
"2024-08-02 22:00:00",0,84072.369,0.865,13.56,1.2
"2024-08-02 23:00:00",0,84067.749,0.892,12.57,2.4
"2024-08-03 00:00:00",0,84113.879,0.912,12.03,1.8
"2024-08-03 01:00:00",0,84091.899,0.926,11.7,0.9
"2024-08-03 02:00:00",0,84031.994,0.908,11.75,0.5
"2024-08-03 03:00:00",0,83998.324,0.858,11.89,0.8
"2024-08-03 04:00:00",0,83986.694,0.885,11.61,0.1
"2024-08-03 05:00:00",0,83974.844,0.902,11.38,1.4
"2024-08-03 06:00:00",0,83993.254,0.931,11.47,0.3
"2024-08-03 07:00:00",80,84004.709,0.897,12.59,0.7
"2024-08-03 08:00:00",91,84021.269,0.863,13.6,1.3
"2024-08-03 09:00:00",110,84061.544,0.855,13.94,2.8
"2024-08-03 10:00:00",321,84094.619,0.797,15.7,0.7
"2024-08-03 11:00:00",587,84112.374,0.804,15.25,3.1
"2024-08-03 12:00:00",338,84132.109,0.729,15.76,3.4
"2024-08-03 13:00:00",468,84154.694,0.737,15.23,3.4
"2024-08-03 14:00:00",601,84145.004,0.637,16.91,2.2
"2024-08-03 15:00:00",421,84134.504,0.618,17.1,2
"2024-08-03 16:00:00",420,84117.454,0.583,17.58,2.8
"2024-08-03 17:00:00",371,84128.019,0.592,17.34,3.6
"2024-08-03 18:00:00",236,84120.309,0.611,16.91,2.5
"2024-08-03 19:00:00",76,84121.079,0.715,15.46,3.2
"2024-08-03 20:00:00",75,84147.414,0.785,14.76,3.2
"2024-08-03 21:00:00",0,84209.074,0.845,13.07,0.9
"2024-08-03 22:00:00",0,84229.559,0.865,13.06,0.4
"2024-08-03 23:00:00",0,84233.509,0.891,12.45,0.3
"2024-08-04 00:00:00",0,84216.079,0.884,12.24,0.7
"2024-08-04 01:00:00",0,84206.214,0.93,11.61,0.5
"2024-08-04 02:00:00",0,84176.854,0.932,11.34,0.7
"2024-08-04 03:00:00",0,84168.054,0.937,11.21,0.7
"2024-08-04 04:00:00",0,84179.504,0.925,11.32,0.9
"2024-08-04 05:00:00",0,84153.244,0.918,11.26,0.6
"2024-08-04 06:00:00",0,84163.634,0.928,11.51,1.4
"2024-08-04 07:00:00",53,84183.354,0.938,11.89,0.2
"2024-08-04 08:00:00",224,84198.554,0.924,12.37,1.9
"2024-08-04 09:00:00",246,84222.229,0.887,13.89,2.2
"2024-08-04 10:00:00",379,84243.619,0.765,15.35,3.5
"2024-08-04 11:00:00",532,84262.364,0.638,16.79,3.8
"2024-08-04 12:00:00",407,84270.159,0.527,17.35,3.1
"2024-08-04 13:00:00",567,84268.394,0.494,18.01,3.6
"2024-08-04 14:00:00",561,84251.349,0.53,18.2,3.3
"2024-08-04 15:00:00",418,84240.644,0.521,18.22,3.3
"2024-08-04 16:00:00",451,84238.549,0.538,18.32,4.2
"2024-08-04 17:00:00",422,84233.049,0.577,18.58,3.7
"2024-08-04 18:00:00",216,84220.489,0.603,17.66,2.9
"2024-08-04 19:00:00",60,84243.739,0.813,15.67,4.5
"2024-08-04 20:00:00",70,84275.804,0.868,14.84,3.4
"2024-08-04 21:00:00",0,84288.534,0.884,14.32,2.4
"2024-08-04 22:00:00",0,84284.519,0.896,14.2,1.6
"2024-08-04 23:00:00",0,84284.069,0.929,13.87,2.5
"2024-08-05 00:00:00",0,84290.564,0.968,13.48,2.4
"2024-08-05 01:00:00",0,84277.619,0.976,13.33,2.5
"2024-08-05 02:00:00",0,84256.579,0.945,13.38,1.3
"2024-08-05 03:00:00",0,84235.569,0.929,13.05,0.8
"2024-08-05 04:00:00",0,84202.684,0.958,12.29,1.9
"2024-08-05 05:00:00",0,84196.704,0.969,12.15,1.8
"2024-08-05 06:00:00",0,84203.734,0.962,12.31,0.9
"2024-08-05 07:00:00",84,84216.139,0.919,13.14,0.6
"2024-08-05 08:00:00",261,84223.834,0.897,14.72,0.7
"2024-08-05 09:00:00",456,84218.159,0.825,16.7,1.1
"2024-08-05 10:00:00",584,84228.804,0.779,17.51,2.6
"2024-08-05 11:00:00",750,84228.604,0.688,18.93,3
"2024-08-05 12:00:00",846,84234.739,0.641,18.99,4
"2024-08-05 13:00:00",730,84246.399,0.574,19.63,4.2
"2024-08-05 14:00:00",778,84238.679,0.537,20.04,3.9
"2024-08-05 15:00:00",612,84223.229,0.519,20.69,4
"2024-08-05 16:00:00",626,84223.799,0.535,20.55,3.2
"2024-08-05 17:00:00",499,84228.194,0.562,20.24,3.2
"2024-08-05 18:00:00",265,84228.089,0.565,19.49,3.1
"2024-08-05 19:00:00",74,84239.479,0.734,17.59,3.3
"2024-08-05 20:00:00",67,84274.709,0.788,16.81,4.1
"2024-08-05 21:00:00",0,84298.379,0.824,16,1.6
"2024-08-05 22:00:00",0,84291.174,0.794,14.86,0.8
"2024-08-05 23:00:00",0,84297.174,0.821,14.1,1
"2024-08-06 00:00:00",0,84295.934,0.825,13.56,1.1
"2024-08-06 01:00:00",0,84265.839,0.822,13.16,2.7
"2024-08-06 02:00:00",0,84242.024,0.738,14.2,1.1
"2024-08-06 03:00:00",0,84219.814,0.695,14.39,1.3
"2024-08-06 04:00:00",0,84179.944,0.693,14.13,0.7
"2024-08-06 05:00:00",0,84178.314,0.669,14.39,0.5
"2024-08-06 06:00:00",0,84185.294,0.683,14.12,3.4
"2024-08-06 07:00:00",99,84195.864,0.628,16.08,0.7
"2024-08-06 08:00:00",301,84206.359,0.657,17.05,0.3
"2024-08-06 09:00:00",501,84206.674,0.601,18.2,0.6
"2024-08-06 10:00:00",687,84213.654,0.54,20.29,1.7
"2024-08-06 11:00:00",815,84221.574,0.437,21.87,2.7
"2024-08-06 12:00:00",912,84224.464,0.389,22.38,3.6
"2024-08-06 13:00:00",930,84205.979,0.421,22.48,3.9
"2024-08-06 14:00:00",899,84208.714,0.399,22.98,3.6
"2024-08-06 15:00:00",805,84198.044,0.396,23.01,3.8
"2024-08-06 16:00:00",660,84187.339,0.428,22.64,2.8
"2024-08-06 17:00:00",446,84193.639,0.59,21.39,3.9
"2024-08-06 18:00:00",225,84204.484,0.631,20.61,2.9
"2024-08-06 19:00:00",39,84236.099,0.662,19.11,3.8
"2024-08-06 20:00:00",33,84252.639,0.69,18.16,4.1
"2024-08-06 21:00:00",0,84272.809,0.694,17.64,1.4
"2024-08-06 22:00:00",0,84284.744,0.744,16.42,0.6
"2024-08-06 23:00:00",0,84292.194,0.75,16.2,1
"2024-08-07 00:00:00",0,84285.259,0.854,16.17,0.7
"2024-08-07 01:00:00",0,84280.399,0.855,15.63,1.3
"2024-08-07 02:00:00",0,84257.524,0.843,14.7,1
"2024-08-07 03:00:00",0,84250.204,0.825,14.46,1
"2024-08-07 04:00:00",0,84243.389,0.77,14.99,1.9
"2024-08-07 05:00:00",0,84232.869,0.767,14.73,2.4
"2024-08-07 06:00:00",0,84230.094,0.799,14.37,2.3
"2024-08-07 07:00:00",98,84226.794,0.774,15.73,0.2
"2024-08-07 08:00:00",265,84236.234,0.682,18.69,0.5
"2024-08-07 09:00:00",494,84227.919,0.559,20.29,0.6
"2024-08-07 10:00:00",408,84245.484,0.806,17.43,5.5
"2024-08-07 11:00:00",67,84325.069,0.814,14.67,3.2
"2024-08-07 12:00:00",59,84402.484,0.943,12.74,1.2
"2024-08-07 13:00:00",372,84381.819,0.851,13.82,2.7
"2024-08-07 14:00:00",531,84349.654,0.729,16.05,0.5
"2024-08-07 15:00:00",562,84287.754,0.669,17.92,1.4
"2024-08-07 16:00:00",231,84300.864,0.711,17.64,1.5
"2024-08-07 17:00:00",185,84293.149,0.749,17.44,1.5
"2024-08-07 18:00:00",116,84283.799,0.756,17.11,1.6
"2024-08-07 19:00:00",36,84313.384,0.765,15.69,1.9
"2024-08-07 20:00:00",61,84322.934,0.807,14.92,1.7
"2024-08-07 21:00:00",0,84355.249,0.837,14.17,1.7
"2024-08-07 22:00:00",0,84406.239,0.812,14.31,1.6
"2024-08-07 23:00:00",0,84394.859,0.831,13.6,1.5
"2024-08-08 00:00:00",0,84358.729,0.854,12.86,0.8
"2024-08-08 01:00:00",0,84350.089,0.866,12.82,0.2
"2024-08-08 02:00:00",0,84336.004,0.861,13.2,0.6
"2024-08-08 03:00:00",0,84328.899,0.873,13.2,0.1
"2024-08-08 04:00:00",0,84319.264,0.899,12.52,0.8
"2024-08-08 05:00:00",0,84335.294,0.886,12.39,0.8
"2024-08-08 06:00:00",0,84361.004,0.837,12.22,0.4
"2024-08-08 07:00:00",95,84382.159,0.768,13.71,1.3
"2024-08-08 08:00:00",292,84399.354,0.656,16.14,1.2
"2024-08-08 09:00:00",418,84424.839,0.62,17.79,0.5
"2024-08-08 10:00:00",213,84410.239,0.658,16.64,0.9
"2024-08-08 11:00:00",478,84424.329,0.701,17.38,3.6
"2024-08-08 12:00:00",563,84429.044,0.748,17.15,3.9
"2024-08-08 13:00:00",511,84430.764,0.745,17.12,4.3
"2024-08-08 14:00:00",755,84425.074,0.76,17.45,4.1
"2024-08-08 15:00:00",827,84414.609,0.698,17.87,5.1
"2024-08-08 16:00:00",527,84406.204,0.648,18.53,4.6
"2024-08-08 17:00:00",395,84407.364,0.636,18.53,4.6
"2024-08-08 18:00:00",155,84428.209,0.768,16.99,5.9
"2024-08-08 19:00:00",55,84449.809,0.823,15.96,4.5
"2024-08-08 20:00:00",58,84484.449,0.862,15.47,4.1
"2024-08-08 21:00:00",0,84509.194,0.886,14.89,3.9
"2024-08-08 22:00:00",0,84532.919,0.892,14.27,0.6
"2024-08-08 23:00:00",0,84537.659,0.869,13.56,1.4
"2024-08-09 00:00:00",0,84536.869,0.906,12.76,1.3
"2024-08-09 01:00:00",0,84530.789,0.872,12.38,1.3
"2024-08-09 02:00:00",0,84518.604,0.854,12.18,1.3
"2024-08-09 03:00:00",0,84513.869,0.885,11.55,1.4
"2024-08-09 04:00:00",0,84473.784,0.884,11.63,3.1
"2024-08-09 05:00:00",0,84480.294,0.752,13.11,1.2
"2024-08-09 06:00:00",0,84511.569,0.706,13.36,1
"2024-08-09 07:00:00",88,84544.069,0.675,15.08,0.1
"2024-08-09 08:00:00",290,84586.699,0.718,15.59,0.8
"2024-08-09 09:00:00",491,84622.994,0.708,16.77,1.8
"2024-08-09 10:00:00",657,84647.679,0.584,18.88,3.2
"2024-08-09 11:00:00",830,84659.734,0.457,19.87,3.7
"2024-08-09 12:00:00",913,84671.819,0.459,20.76,3.6
"2024-08-09 13:00:00",668,84686.839,0.479,21.33,3.7
"2024-08-09 14:00:00",681,84688.194,0.467,21.76,2.5
"2024-08-09 15:00:00",638,84693.369,0.496,21.22,3.7
"2024-08-09 16:00:00",632,84709.644,0.501,21.42,3.7
"2024-08-09 17:00:00",424,84721.089,0.524,21.09,3.1
"2024-08-09 18:00:00",218,84737.224,0.547,20.51,3.1
"2024-08-09 19:00:00",60,84752.644,0.608,19.82,2
"2024-08-09 20:00:00",54,84777.749,0.712,18.1,3.2
"2024-08-09 21:00:00",0,84829.154,0.752,17.34,2.2
"2024-08-09 22:00:00",0,84840.934,0.753,16.29,1.1
"2024-08-09 23:00:00",0,84843.354,0.772,16.03,1
"2024-08-10 00:00:00",0,84853.534,0.812,15.32,0.6
"2024-08-10 01:00:00",0,84833.234,0.825,14.6,2.5
"2024-08-10 02:00:00",0,84828.704,0.834,13.77,2
"2024-08-10 03:00:00",0,84826.879,0.855,13.26,1.4
"2024-08-10 04:00:00",0,84824.154,0.878,13.06,2.4
"2024-08-10 05:00:00",0,84832.589,0.829,13.9,0.5
"2024-08-10 06:00:00",0,84849.474,0.851,13.65,1
"2024-08-10 07:00:00",83,84876.149,0.799,15.77,3.5
"2024-08-10 08:00:00",284,84900.739,0.816,17.02,0.8
"2024-08-10 09:00:00",485,84905.629,0.774,18.3,1.1
"2024-08-10 10:00:00",669,84929.224,0.702,20.52,2.8
"2024-08-10 11:00:00",804,84941.429,0.629,21.41,3.7
"2024-08-10 12:00:00",893,84955.044,0.522,22.8,3.7
"2024-08-10 13:00:00",944,84975.399,0.463,23.38,3.9
"2024-08-10 14:00:00",888,84996.959,0.439,23.64,4.4
"2024-08-10 15:00:00",782,84998.919,0.419,23.87,3.6
"2024-08-10 16:00:00",588,84999.074,0.461,23.99,4
"2024-08-10 17:00:00",476,84992.699,0.471,23.7,3.8
"2024-08-10 18:00:00",244,84981.004,0.553,22.11,4.1
"2024-08-10 19:00:00",62,84974.979,0.591,21.2,3.2
"2024-08-10 20:00:00",50,84994.529,0.643,19.88,2
"2024-08-10 21:00:00",0,85021.844,0.65,18.55,0.5
"2024-08-10 22:00:00",0,85020.979,0.649,17.46,1
"2024-08-10 23:00:00",0,85021.334,0.647,16.76,1
"2024-08-11 00:00:00",0,85019.514,0.643,17.14,0.7
"2024-08-11 01:00:00",0,85010.779,0.662,16.56,0.3
"2024-08-11 02:00:00",0,84984.779,0.716,16.3,0.4
"2024-08-11 03:00:00",0,84970.004,0.738,16.16,0.5
"2024-08-11 04:00:00",0,84948.629,0.778,15.98,0.5
"2024-08-11 05:00:00",0,84957.594,0.747,16.32,0.5
"2024-08-11 06:00:00",0,84962.314,0.766,16.31,0.3
"2024-08-11 07:00:00",79,84973.174,0.705,18.43,0.6
"2024-08-11 08:00:00",281,84969.219,0.676,19.59,0.4
"2024-08-11 09:00:00",483,84973.529,0.558,22.73,0.1
"2024-08-11 10:00:00",669,84967.094,0.5,23.6,0.5
"2024-08-11 11:00:00",817,84960.309,0.451,25.26,2.7
"2024-08-11 12:00:00",737,84927.069,0.428,25.39,3.5
"2024-08-11 13:00:00",805,84905.764,0.424,25.66,3.5
"2024-08-11 14:00:00",851,84876.709,0.433,25.84,3.6
"2024-08-11 15:00:00",771,84854.954,0.462,25.76,4.3
"2024-08-11 16:00:00",606,84833.439,0.484,25.16,2.8
"2024-08-11 17:00:00",468,84817.024,0.511,25.21,2.9
"2024-08-11 18:00:00",287,84796.704,0.619,23.68,4.1
"2024-08-11 19:00:00",126,84795.254,0.707,22.29,1.1
"2024-08-11 20:00:00",27,84788.529,0.726,20.71,1.3
"2024-08-11 21:00:00",0,84796.779,0.759,19.44,1
"2024-08-11 22:00:00",0,84790.119,0.737,19.07,1
"2024-08-11 23:00:00",0,84778.994,0.75,18.45,1.4
"2024-08-12 00:00:00",0,84743.259,0.757,17.89,1.1
"2024-08-12 01:00:00",0,84692.374,0.765,17.42,0.9
"2024-08-12 02:00:00",0,84683.959,0.81,16.85,0.9
"2024-08-12 03:00:00",0,84678.764,0.809,16.25,1.5
"2024-08-12 04:00:00",0,84662.434,0.771,16.12,1.5
"2024-08-12 05:00:00",0,84644.949,0.718,15.76,1.2
"2024-08-12 06:00:00",0,84623.784,0.735,16.84,1
"2024-08-12 07:00:00",75,84595.414,0.795,16.51,0.4
"2024-08-12 08:00:00",277,84591.589,0.669,19.79,0.9
"2024-08-12 09:00:00",478,84580.204,0.565,22.19,0.6
"2024-08-12 10:00:00",664,84585.449,0.501,23.34,1.3
"2024-08-12 11:00:00",811,84560.304,0.443,24.12,2.9
"2024-08-12 12:00:00",649,84534.374,0.423,24.22,3.1
"2024-08-12 13:00:00",727,84512.969,0.425,24.16,3.5
"2024-08-12 14:00:00",530,84510.374,0.423,24.75,2.8
"2024-08-12 15:00:00",462,84484.409,0.412,24.02,4.1
"2024-08-12 16:00:00",528,84455.944,0.437,24.22,3.6
"2024-08-12 17:00:00",460,84422.284,0.455,24.18,3.3
"2024-08-12 18:00:00",243,84383.069,0.535,23.25,4.4
"2024-08-12 19:00:00",27,84400.814,0.631,21.87,2.8
"2024-08-12 20:00:00",43,84435.459,0.683,20.52,3.4
"2024-08-12 21:00:00",0,84438.969,0.685,19.73,1
"2024-08-12 22:00:00",0,84444.119,0.785,18.2,1.1
"2024-08-12 23:00:00",0,84442.434,0.758,17.98,4
"2024-08-13 00:00:00",0,84462.009,0.852,16.33,3.1
"2024-08-13 01:00:00",0,84430.909,0.822,15.84,1.9
"2024-08-13 02:00:00",0,84390.329,0.793,15.94,1.4
"2024-08-13 03:00:00",0,84374.319,0.802,15.87,1.1
"2024-08-13 04:00:00",0,84340.494,0.791,15.56,1.2
"2024-08-13 05:00:00",0,84314.849,0.839,14.77,1.2
"2024-08-13 06:00:00",0,84312.899,0.838,14.7,0.2
"2024-08-13 07:00:00",68,84315.789,0.824,15.78,1.7
"2024-08-13 08:00:00",273,84320.779,0.787,18.37,0.8
"2024-08-13 09:00:00",288,84324.489,0.744,19.53,0.5
"2024-08-13 10:00:00",397,84321.964,0.616,21.67,0.8
"2024-08-13 11:00:00",445,84312.324,0.476,23.14,1.3
"2024-08-13 12:00:00",602,84297.314,0.378,23.94,2.7
"2024-08-13 13:00:00",519,84277.039,0.394,23.07,3.4
"2024-08-13 14:00:00",434,84259.504,0.448,22.86,3.1
"2024-08-13 15:00:00",365,84241.569,0.453,23.13,2.1
"2024-08-13 16:00:00",571,84226.329,0.645,19.68,1.3
"2024-08-13 17:00:00",239,84223.064,0.681,18.9,4.2
"2024-08-13 18:00:00",171,84214.969,0.702,17.31,2.9
"2024-08-13 19:00:00",120,84213.399,0.704,16.96,2
"2024-08-13 20:00:00",44,84218.254,0.721,16.36,2.4
"2024-08-13 21:00:00",0,84231.269,0.641,18.09,1.7
"2024-08-13 22:00:00",0,84246.009,0.65,17.7,0.6
"2024-08-13 23:00:00",0,84236.489,0.618,17.61,0.8
"2024-08-14 00:00:00",0,84230.424,0.602,17.5,0.8
"2024-08-14 01:00:00",0,84216.794,0.618,16.77,1
"2024-08-14 02:00:00",0,84243.779,0.676,16.39,0.8
"2024-08-14 03:00:00",0,84210.074,0.749,13.99,0.2
"2024-08-14 04:00:00",0,84215.289,0.738,13.45,2.1
"2024-08-14 05:00:00",0,84224.119,0.712,12.62,1.6
"2024-08-14 06:00:00",0,84222.784,0.514,14.49,0.7
"2024-08-14 07:00:00",69,84224.049,0.553,16.83,1.1
"2024-08-14 08:00:00",272,84278.159,0.571,17.41,0.7
"2024-08-14 09:00:00",476,84284.749,0.516,19.72,0.6
"2024-08-14 10:00:00",663,84289.214,0.43,22.09,1.1
"2024-08-14 11:00:00",816,84303.724,0.314,23.66,2
"2024-08-14 12:00:00",715,84298.174,0.378,22.99,1.6
"2024-08-14 13:00:00",339,84299.264,0.471,20.99,1.8
"2024-08-14 14:00:00",460,84304.329,0.677,18.02,2.2
"2024-08-14 15:00:00",196,84363.859,0.73,15.42,1.9
"2024-08-14 16:00:00",276,84338.879,0.813,15.66,3.4
"2024-08-14 17:00:00",364,84338.524,0.588,18.5,1.3
"2024-08-14 18:00:00",202,84341.089,0.608,18.06,0.8
"2024-08-14 19:00:00",36,84383.129,0.703,16.13,1.5
"2024-08-14 20:00:00",0,84429.774,0.7,15.84,1.6
"2024-08-14 21:00:00",0,84491.464,0.714,15.53,1
"2024-08-14 22:00:00",0,84499.304,0.709,15.29,1.1
"2024-08-14 23:00:00",0,84484.104,0.827,13.64,1.2
"2024-08-15 00:00:00",0,84473.299,0.8,13.52,1.9
"2024-08-15 01:00:00",0,84438.929,0.783,13.34,1.6
"2024-08-15 02:00:00",0,84425.099,0.655,14.92,0.9
"2024-08-15 03:00:00",0,84435.034,0.662,14.62,1.8
"2024-08-15 04:00:00",0,84442.739,0.664,14.21,0.4
"2024-08-15 05:00:00",0,84486.974,0.654,14.26,0.6
"2024-08-15 06:00:00",0,84513.999,0.67,13.84,1.9
"2024-08-15 07:00:00",63,84547.369,0.642,15.32,0.3
"2024-08-15 08:00:00",265,84565.224,0.675,15.86,0.5
"2024-08-15 09:00:00",470,84591.804,0.593,18.19,0.5
"2024-08-15 10:00:00",659,84615.484,0.492,20.37,1.3
"2024-08-15 11:00:00",776,84597.599,0.449,21.47,2.2
"2024-08-15 12:00:00",754,84625.319,0.425,22.07,3.5
"2024-08-15 13:00:00",586,84633.879,0.43,22.81,3.5
"2024-08-15 14:00:00",558,84618.284,0.434,22.74,4.2
"2024-08-15 15:00:00",648,84598.214,0.469,22.47,4.1
"2024-08-15 16:00:00",579,84615.879,0.492,22.3,3.5
"2024-08-15 17:00:00",282,84612.179,0.582,21.18,3.3
"2024-08-15 18:00:00",105,84622.514,0.64,19.88,1.6
"2024-08-15 19:00:00",51,84631.379,0.684,19.07,2.3
"2024-08-15 20:00:00",35,84657.959,0.692,17.96,1.9
"2024-08-15 21:00:00",0,84702.239,0.685,17.1,1.4
"2024-08-15 22:00:00",0,84705.279,0.672,16.26,1.7
"2024-08-15 23:00:00",0,84696.879,0.683,15.46,1.1
"2024-08-16 00:00:00",0,84675.009,0.73,14.59,1.1
"2024-08-16 01:00:00",0,84645.319,0.696,15.25,2.4
"2024-08-16 02:00:00",0,84627.799,0.736,14.71,1.2
"2024-08-16 03:00:00",0,84613.374,0.739,14.29,2.4
"2024-08-16 04:00:00",0,84603.884,0.752,13.99,0.8
"2024-08-16 05:00:00",0,84604.724,0.81,13.37,0.8
"2024-08-16 06:00:00",0,84598.849,0.823,13.72,0.9
"2024-08-16 07:00:00",65,84585.679,0.82,14.37,0.4
"2024-08-16 08:00:00",260,84594.439,0.767,16.71,0.4
"2024-08-16 09:00:00",456,84599.579,0.757,18.57,1.1
"2024-08-16 10:00:00",590,84608.469,0.653,19.79,3.9
"2024-08-16 11:00:00",710,84591.244,0.56,21.3,2.5
"2024-08-16 12:00:00",627,84592.594,0.565,21.9,4.1
"2024-08-16 13:00:00",459,84579.924,0.57,21.9,4.7
"2024-08-16 14:00:00",386,84558.099,0.566,22.18,4.7
"2024-08-16 15:00:00",494,84540.309,0.563,22.22,3.6
"2024-08-16 16:00:00",215,84518.894,0.631,21.46,4.3
"2024-08-16 17:00:00",437,84489.819,0.65,21.15,3
"2024-08-16 18:00:00",192,84475.979,0.731,20.14,4.8
"2024-08-16 19:00:00",74,84476.169,0.786,19.27,3.7
"2024-08-16 20:00:00",31,84493.459,0.833,18.26,3.6
"2024-08-16 21:00:00",0,84516.429,0.784,17.61,2.3
"2024-08-16 22:00:00",0,84522.664,0.834,17.16,3
"2024-08-16 23:00:00",0,84499.954,0.751,17.05,2.2
"2024-08-17 00:00:00",0,84469.124,0.756,16.55,0.6
"2024-08-17 01:00:00",0,84433.919,0.796,16.19,0.2
"2024-08-17 02:00:00",0,84393.674,0.882,15.52,0.7
"2024-08-17 03:00:00",0,84384.104,0.95,14.77,0.7
"2024-08-17 04:00:00",0,84368.374,0.968,14.79,0.5
"2024-08-17 05:00:00",0,84337.624,0.976,14.64,0.6
"2024-08-17 06:00:00",0,84317.104,0.979,14.19,0.6
"2024-08-17 07:00:00",58,84299.784,0.966,14.62,0.7
"2024-08-17 08:00:00",236,84296.129,0.924,16.09,0.8
"2024-08-17 09:00:00",305,84306.889,0.923,16.81,2.6
"2024-08-17 10:00:00",526,84300.709,0.877,17.87,1
"2024-08-17 11:00:00",534,84291.094,0.81,18.81,3.8
"2024-08-17 12:00:00",415,84250.429,0.773,19.29,4.2
"2024-08-17 13:00:00",322,84222.689,0.786,18.39,0.8
"2024-08-17 14:00:00",393,84200.184,0.826,18.16,4.3
"2024-08-17 15:00:00",409,84163.809,0.774,18.82,4.6
"2024-08-17 16:00:00",378,84136.819,0.741,18.89,4.4
"2024-08-17 17:00:00",229,84107.464,0.781,17.77,4.7
"2024-08-17 18:00:00",62,84077.839,0.859,16.98,3.8
"2024-08-17 19:00:00",57,84070.479,0.891,16.04,4.3
"2024-08-17 20:00:00",0,84065.579,0.931,15.51,3.7
"2024-08-17 21:00:00",0,84078.779,0.946,15.19,2.3
"2024-08-17 22:00:00",0,84055.364,0.954,15.21,1.9
"2024-08-17 23:00:00",0,84021.124,0.96,14.97,1.2
"2024-08-18 00:00:00",0,83965.259,0.963,14.44,0.4
"2024-08-18 01:00:00",0,83916.969,0.966,14.08,1.3
"2024-08-18 02:00:00",0,83870.569,0.968,13.9,2.2
"2024-08-18 03:00:00",0,83822.849,0.969,13.52,0.9
"2024-08-18 04:00:00",0,83776.824,0.957,13.51,2.2
"2024-08-18 05:00:00",0,83753.964,0.982,13.06,1.1
"2024-08-18 06:00:00",0,83711.429,0.973,13.03,1.3
"2024-08-18 07:00:00",48,83709.099,0.95,13.27,1.8
"2024-08-18 08:00:00",59,83696.379,0.96,13.34,2.2
"2024-08-18 09:00:00",49,83695.844,0.966,13.34,0.8
"2024-08-18 10:00:00",59,83714.554,0.974,13.19,1.6
"2024-08-18 11:00:00",123,83720.729,0.968,12.65,0.5
"2024-08-18 12:00:00",148,83714.849,0.977,12.13,3.4
"2024-08-18 13:00:00",125,83726.324,0.963,11.77,3.1
"2024-08-18 14:00:00",147,83736.034,0.94,11.54,1.3
"2024-08-18 15:00:00",141,83735.114,0.94,11.73,1.9
"2024-08-18 16:00:00",134,83750.524,0.955,11.3,3.9
"2024-08-18 17:00:00",102,83776.279,0.943,11.35,2.7
"2024-08-18 18:00:00",58,83770.109,0.97,11.57,3.1
"2024-08-18 19:00:00",46,83809.864,0.967,11.32,2.5
"2024-08-18 20:00:00",0,83847.234,0.976,10.77,2.6
"2024-08-18 21:00:00",0,83902.119,0.975,10.53,2.5
"2024-08-18 22:00:00",0,83915.449,0.989,10.35,3.8
"2024-08-18 23:00:00",0,83920.109,0.979,10.24,2.2
"2024-08-19 00:00:00",0,83922.539,0.969,10.12,1.4
"2024-08-19 01:00:00",0,83934.009,0.971,10.04,0.9
"2024-08-19 02:00:00",0,83927.099,0.979,9.27000000000004,3.3
"2024-08-19 03:00:00",0,83938.654,0.98,8.56,3.7
"2024-08-19 04:00:00",0,83949.109,0.989,7.94,4.4
"2024-08-19 05:00:00",0,83949.309,0.987,7.60000000000002,4.4
"2024-08-19 06:00:00",0,83970.864,0.986,7.54000000000002,3.5
"2024-08-19 07:00:00",38,83998.284,0.972,7.83000000000004,3.9
"2024-08-19 08:00:00",98,84043.144,0.975,8.02000000000004,4.3
"2024-08-19 09:00:00",240,84058.704,0.967,8.37,4.9
"2024-08-19 10:00:00",436,84074.694,0.928,9.24000000000001,5.2
"2024-08-19 11:00:00",285,84091.704,0.912,9.61000000000001,5.1
"2024-08-19 12:00:00",432,84100.859,0.892,10.68,3.9
"2024-08-19 13:00:00",520,84101.074,0.876,11.74,0.8
"2024-08-19 14:00:00",402,84110.759,0.857,12.61,5
"2024-08-19 15:00:00",316,84103.784,0.857,12.55,5.6
"2024-08-19 16:00:00",242,84097.544,0.851,12.96,4.6
"2024-08-19 17:00:00",173,84111.874,0.875,12.62,3.9
"2024-08-19 18:00:00",71,84097.829,0.918,12.04,0.3
"2024-08-19 19:00:00",30,84121.989,0.948,11.41,1.7
"2024-08-19 20:00:00",0,84158.714,0.955,11.47,2
"2024-08-19 21:00:00",0,84183.534,0.981,11.04,1.5
"2024-08-19 22:00:00",0,84175.109,0.965,11.18,0.9
"2024-08-19 23:00:00",0,84151.479,0.958,10.82,1.4
"2024-08-20 00:00:00",0,84142.019,0.96,10.4,2.1
"2024-08-20 01:00:00",0,84122.569,1,9.54000000000002,1.9
"2024-08-20 02:00:00",0,84086.529,1,9.63,1.4
"2024-08-20 03:00:00",0,84065.639,0.84,11.92,0.2
"2024-08-20 04:00:00",0,84031.729,0.807,12.11,1.2
"2024-08-20 05:00:00",0,84003.724,0.744,12.8,1.4
"2024-08-20 06:00:00",0,84010.609,0.767,12.22,0.7
"2024-08-20 07:00:00",49,84022.374,0.747,13.65,0.6
"2024-08-20 08:00:00",243,84059.649,0.74,15.58,0.1
"2024-08-20 09:00:00",446,84076.229,0.706,16.69,0.4
"2024-08-20 10:00:00",637,84109.519,0.67,17.87,0.8
"2024-08-20 11:00:00",787,84116.644,0.606,19.37,2.5
"2024-08-20 12:00:00",755,84093.244,0.531,20.6,3.1
"2024-08-20 13:00:00",584,84083.659,0.586,20.68,2.8
"2024-08-20 14:00:00",740,84079.239,0.635,20.31,3.8
"2024-08-20 15:00:00",658,84069.414,0.655,19.83,4.6
"2024-08-20 16:00:00",380,84067.029,0.682,19.01,5.2
"2024-08-20 17:00:00",333,84075.069,0.724,18.33,4.7
"2024-08-20 18:00:00",205,84077.669,0.755,18.04,4.4
"2024-08-20 19:00:00",35,84099.984,0.764,17.36,5.1
"2024-08-20 20:00:00",0,84131.274,0.817,16.54,3.8
"2024-08-20 21:00:00",0,84155.809,0.935,14.86,4.6
"2024-08-20 22:00:00",0,84196.594,0.955,14.66,2.6
"2024-08-20 23:00:00",0,84186.084,0.979,14.36,0.6
"2024-08-21 00:00:00",0,84195.624,0.973,14.29,1.1
"2024-08-21 01:00:00",0,84175.339,0.977,13.91,3.1
"2024-08-21 02:00:00",0,84191.074,0.954,13.62,1.6
"2024-08-21 03:00:00",0,84206.879,0.932,13.37,3.1
"2024-08-21 04:00:00",0,84177.299,0.945,12.31,0.9
"2024-08-21 05:00:00",0,84176.774,0.946,12.14,2.1
"2024-08-21 06:00:00",0,84190.259,0.944,12.26,1
"2024-08-21 07:00:00",51,84208.874,0.937,12.38,1.5
"2024-08-21 08:00:00",223,84252.999,0.909,12.83,2.7
"2024-08-21 09:00:00",375,84289.174,0.852,13.93,3.2
"2024-08-21 10:00:00",561,84320.929,0.759,14.83,3.9
"2024-08-21 11:00:00",737,84325.659,0.655,15.8,4.1
"2024-08-21 12:00:00",458,84310.779,0.621,16.2,4.8
"2024-08-21 13:00:00",453,84321.659,0.566,16.25,4.1
"2024-08-21 14:00:00",622,84315.814,0.593,16.35,3.9
"2024-08-21 15:00:00",507,84292.864,0.593,16.26,4.7
"2024-08-21 16:00:00",360,84283.724,0.643,15.8,4.7
"2024-08-21 17:00:00",362,84292.889,0.695,15.45,4.5
"2024-08-21 18:00:00",102,84289.704,0.773,14.1,4.4
"2024-08-21 19:00:00",30,84308.844,0.847,12.75,4.6
"2024-08-21 20:00:00",0,84339.574,0.896,11.61,3.7
"2024-08-21 21:00:00",0,84358.939,0.926,11.06,2
"2024-08-21 22:00:00",0,84336.254,0.943,10.39,1.2
"2024-08-21 23:00:00",0,84330.539,0.956,9.65000000000003,1.1
"2024-08-22 00:00:00",0,84305.884,0.946,9.67000000000002,1.8
"2024-08-22 01:00:00",0,84276.229,0.902,10.47,2.4
"2024-08-22 02:00:00",0,84238.624,0.955,8.75,2
"2024-08-22 03:00:00",0,84219.064,0.753,12.2,0.6
"2024-08-22 04:00:00",0,84190.814,0.725,12.87,1.4
"2024-08-22 05:00:00",0,84187.534,0.714,13,1.4
"2024-08-22 06:00:00",0,84173.814,0.703,13.09,1
"2024-08-22 07:00:00",48,84166.199,0.684,13.82,1.3
"2024-08-22 08:00:00",234,84188.904,0.725,14.38,0.6
"2024-08-22 09:00:00",439,84197.979,0.624,17.17,0.8
"2024-08-22 10:00:00",624,84210.734,0.519,19.56,1.2
"2024-08-22 11:00:00",677,84216.609,0.454,21.03,1.1
"2024-08-22 12:00:00",782,84209.994,0.456,21.89,0.9
"2024-08-22 13:00:00",611,84213.479,0.453,22.39,1.8
"2024-08-22 14:00:00",673,84201.869,0.544,21,3.1
"2024-08-22 15:00:00",659,84187.464,0.618,20.1,4.2
"2024-08-22 16:00:00",593,84198.609,0.673,19.14,3.1
"2024-08-22 17:00:00",334,84204.579,0.74,17.88,5.2
"2024-08-22 18:00:00",165,84214.464,0.734,17.61,3.4
"2024-08-22 19:00:00",34,84237.589,0.745,16.92,1.8
"2024-08-22 20:00:00",0,84262.089,0.808,15.06,0.2
"2024-08-22 21:00:00",0,84292.734,0.82,14.69,0.4
"2024-08-22 22:00:00",0,84309.219,0.851,13.65,1.2
"2024-08-22 23:00:00",0,84317.124,0.866,13.29,0.7
"2024-08-23 00:00:00",0,84316.404,0.865,13.07,1.4
"2024-08-23 01:00:00",0,84311.304,0.931,12.49,1.5
"2024-08-23 02:00:00",0,84297.739,0.839,13.6,0.5
"2024-08-23 03:00:00",0,84287.509,0.848,13.73,1.4
"2024-08-23 04:00:00",0,84266.669,0.842,13.43,1.4
"2024-08-23 05:00:00",0,84279.924,0.879,12.76,0.7
"2024-08-23 06:00:00",0,84284.309,0.814,12.93,1.5
"2024-08-23 07:00:00",40,84291.674,0.745,14.73,0.6
"2024-08-23 08:00:00",228,84310.639,0.741,15.81,0.6
"2024-08-23 09:00:00",436,84345.909,0.651,17.74,0.5
"2024-08-23 10:00:00",625,84374.469,0.592,19.93,0.5
"2024-08-23 11:00:00",732,84385.034,0.538,20.93,2.7
"2024-08-23 12:00:00",669,84391.889,0.502,21.3,3.1
"2024-08-23 13:00:00",726,84401.369,0.543,21.3,3.7
"2024-08-23 14:00:00",670,84405.389,0.55,21.68,3.4
"2024-08-23 15:00:00",707,84397.399,0.515,22.72,2.3
"2024-08-23 16:00:00",588,84414.954,0.551,21.99,4.4
"2024-08-23 17:00:00",404,84427.899,0.545,21.84,3.7
"2024-08-23 18:00:00",190,84437.119,0.597,20.52,3.7
"2024-08-23 19:00:00",32,84461.589,0.679,18.8,4.3
"2024-08-23 20:00:00",0,84511.919,0.735,17.66,1.7
"2024-08-23 21:00:00",0,84537.544,0.772,16.11,1.2
"2024-08-23 22:00:00",0,84548.364,0.759,15.74,1.7
"2024-08-23 23:00:00",0,84547.064,0.779,15.02,1.5
"2024-08-24 00:00:00",0,84553.664,0.785,14.51,0.7
"2024-08-24 01:00:00",0,84538.819,0.774,14.26,1.3
"2024-08-24 02:00:00",0,84528.999,0.795,13.98,1.1
"2024-08-24 03:00:00",0,84519.694,0.818,13.59,0.9
"2024-08-24 04:00:00",0,84499.814,0.74,14.75,1.1
"2024-08-24 05:00:00",0,84488.114,0.725,14.57,0.4
"2024-08-24 06:00:00",0,84506.464,0.73,14.54,0.6
"2024-08-24 07:00:00",38,84506.529,0.664,16.07,0.7
"2024-08-24 08:00:00",221,84511.999,0.728,16.41,0.6
"2024-08-24 09:00:00",433,84517.504,0.612,18.82,1.9
"2024-08-24 10:00:00",619,84536.639,0.51,21.49,1.8
"2024-08-24 11:00:00",702,84536.244,0.442,22.68,1.3
"2024-08-24 12:00:00",687,84525.569,0.426,23.23,2
"2024-08-24 13:00:00",416,84534.864,0.407,24.06,2.2
"2024-08-24 14:00:00",476,84522.754,0.371,24.3,1.8
"2024-08-24 15:00:00",645,84496.779,0.378,24.71,3.1
"2024-08-24 16:00:00",506,84481.759,0.409,23.9,2.1
"2024-08-24 17:00:00",317,84475.464,0.409,23.35,1.6
"2024-08-24 18:00:00",194,84466.094,0.422,22.2,1.2
"2024-08-24 19:00:00",33,84460.619,0.492,19.89,1.2
"2024-08-24 20:00:00",0,84449.309,0.547,18.14,2.8
"2024-08-24 21:00:00",0,84501.964,0.568,17.18,1.7
"2024-08-24 22:00:00",0,84510.539,0.59,16.39,1.4
"2024-08-24 23:00:00",0,84494.699,0.632,15.6,1.3
"2024-08-25 00:00:00",0,84477.034,0.637,15.04,1.5
"2024-08-25 01:00:00",0,84461.834,0.653,14.7,1.4
"2024-08-25 02:00:00",0,84477.554,0.667,14.58,0.5
"2024-08-25 03:00:00",0,84456.979,0.7,14.49,0.7
"2024-08-25 04:00:00",0,84447.189,0.737,13.87,0.3
"2024-08-25 05:00:00",0,84447.014,0.781,12.99,0.8
"2024-08-25 06:00:00",0,84458.339,0.845,12.23,2.6
"2024-08-25 07:00:00",38,84473.204,0.867,13.48,0.6
"2024-08-25 08:00:00",157,84489.784,0.915,13.98,3.5
"2024-08-25 09:00:00",201,84512.689,0.967,13.69,1.1
"2024-08-25 10:00:00",173,84534.449,0.999,12.48,4.2
"2024-08-25 11:00:00",242,84534.569,1,12.01,2.5
"2024-08-25 12:00:00",150,84531.254,1,10.93,5.1
"2024-08-25 13:00:00",121,84559.574,0.968,11.04,4
"2024-08-25 14:00:00",156,84541.229,0.973,11.84,3.2
"2024-08-25 15:00:00",488,84511.739,0.966,12.55,4.3
"2024-08-25 16:00:00",408,84503.289,0.986,11.7,4.6
"2024-08-25 17:00:00",295,84495.164,0.969,11.1,4.4
"2024-08-25 18:00:00",87,84482.219,0.974,10.38,3.5
"2024-08-25 19:00:00",29,84509.924,0.995,9.93000000000001,3.5
"2024-08-25 20:00:00",0,84522.429,0.993,10.02,0.8
"2024-08-25 21:00:00",0,84544.324,0.991,10.12,2.5
"2024-08-25 22:00:00",0,84527.004,0.991,10.18,1.4
"2024-08-25 23:00:00",0,84510.514,0.987,10.25,0.6
"2024-08-26 00:00:00",0,84481.484,0.989,10.48,0.6
"2024-08-26 01:00:00",0,84442.864,0.963,10.85,0.7
"2024-08-26 02:00:00",0,84429.009,0.982,10.59,0.7
"2024-08-26 03:00:00",0,84396.369,1,9.90000000000003,3.1
"2024-08-26 04:00:00",0,84426.464,1,10.16,1.8
"2024-08-26 05:00:00",0,84421.459,0.894,11.32,2.5
"2024-08-26 06:00:00",0,84371.709,0.76,12.11,5.4
"2024-08-26 07:00:00",6,84368.164,0.855,11.18,1.5
"2024-08-26 08:00:00",32,84401.074,0.935,10.77,0.2
"2024-08-26 09:00:00",169,84403.504,0.894,11.27,3.1
"2024-08-26 10:00:00",538,84460.929,0.969,11.85,1.6
"2024-08-26 11:00:00",487,84448.329,0.948,13.06,2.4
"2024-08-26 12:00:00",559,84468.874,0.938,13.08,2.6
"2024-08-26 13:00:00",440,84479.584,1,12.27,3.1
"2024-08-26 14:00:00",500,84469.449,0.986,13.02,2.9
"2024-08-26 15:00:00",659,84458.014,0.945,13.92,3.4
"2024-08-26 16:00:00",480,84438.954,0.873,14.54,4.5
"2024-08-26 17:00:00",357,84456.204,0.987,13.09,4
"2024-08-26 18:00:00",156,84456.674,1,11.73,3.1
"2024-08-26 19:00:00",31,84475.344,1,10.54,2.9
"2024-08-26 20:00:00",0,84519.109,1,10.32,2.9
"2024-08-26 21:00:00",0,84545.494,1,10.23,0.7
"2024-08-26 22:00:00",0,84540.144,1,9.96000000000004,2.2
"2024-08-26 23:00:00",0,84556.944,1,9.83000000000004,0.4
"2024-08-27 00:00:00",0,84553.114,1,9.86000000000001,1.5
"2024-08-27 01:00:00",0,84531.289,1,8.42000000000002,1.2
"2024-08-27 02:00:00",0,84518.099,1,8.95000000000005,0.9
"2024-08-27 03:00:00",0,84497.624,0.962,11.07,1.6
"2024-08-27 04:00:00",0,84490.644,0.783,12.37,1.9
"2024-08-27 05:00:00",0,84493.509,0.744,12.37,1.5
"2024-08-27 06:00:00",0,84512.264,0.677,12.86,1.1
"2024-08-27 07:00:00",31,84511.794,0.656,14.34,0.8
"2024-08-27 08:00:00",207,84535.089,0.702,14.67,0.6
"2024-08-27 09:00:00",422,84551.529,0.615,16.66,0.6
"2024-08-27 10:00:00",612,84574.554,0.53,18.7,0.5
"2024-08-27 11:00:00",714,84571.374,0.469,20.66,1
"2024-08-27 12:00:00",823,84580.799,0.464,20.74,3.2
"2024-08-27 13:00:00",784,84572.669,0.446,21.06,4
"2024-08-27 14:00:00",645,84552.464,0.432,21.6,3.4
"2024-08-27 15:00:00",620,84534.209,0.455,21.33,3.9
"2024-08-27 16:00:00",402,84505.639,0.468,21.52,2.6
"2024-08-27 17:00:00",150,84522.859,0.496,20.52,0.8
"2024-08-27 18:00:00",27,84589.354,0.793,13.93,3
"2024-08-27 19:00:00",17,84610.724,0.826,13.73,1.9
"2024-08-27 20:00:00",0,84633.794,0.806,13.48,2.2
"2024-08-27 21:00:00",0,84639.379,0.773,13.68,0.8
"2024-08-27 22:00:00",0,84647.824,0.804,12.99,1
"2024-08-27 23:00:00",0,84653.429,0.784,12.88,0.7
"2024-08-28 00:00:00",0,84627.914,0.754,13.03,1
"2024-08-28 01:00:00",0,84618.074,0.688,14.31,0.8
"2024-08-28 02:00:00",0,84589.744,0.669,14.42,0.9
"2024-08-28 03:00:00",0,84586.919,0.663,14.26,0.1
"2024-08-28 04:00:00",0,84590.499,0.689,13.97,0.6
"2024-08-28 05:00:00",0,84588.709,0.712,13.45,1
"2024-08-28 06:00:00",0,84609.774,0.694,13.6,0.5
"2024-08-28 07:00:00",29,84631.139,0.641,14.83,1.2
"2024-08-28 08:00:00",204,84636.769,0.751,14.36,0.6
"2024-08-28 09:00:00",415,84657.189,0.714,16.71,0.5
"2024-08-28 10:00:00",606,84676.539,0.646,17.49,0.3
"2024-08-28 11:00:00",673,84680.809,0.519,19.77,0.9
"2024-08-28 12:00:00",770,84665.119,0.47,20.82,1.6
"2024-08-28 13:00:00",526,84667.564,0.439,21.6,2.3
"2024-08-28 14:00:00",572,84650.654,0.419,22.34,2.5
"2024-08-28 15:00:00",312,84642.924,0.426,21.69,1.9
"2024-08-28 16:00:00",88,84648.674,0.495,19.96,1.7
"2024-08-28 17:00:00",115,84663.154,0.587,18.01,2
"2024-08-28 18:00:00",121,84644.679,0.598,17.84,1.5
"2024-08-28 19:00:00",81,84675.244,0.631,17.51,1.8
"2024-08-28 20:00:00",0,84706.974,0.637,16.71,1.1
"2024-08-28 21:00:00",0,84726.749,0.655,15.59,1.2
"2024-08-28 22:00:00",0,84722.474,0.656,15.03,0.7
"2024-08-28 23:00:00",0,84724.014,0.696,14.26,0.7
"2024-08-29 00:00:00",0,84747.739,0.698,14,1
"2024-08-29 01:00:00",0,84746.204,0.708,13.61,0.5
"2024-08-29 02:00:00",0,84729.684,0.636,15.27,1.2
"2024-08-29 03:00:00",0,84734.209,0.643,15.09,1.2
"2024-08-29 04:00:00",0,84724.739,0.743,12.97,1
"2024-08-29 05:00:00",0,84734.794,0.665,14.48,1.3
"2024-08-29 06:00:00",0,84738.074,0.661,14.47,2.1
"2024-08-29 07:00:00",27,84746.089,0.636,15.77,1
"2024-08-29 08:00:00",201,84770.549,0.686,16.03,0.7
"2024-08-29 09:00:00",409,84790.764,0.643,17.92,0.5
"2024-08-29 10:00:00",599,84801.769,0.569,19.22,1.2
"2024-08-29 11:00:00",667,84779.639,0.509,20.62,2.8
"2024-08-29 12:00:00",809,84753.474,0.477,21.52,3
"2024-08-29 13:00:00",793,84725.399,0.464,22.28,2.8
"2024-08-29 14:00:00",704,84711.124,0.463,22.44,3.1
"2024-08-29 15:00:00",562,84700.629,0.433,22.71,3.8
"2024-08-29 16:00:00",574,84698.139,0.459,23.1,2.8
"2024-08-29 17:00:00",366,84713.334,0.482,22.3,2.4
"2024-08-29 18:00:00",174,84737.634,0.519,20.72,0.9
"2024-08-29 19:00:00",50,84778.709,0.594,18.91,1.8
"2024-08-29 20:00:00",0,84802.809,0.662,18.19,1.3
"2024-08-29 21:00:00",0,84805.759,0.696,16.69,1.1
"2024-08-29 22:00:00",0,84805.684,0.754,16.19,1.1
"2024-08-29 23:00:00",0,84774.894,0.72,16.02,1.1
"2024-08-30 00:00:00",0,84742.844,0.702,15.04,1.6
"2024-08-30 01:00:00",0,84716.274,0.664,14.55,1.3
"2024-08-30 02:00:00",0,84700.079,0.516,15.85,1.1
"2024-08-30 03:00:00",0,84701.394,0.576,15.67,0.9
"2024-08-30 04:00:00",0,84711.334,0.598,15.41,1.9
"2024-08-30 05:00:00",0,84706.974,0.547,15.88,1.5
"2024-08-30 06:00:00",0,84719.294,0.62,15,0.3
"2024-08-30 07:00:00",24,84713.014,0.557,16.79,0.7
"2024-08-30 08:00:00",202,84728.549,0.61,17.13,0.7
"2024-08-30 09:00:00",405,84734.004,0.569,18.95,0.2
"2024-08-30 10:00:00",602,84753.409,0.418,20.96,0.5
"2024-08-30 11:00:00",753,84748.509,0.305,23.18,1.3
"2024-08-30 12:00:00",461,84735.654,0.319,23.43,1.4
"2024-08-30 13:00:00",664,84712.194,0.343,23.26,3.6
"2024-08-30 14:00:00",705,84698.989,0.343,23.46,3.1
"2024-08-30 15:00:00",652,84674.839,0.331,23.52,3.2
"2024-08-30 16:00:00",532,84649.429,0.359,23.38,2.9
"2024-08-30 17:00:00",243,84653.454,0.447,22.29,3.8
"2024-08-30 18:00:00",180,84660.414,0.517,21.81,2.7
"2024-08-30 19:00:00",47,84671.489,0.602,20.05,3.8
"2024-08-30 20:00:00",0,84698.809,0.654,19.32,2.3
"2024-08-30 21:00:00",0,84726.674,0.681,18.31,1
"2024-08-30 22:00:00",0,84739.949,0.684,17.84,1.8
"2024-08-30 23:00:00",0,84727.414,0.706,16.89,1.3
"2024-08-31 00:00:00",0,84733.869,0.709,16.66,1.6
"2024-08-31 01:00:00",0,84727.604,0.694,16.57,0.9
"2024-08-31 02:00:00",0,84743.889,0.718,16.55,1.6
"2024-08-31 03:00:00",0,84766.834,0.862,14.23,2.2
"2024-08-31 04:00:00",0,84745.539,0.841,14.02,1.1
"2024-08-31 05:00:00",0,84706.424,0.799,14.17,0.5
"2024-08-31 06:00:00",0,84704.624,0.595,14.91,1
"2024-08-31 07:00:00",21,84729.974,0.596,15.07,0.5
"2024-08-31 08:00:00",112,84741.604,0.748,15.41,1.2
"2024-08-31 09:00:00",343,84740.994,0.746,17.25,0.7
"2024-08-31 10:00:00",549,84760.099,0.722,19.04,1.1
"2024-08-31 11:00:00",601,84755.559,0.651,19.62,1.2
"2024-08-31 12:00:00",746,84743.279,0.471,22.48,0.7
"2024-08-31 13:00:00",654,84745.139,0.43,22.79,1.9
"2024-08-31 14:00:00",534,84713.909,0.448,22.19,3.6
"2024-08-31 15:00:00",392,84699.394,0.452,21.92,2.4
"2024-08-31 16:00:00",149,84698.919,0.447,21.9,2.9
"2024-08-31 17:00:00",104,84685.469,0.496,21.12,2.4
"2024-08-31 18:00:00",137,84667.594,0.448,21.05,1.6
"2024-08-31 19:00:00",106,84705.374,0.541,19.66,2
"2024-08-31 20:00:00",0,84730.864,0.814,15.33,2.4
"2024-08-31 21:00:00",0,84745.364,0.746,15.92,1.3
"2024-08-31 22:00:00",0,84718.034,0.732,15.92,1.7
"2024-08-31 23:00:00",0,84705.669,0.654,16.52,1.3
"2024-09-01 00:00:00",0,84692.059,0.691,15.72,0.9
"2024-09-01 01:00:00",0,84658.339,0.684,15.32,1
"2024-09-01 02:00:00",0,84617.564,0.684,14.71,0.8
"2024-09-01 03:00:00",0,84606.924,0.698,14.33,1.3
"2024-09-01 04:00:00",0,84570.519,0.712,14.06,1.3
"2024-09-01 05:00:00",0,84565.004,0.711,14,1
"2024-09-01 06:00:00",0,84552.834,0.742,13.37,1.4
"2024-09-01 07:00:00",19,84553.459,0.722,13.53,1
"2024-09-01 08:00:00",178,84554.764,0.706,15.48,0.7
"2024-09-01 09:00:00",390,84559.909,0.609,18.57,0.6
"2024-09-01 10:00:00",590,84561.604,0.497,20.57,1.3
"2024-09-01 11:00:00",672,84565.874,0.432,21.89,1.2
"2024-09-01 12:00:00",623,84531.209,0.38,22.57,0.6
"2024-09-01 13:00:00",654,84494.179,0.385,22.79,0.5
"2024-09-01 14:00:00",444,84441.604,0.419,22.63,2.4
"2024-09-01 15:00:00",196,84427.874,0.459,20.87,2.6
"2024-09-01 16:00:00",123,84408.809,0.451,20.41,2
"2024-09-01 17:00:00",52,84420.734,0.675,16.54,1.6
"2024-09-01 18:00:00",34,84391.224,0.62,16.7,3.7
"2024-09-01 19:00:00",107,84367.624,0.659,15.55,1.7
"2024-09-01 20:00:00",0,84397.809,0.543,15.16,2.7
"2024-09-01 21:00:00",0,84403.839,0.568,15.06,1.3
"2024-09-01 22:00:00",0,84372.744,0.68,14.27,1.4
"2024-09-01 23:00:00",0,84363.479,0.708,13.61,0.5
"2024-09-02 00:00:00",0,84336.259,0.716,13.5,1.8
"2024-09-02 01:00:00",0,84308.299,0.724,13.06,1.9
"2024-09-02 02:00:00",0,84288.494,0.737,12.82,1
"2024-09-02 03:00:00",0,84271.689,0.751,12.46,1.1
"2024-09-02 04:00:00",0,84242.554,0.746,12.43,1
"2024-09-02 05:00:00",0,84215.649,0.781,11.81,0.6
"2024-09-02 06:00:00",0,84204.354,0.763,11.67,1.5
"2024-09-02 07:00:00",17,84222.219,0.745,12.56,0.7
"2024-09-02 08:00:00",194,84239.449,0.664,15.24,0.9
"2024-09-02 09:00:00",394,84246.759,0.599,16.86,1.4
"2024-09-02 10:00:00",560,84245.439,0.553,18.83,0.6
"2024-09-02 11:00:00",738,84221.644,0.498,19.8,1.5
"2024-09-02 12:00:00",642,84234.044,0.505,19.73,0.9
"2024-09-02 13:00:00",454,84217.759,0.493,20,1.4
"2024-09-02 14:00:00",198,84200.529,0.533,19.41,3.6
"2024-09-02 15:00:00",50,84232.199,0.826,14.63,3.9
"2024-09-02 16:00:00",316,84213.019,0.883,14.39,2.2
"2024-09-02 17:00:00",311,84202.614,0.744,16.12,1.9
"2024-09-02 18:00:00",133,84209.429,0.733,16.21,0.3
"2024-09-02 19:00:00",83,84226.219,0.836,14.48,0.7
"2024-09-02 20:00:00",0,84256.784,0.79,13.68,1.4
"2024-09-02 21:00:00",0,84286.199,0.799,13.11,1.4
"2024-09-02 22:00:00",0,84300.274,0.786,12.78,1.1
"2024-09-02 23:00:00",0,84303.829,0.786,12.53,1
"2024-09-03 00:00:00",0,84306.569,0.801,12.14,1.6
"2024-09-03 01:00:00",0,84298.354,0.798,11.67,1.1
"2024-09-03 02:00:00",0,84325.849,0.799,11.56,1
"2024-09-03 03:00:00",0,84319.664,0.773,11.94,0.9
"2024-09-03 04:00:00",0,84310.799,0.769,12.21,1.6
"2024-09-03 05:00:00",0,84311.684,0.782,11.69,1.4
"2024-09-03 06:00:00",0,84319.094,0.789,11.23,1
"2024-09-03 07:00:00",14,84323.229,0.766,12.01,0.9
"2024-09-03 08:00:00",189,84357.754,0.711,14.24,1.1
"2024-09-03 09:00:00",379,84393.134,0.637,16.63,0.2
"2024-09-03 10:00:00",529,84402.974,0.593,17.73,0.8
"2024-09-03 11:00:00",526,84416.814,0.592,17.78,1.6
"2024-09-03 12:00:00",352,84407.114,0.585,18.09,2.2
"2024-09-03 13:00:00",166,84406.029,0.617,17.55,1.8
"2024-09-03 14:00:00",283,84417.669,0.604,17.65,1
"2024-09-03 15:00:00",377,84404.789,0.62,18.35,1.9
"2024-09-03 16:00:00",388,84375.044,0.592,19.03,1.7
"2024-09-03 17:00:00",161,84369.109,0.608,18.7,1.3
"2024-09-03 18:00:00",63,84361.004,0.646,17.6,1.7
"2024-09-03 19:00:00",79,84384.539,0.726,16.23,1
"2024-09-03 20:00:00",0,84419.099,0.746,15.48,2
"2024-09-03 21:00:00",0,84442.499,0.75,14.7,1.6
"2024-09-03 22:00:00",0,84422.634,0.757,14.55,1.1
"2024-09-03 23:00:00",0,84406.194,0.774,14.35,0.9
"2024-09-04 00:00:00",0,84374.539,0.777,13.6,1.3
"2024-09-04 01:00:00",0,84367.804,0.778,13.09,0.9
"2024-09-04 02:00:00",0,84340.194,0.768,12.62,1.7
"2024-09-04 03:00:00",0,84316.454,0.765,12.27,1.3
"2024-09-04 04:00:00",0,84298.224,0.768,11.87,1.6
"2024-09-04 05:00:00",0,84282.389,0.771,11.65,1.3
"2024-09-04 06:00:00",0,84280.904,0.763,11.56,1.1
"2024-09-04 07:00:00",12,84285.089,0.742,12.38,1.1
"2024-09-04 08:00:00",167,84288.949,0.663,15.37,1
"2024-09-04 09:00:00",270,84307.804,0.565,17.85,1.6
"2024-09-04 10:00:00",253,84320.954,0.575,17.73,1.6
"2024-09-04 11:00:00",183,84299.309,0.608,17.17,0.6
"2024-09-04 12:00:00",259,84283.279,0.619,17.41,0.6
"2024-09-04 13:00:00",359,84261.089,0.661,17.15,2
"2024-09-04 14:00:00",500,84240.374,0.646,17.64,2.6
"2024-09-04 15:00:00",365,84195.584,0.637,18.27,3
"2024-09-04 16:00:00",294,84141.569,0.642,17.9,2.7
"2024-09-04 17:00:00",64,84123.329,0.672,17.25,1.9
"2024-09-04 18:00:00",20,84117.999,0.723,16.35,0.6
"2024-09-04 19:00:00",92,84089.029,0.764,15.53,0.9
"2024-09-04 20:00:00",0,84100.674,0.77,15.17,1.6
"2024-09-04 21:00:00",0,84093.439,0.736,14.84,1.8
"2024-09-04 22:00:00",0,84029.724,0.742,14.4,1.6
"2024-09-04 23:00:00",0,84010.114,0.731,14.51,1.6
"2024-09-05 00:00:00",0,83962.924,0.741,14.26,1.4
"2024-09-05 01:00:00",0,83882.214,0.746,13.87,1.7
"2024-09-05 02:00:00",0,83829.039,0.749,13.9,1.6
"2024-09-05 03:00:00",0,83762.589,0.747,13.37,2.3
"2024-09-05 04:00:00",0,83703.764,0.621,15.2,2.1
"2024-09-05 05:00:00",0,83686.834,0.611,15.15,1.4
"2024-09-05 06:00:00",0,83671.484,0.58,15.59,2.4
"2024-09-05 07:00:00",10,83657.234,0.556,16.3,1.6
"2024-09-05 08:00:00",166,83627.894,0.527,17.29,3.9
"2024-09-05 09:00:00",142,83624.734,0.53,17.06,2.1
"2024-09-05 10:00:00",148,83619.549,0.502,17.45,2.6
"2024-09-05 11:00:00",142,83613.979,0.53,17.31,2.8
"2024-09-05 12:00:00",249,83609.519,0.518,17.48,1.9
"2024-09-05 13:00:00",291,83603.484,0.472,18.54,0.3
"2024-09-05 14:00:00",155,83615.124,0.48,18.2,0.4
"2024-09-05 15:00:00",74,83631.189,0.509,17.16,1.4
"2024-09-05 16:00:00",49,83651.984,0.568,16.49,0.7
"2024-09-05 17:00:00",52,83674.654,0.738,14.47,1.2
"2024-09-05 18:00:00",39,83659.559,0.928,12.82,1.2
"2024-09-05 19:00:00",90,83632.769,0.898,12.19,0.2
"2024-09-05 20:00:00",0,83658.059,0.856,12.01,1.7
"2024-09-05 21:00:00",0,83694.614,0.871,11.57,1
"2024-09-05 22:00:00",0,83704.314,0.848,11.61,1.2
"2024-09-05 23:00:00",0,83716.429,0.851,11.29,1.4
"2024-09-06 00:00:00",0,83723.989,0.854,11.19,1.3
"2024-09-06 01:00:00",0,83730.424,0.848,11.17,1.3
"2024-09-06 02:00:00",0,83731.489,0.857,10.99,1.1
"2024-09-06 03:00:00",0,83721.689,0.851,11.07,1
"2024-09-06 04:00:00",0,83710.454,0.862,10.91,1
"2024-09-06 05:00:00",0,83713.024,0.88,10.58,1.2
"2024-09-06 06:00:00",0,83736.054,0.879,10.59,0.7
"2024-09-06 07:00:00",8,83754.894,0.875,10.89,0.6
"2024-09-06 08:00:00",179,83766.069,0.809,13.02,1.2
"2024-09-06 09:00:00",311,83795.259,0.737,14.45,1.3
"2024-09-06 10:00:00",467,83819.054,0.648,16.24,0.9
"2024-09-06 11:00:00",421,83850.634,0.579,17.5,1.5
"2024-09-06 12:00:00",625,83860.204,0.52,19.04,0.7
"2024-09-06 13:00:00",587,83882.189,0.556,18.64,3.1
"2024-09-06 14:00:00",492,83904.174,0.556,18.78,2.7
"2024-09-06 15:00:00",478,83922.464,0.586,18.4,3.7
"2024-09-06 16:00:00",329,83965.754,0.599,17.72,2.5
"2024-09-06 17:00:00",284,83971.184,0.583,17.98,2.8
"2024-09-06 18:00:00",124,84002.839,0.67,16.67,1.8
"2024-09-06 19:00:00",67,84030.344,0.729,15.24,0.4
"2024-09-06 20:00:00",0,84097.219,0.758,14.06,1.4
"2024-09-06 21:00:00",0,84103.569,0.761,13.2,1.7
"2024-09-06 22:00:00",0,84120.594,0.777,12.4,1.5
"2024-09-06 23:00:00",0,84120.979,0.802,11.84,1.5
"2024-09-07 00:00:00",0,84142.594,0.784,11.41,0.8
"2024-09-07 01:00:00",0,84143.534,0.793,11.12,1.3
"2024-09-07 02:00:00",0,84152.289,0.816,10.38,0.2
"2024-09-07 03:00:00",0,84142.189,0.822,10.08,1.2
"2024-09-07 04:00:00",0,84133.539,0.836,9.71000000000004,1.1
"2024-09-07 05:00:00",0,84124.004,0.85,9.16000000000003,1.3
"2024-09-07 06:00:00",0,84128.259,0.774,9.96000000000004,1
"2024-09-07 07:00:00",7,84145.779,0.69,11.65,0.9
"2024-09-07 08:00:00",176,84159.124,0.692,12.64,1.1
"2024-09-07 09:00:00",367,84164.879,0.602,15.46,1.6
"2024-09-07 10:00:00",565,84171.994,0.523,17.86,3.2
"2024-09-07 11:00:00",717,84180.959,0.434,19.91,2.2
"2024-09-07 12:00:00",804,84190.479,0.424,20.87,2.6
"2024-09-07 13:00:00",820,84201.774,0.412,21.42,3.1
"2024-09-07 14:00:00",767,84213.664,0.385,21.52,3.1
"2024-09-07 15:00:00",666,84207.844,0.322,21.62,2.6
"2024-09-07 16:00:00",513,84221.504,0.346,21.3,2.2
"2024-09-07 17:00:00",199,84221.149,0.387,19.94,2.5
"2024-09-07 18:00:00",115,84217.369,0.427,18.68,1.5
"2024-09-07 19:00:00",35,84251.389,0.47,17.41,0.8
"2024-09-07 20:00:00",0,84282.474,0.499,16.43,2.8
"2024-09-07 21:00:00",0,84267.264,0.557,14.96,1.1
"2024-09-07 22:00:00",0,84289.214,0.58,14.62,1.7
"2024-09-07 23:00:00",0,84298.634,0.616,13.94,0.8
"2024-09-08 00:00:00",0,84283.399,0.618,13.68,0.4
"2024-09-08 01:00:00",0,84270.384,0.647,13.14,0.4
"2024-09-08 02:00:00",0,84233.594,0.647,13.06,1.5
"2024-09-08 03:00:00",0,84173.834,0.65,12.99,2
"2024-09-08 04:00:00",0,84128.604,0.656,13.1,0.9
"2024-09-08 05:00:00",0,84115.944,0.663,13.2,0.5
"2024-09-08 06:00:00",0,84091.139,0.69,13,0.1
"2024-09-08 07:00:00",5,84093.854,0.678,13.73,0.5
"2024-09-08 08:00:00",60,84072.464,0.659,14.65,0.7
"2024-09-08 09:00:00",31,84098.929,0.718,14.41,1.9
"2024-09-08 10:00:00",36,84106.339,0.87,13.18,2.8
"2024-09-08 11:00:00",92,84069.239,0.895,13.28,1.7
"2024-09-08 12:00:00",153,83949.669,0.843,13.78,0.7
"2024-09-08 13:00:00",117,83905.129,0.896,13.75,0.6
"2024-09-08 14:00:00",131,83866.609,0.911,13.63,0.9
"2024-09-08 15:00:00",144,83745.694,0.899,13.94,1
"2024-09-08 16:00:00",41,83733.889,0.887,13.65,0.9
"2024-09-08 17:00:00",25,83679.114,0.911,13.08,0.7
"2024-09-08 18:00:00",44,83646.139,0.949,12.38,0.7
"2024-09-08 19:00:00",90,83635.729,0.972,11.96,1.6
"2024-09-08 20:00:00",0,83597.044,0.943,11.71,1.5
"2024-09-08 21:00:00",0,83520.964,0.926,11.1,1
"2024-09-08 22:00:00",0,83502.159,0.928,10.91,0.9
"2024-09-08 23:00:00",0,83472.434,0.981,10.34,0.6
"2024-09-09 00:00:00",0,83400.184,0.988,10.19,3
"2024-09-09 01:00:00",0,83381.119,0.984,9.69,4.8
"2024-09-09 02:00:00",0,83345.114,0.956,8.84000000000003,2.8
"2024-09-09 03:00:00",0,83376.659,0.906,8.31,2.4
"2024-09-09 04:00:00",0,83313.649,0.934,7.86000000000001,2.8
"2024-09-09 05:00:00",0,83337.009,0.969,7.52000000000004,3.8
"2024-09-09 06:00:00",0,83351.859,0.97,7.38,1.2
"2024-09-09 07:00:00",4,83358.869,0.982,7.31,1.3
"2024-09-09 08:00:00",31,83335.409,0.982,7.41000000000003,1.5
"2024-09-09 09:00:00",102,83412.989,0.919,8.12,1.5
"2024-09-09 10:00:00",90,83387.104,0.871,9.19,1.7
"2024-09-09 11:00:00",206,83362.219,0.87,9.25,1.3
"2024-09-09 12:00:00",206,83379.459,0.893,9.22000000000003,1.7
"2024-09-09 13:00:00",229,83398.549,0.892,9.54000000000002,2.2
"2024-09-09 14:00:00",136,83392.504,0.828,9.91000000000003,2.9
"2024-09-09 15:00:00",115,83467.279,0.853,9.20000000000005,2.9
"2024-09-09 16:00:00",121,83471.234,0.832,9.69,1.9
"2024-09-09 17:00:00",66,83518.229,0.903,9.53000000000003,2.6
"2024-09-09 18:00:00",34,83522.389,0.914,9.02000000000004,0.7
"2024-09-09 19:00:00",85,83528.614,0.958,8.38,1.5
"2024-09-09 20:00:00",0,83610.219,0.928,8.63,4
"2024-09-09 21:00:00",0,83645.669,0.95,8.23000000000002,2.8
"2024-09-09 22:00:00",0,83658.654,0.932,7.40000000000003,1.7
"2024-09-09 23:00:00",0,83657.754,0.961,7.87,1.7
"2024-09-10 00:00:00",0,83656.219,0.926,8.20000000000005,2.8
"2024-09-10 01:00:00",0,83677.444,0.924,8.28000000000003,4.3
"2024-09-10 02:00:00",0,83698.724,0.92,8.46000000000004,2.4
"2024-09-10 03:00:00",0,83713.324,0.925,8.48000000000002,1.6
"2024-09-10 04:00:00",0,83713.554,0.912,8.27000000000004,3.2
"2024-09-10 05:00:00",0,83709.504,0.944,7.84000000000003,3.3
"2024-09-10 06:00:00",0,83736.674,0.904,8.05000000000001,4.6
"2024-09-10 07:00:00",2,83782.734,0.889,8.11000000000001,3
"2024-09-10 08:00:00",103,83819.904,0.914,8.13,0.5
"2024-09-10 09:00:00",148,83843.824,0.932,8.22000000000003,1.2
"2024-09-10 10:00:00",300,83857.604,0.898,9.16000000000003,3.2
"2024-09-10 11:00:00",384,83855.789,0.779,9.86000000000001,2.3
"2024-09-10 12:00:00",394,83833.709,0.8,10.59,4.4
"2024-09-10 13:00:00",223,83845.059,0.747,10.45,3.5
"2024-09-10 14:00:00",598,83839.834,0.761,11.24,4.1
"2024-09-10 15:00:00",460,83823.789,0.742,11.74,4.3
"2024-09-10 16:00:00",408,83810.029,0.736,11.41,3.6
"2024-09-10 17:00:00",155,83816.664,0.775,10.58,4
"2024-09-10 18:00:00",56,83824.329,0.847,9.75,3.6
"2024-09-10 19:00:00",65,83818.629,0.887,9.02000000000004,3.1
"2024-09-10 20:00:00",0,83842.389,0.923,8.31,0.7
"2024-09-10 21:00:00",0,83841.339,0.915,7.63,2.2
"2024-09-10 22:00:00",0,83812.054,0.901,6.99000000000001,0.5
"2024-09-10 23:00:00",0,83803.409,0.9,7.08000000000004,1.6
"2024-09-11 00:00:00",0,83765.104,0.881,7.06,1.5
"2024-09-11 01:00:00",0,83738.894,0.899,6.92000000000002,1.4
"2024-09-11 02:00:00",0,83678.974,0.899,6.42000000000002,1.2
"2024-09-11 03:00:00",0,83628.924,0.779,7.11000000000001,1.3
"2024-09-11 04:00:00",0,83602.064,0.721,7.38,1.4
"2024-09-11 05:00:00",0,83570.814,0.701,6.91000000000003,1.6
"2024-09-11 06:00:00",0,83556.689,0.714,6.73000000000002,1.6
"2024-09-11 07:00:00",1,83564.859,0.668,7.45000000000005,1.9
"2024-09-11 08:00:00",160,83551.284,0.691,8.78000000000003,0.9
"2024-09-11 09:00:00",353,83540.074,0.621,11.37,1.2
"2024-09-11 10:00:00",512,83529.199,0.63,12.36,2.3
"2024-09-11 11:00:00",598,83526.274,0.678,12.96,3.2
"2024-09-11 12:00:00",590,83491.889,0.618,13.75,3.6
"2024-09-11 13:00:00",518,83460.474,0.561,14.94,2.8
"2024-09-11 14:00:00",200,83434.824,0.647,13.39,4.4
"2024-09-11 15:00:00",180,83419.964,0.728,11.86,4.7
"2024-09-11 16:00:00",146,83394.934,0.789,11.3,4.9
"2024-09-11 17:00:00",49,83370.009,0.8,10.55,4.9
"2024-09-11 18:00:00",34,83372.989,0.873,9.66000000000003,4.1
"2024-09-11 19:00:00",73,83339.429,0.923,8.80000000000001,1.9
"2024-09-11 20:00:00",0,83332.549,0.926,8.60000000000002,1
"2024-09-11 21:00:00",0,83284.949,0.946,8.41000000000003,2.7
"2024-09-11 22:00:00",0,83235.289,0.981,7.67000000000002,4
"2024-09-11 23:00:00",0,83177.279,0.983,6.65000000000003,4.7
"2024-09-12 00:00:00",0,83154.809,0.953,3.76000000000005,6.1
"2024-09-12 01:00:00",0,83142.174,0.978,-0.649999999999977,5.2
"2024-09-12 02:00:00",0,83156.884,0.931,2.30000000000001,5
"2024-09-12 03:00:00",0,83149.359,0.973,1.93000000000001,3.7
"2024-09-12 04:00:00",0,83174.589,0.983,1.23000000000002,5
"2024-09-12 05:00:00",0,83190.324,0.994,1.09000000000003,3.7
"2024-09-12 06:00:00",0,83199.724,0.988,1.24000000000001,3.5
"2024-09-12 07:00:00",0,83206.094,0.987,1.36000000000001,2.4
"2024-09-12 08:00:00",86,83233.874,0.991,1.66000000000003,4.3
"2024-09-12 09:00:00",127,83233.139,0.959,2.07000000000005,3.1
"2024-09-12 10:00:00",257,83218.264,0.942,2.15000000000003,3.7
"2024-09-12 11:00:00",365,83216.939,0.9,2.53000000000003,0.3
"2024-09-12 12:00:00",403,83193.494,0.865,3.04000000000002,3
"2024-09-12 13:00:00",368,83170.899,0.863,3.67000000000002,3.5
"2024-09-12 14:00:00",223,83166.379,0.786,4.03000000000003,3.8
"2024-09-12 15:00:00",106,83166.204,0.835,3.04000000000002,2.7
"2024-09-12 16:00:00",108,83168.744,0.814,3.35000000000002,3.6
"2024-09-12 17:00:00",64,83183.709,0.846,3.02000000000004,3.6
"2024-09-12 18:00:00",106,83202.154,0.866,2.51000000000005,3.2
"2024-09-12 19:00:00",68,83219.304,0.853,2.09000000000003,3
"2024-09-12 20:00:00",0,83215.194,0.903,1.63,3.4
"2024-09-12 21:00:00",0,83183.204,0.933,1.33000000000004,3.6
"2024-09-12 22:00:00",0,83173.909,0.933,1.06,3
"2024-09-12 23:00:00",0,83160.694,0.927,1.11000000000001,3.3
"2024-09-13 00:00:00",0,83155.409,0.956,0.870000000000005,3.3
"2024-09-13 01:00:00",0,83165.184,0.928,0.830000000000041,2.7
"2024-09-13 02:00:00",0,83141.919,0.909,0.950000000000045,3.7
"2024-09-13 03:00:00",0,83123.164,0.917,0.980000000000018,4.1
"2024-09-13 04:00:00",0,83134.789,0.924,0.75,3.4
"2024-09-13 05:00:00",0,83159.834,0.903,0.460000000000036,4.2
"2024-09-13 06:00:00",0,83163.429,0.873,0.400000000000034,3.7
"2024-09-13 07:00:00",0,83221.884,0.897,0.270000000000039,3.6
"2024-09-13 08:00:00",93,83254.754,0.887,0.160000000000025,3
"2024-09-13 09:00:00",176,83317.769,0.906,0.420000000000016,4
"2024-09-13 10:00:00",234,83387.059,0.832,0.330000000000041,3.9
"2024-09-13 11:00:00",304,83434.554,0.867,0.640000000000043,4.2
"2024-09-13 12:00:00",362,83460.179,0.894,0.550000000000011,2.8
"2024-09-13 13:00:00",437,83497.054,0.898,1.33000000000004,2.2
"2024-09-13 14:00:00",331,83534.354,0.893,1.13,3.4
"2024-09-13 15:00:00",323,83565.944,0.858,1.31,3.9
"2024-09-13 16:00:00",189,83603.184,0.901,1.29000000000002,6.2
"2024-09-13 17:00:00",99,83640.779,0.949,0.330000000000041,3.1
"2024-09-13 18:00:00",29,83668.579,0.948,0.340000000000032,3.2
"2024-09-13 19:00:00",62,83707.099,0.929,0.460000000000036,4
"2024-09-13 20:00:00",0,83744.999,0.945,0.200000000000045,4.4
"2024-09-13 21:00:00",0,83783.609,0.932,0.0600000000000023,3.4
"2024-09-13 22:00:00",0,83814.869,0.951,0.260000000000048,4.1
"2024-09-13 23:00:00",0,83835.119,0.978,0,2.2
"2024-09-14 00:00:00",0,83816.164,0.991,-0.0499999999999545,6.3
"2024-09-14 01:00:00",0,83847.414,0.987,0.0100000000000477,5.9
"2024-09-14 02:00:00",0,83851.789,0.983,0.100000000000023,6.3
"2024-09-14 03:00:00",0,83864.689,0.986,0.330000000000041,3.7
"2024-09-14 04:00:00",0,83878.209,0.977,0.420000000000016,4.2
"2024-09-14 05:00:00",0,83912.454,0.997,0.0600000000000023,5.2
"2024-09-14 06:00:00",0,83962.454,0.987,0.0200000000000387,4.9
"2024-09-14 07:00:00",0,83987.219,0.983,0.340000000000032,3.7
"2024-09-14 08:00:00",102,84020.469,0.969,0.57000000000005,2.8
"2024-09-14 09:00:00",170,84066.779,0.912,0.75,3.7
"2024-09-14 10:00:00",242,84083.734,0.926,0.800000000000011,2.7
"2024-09-14 11:00:00",306,84100.724,0.912,1.18000000000001,3.9
"2024-09-14 12:00:00",392,84127.154,0.966,1.49000000000001,4.1
"2024-09-14 13:00:00",340,84166.304,0.956,1.72000000000003,4.2
"2024-09-14 14:00:00",306,84210.504,0.943,1.71000000000004,3.7
"2024-09-14 15:00:00",250,84216.639,0.96,1.62,3.5
"2024-09-14 16:00:00",156,84238.524,0.977,1.21000000000004,3.1
"2024-09-14 17:00:00",96,84262.999,0.988,1.16000000000003,4.6
"2024-09-14 18:00:00",21,84304.089,0.999,0.960000000000036,3
"2024-09-14 19:00:00",0,84329.849,0.99,0.950000000000045,2.1
"2024-09-14 20:00:00",0,84346.034,0.991,0.850000000000023,2.4
"2024-09-14 21:00:00",0,84367.169,0.969,0.700000000000045,3.2
"2024-09-14 22:00:00",0,84272.439,0.979,-0.419999999999959,2.3
"2024-09-14 23:00:00",0,84262.324,0.869,0.0800000000000409,4
"2024-09-15 00:00:00",0,84277.404,0.95,-1.12,1.9
"2024-09-15 01:00:00",0,84262.979,0.97,-1.46999999999997,0.6
"2024-09-15 02:00:00",0,84233.374,0.974,-1.38999999999999,0.7
"2024-09-15 03:00:00",0,84185.874,0.991,-0.889999999999986,1.7
"2024-09-15 04:00:00",0,84145.384,0.774,-1.19999999999999,3.3
"2024-09-15 05:00:00",0,84123.194,0.727,-0.739999999999952,1.8
"2024-09-15 06:00:00",0,84143.104,0.704,-0.17999999999995,1.6
"2024-09-15 07:00:00",0,84140.154,0.75,-0.0499999999999545,2.4
"2024-09-15 08:00:00",144,84137.374,0.964,-0.120000000000005,2.5
"2024-09-15 09:00:00",334,84155.579,0.75,2.98000000000002,1.3
"2024-09-15 10:00:00",533,84168.099,0.879,3.70000000000005,1.7
"2024-09-15 11:00:00",683,84176.529,0.766,5.38,4.8
"2024-09-15 12:00:00",789,84174.394,0.655,5.14000000000004,4.9
"2024-09-15 13:00:00",822,84167.439,0.52,6.5,5.9
"2024-09-15 14:00:00",761,84159.314,0.457,7.41000000000003,1.9
"2024-09-15 15:00:00",644,84121.849,0.608,7.24000000000001,2.1
"2024-09-15 16:00:00",485,84108.119,0.493,6.97000000000003,5.7
"2024-09-15 17:00:00",240,84109.634,0.613,6.29000000000002,5.8
"2024-09-15 18:00:00",79,84118.684,0.706,5.24000000000001,4.7
"2024-09-15 19:00:00",41,84120.094,1,2.48000000000002,1.3
"2024-09-15 20:00:00",0,84130.929,0.985,1.56,1.6
"2024-09-15 21:00:00",0,84131.359,1,2.60000000000002,0.7
"2024-09-15 22:00:00",0,84128.254,1,2.09000000000003,1.6
"2024-09-15 23:00:00",0,84114.639,1,2.33000000000004,4.2
"2024-09-16 00:00:00",0,84092.619,1,1.40000000000003,2.4
"2024-09-16 01:00:00",0,84070.659,1,1.15000000000003,0.9
"2024-09-16 02:00:00",0,84017.199,1,1.67000000000002,1.3
"2024-09-16 03:00:00",0,83990.479,1,1.97000000000003,1.1
"2024-09-16 04:00:00",0,83943.449,0.892,2.34000000000003,1.1
"2024-09-16 05:00:00",0,83916.164,0.843,2.38,0.7
"2024-09-16 06:00:00",0,83908.984,0.917,1.91000000000003,3.3
"2024-09-16 07:00:00",0,83933.759,0.864,2.21000000000004,0.5
"2024-09-16 08:00:00",114,83928.329,0.812,2.92000000000002,1.7
"2024-09-16 09:00:00",214,83930.949,0.841,2.87,3.3
"2024-09-16 10:00:00",351,83949.594,0.881,3.15000000000003,3.7
"2024-09-16 11:00:00",464,83926.524,0.878,3.40000000000003,3.4
"2024-09-16 12:00:00",298,83921.024,0.912,2.83000000000004,3.7
"2024-09-16 13:00:00",284,83902.449,0.931,2.73000000000002,3.7
"2024-09-16 14:00:00",238,83887.034,0.942,2.75,2.4
"2024-09-16 15:00:00",297,83893.874,0.939,2.75,4.5
"2024-09-16 16:00:00",255,83867.949,0.942,2.58000000000004,3.4
"2024-09-16 17:00:00",96,83871.809,0.949,2.36000000000001,3.5
"2024-09-16 18:00:00",43,83895.054,0.958,2.04000000000002,2.8
"2024-09-16 19:00:00",37,83928.449,0.972,1.87,4.2
"2024-09-16 20:00:00",0,83964.004,0.973,1.79000000000002,5.9
"2024-09-16 21:00:00",0,83986.779,0.984,1.33000000000004,6.1
"2024-09-16 22:00:00",0,83989.004,0.976,1.25,3.7
"2024-09-16 23:00:00",0,83977.399,0.978,1.17000000000002,3.4
"2024-09-17 00:00:00",0,83958.574,0.976,1.47000000000003,1.6
"2024-09-17 01:00:00",0,83918.324,0.978,1.73000000000002,0.8
"2024-09-17 02:00:00",0,83882.909,0.985,1.83000000000004,0.3
"2024-09-17 03:00:00",0,83860.704,0.981,2,0.6
"2024-09-17 04:00:00",0,83868.844,0.988,2.26000000000005,0.4
"2024-09-17 05:00:00",0,83863.284,0.979,2.49000000000001,0.4
"2024-09-17 06:00:00",0,83866.679,0.982,2.70000000000005,1.1
"2024-09-17 07:00:00",0,83878.694,0.97,2.99000000000001,0.8
"2024-09-17 08:00:00",105,83889.124,0.96,3.5,1.6
"2024-09-17 09:00:00",299,83918.169,0.942,4.26000000000005,1.9
"2024-09-17 10:00:00",509,83915.949,0.883,5.73000000000002,3.1
"2024-09-17 11:00:00",657,83918.029,0.892,6,4.1
"2024-09-17 12:00:00",734,83926.229,0.89,6.18000000000001,4.3
"2024-09-17 13:00:00",762,83927.189,0.825,6.84000000000003,5.5
"2024-09-17 14:00:00",662,83944.579,0.803,7.55000000000001,5.6
"2024-09-17 15:00:00",601,83947.744,0.771,7.71000000000004,5.8
"2024-09-17 16:00:00",438,83945.084,0.801,7.81,5.5
"2024-09-17 17:00:00",177,83975.819,0.843,7.41000000000003,5
"2024-09-17 18:00:00",46,84016.224,0.905,6.53000000000003,4.2
"2024-09-17 19:00:00",32,84046.979,0.922,6.40000000000003,3.9
"2024-09-17 20:00:00",0,84092.464,0.893,6.19,2.3
"2024-09-17 21:00:00",0,84091.304,0.854,5.44,3.9
"2024-09-17 22:00:00",0,84107.544,0.888,4.91000000000003,2.1
"2024-09-17 23:00:00",0,84100.079,0.885,4.47000000000003,1.4
