"Month","Day","Hour","hourly_abundance","hourly_biomass","n_Diptera","n_Hymenoptera","n_Lepidoptera","LED","timestamp"
7,23,0,0,0,0,0,0,"LED Off","2024-07-23 00:00:00"
7,23,1,0,0,0,0,0,"LED Off","2024-07-23 01:00:00"
7,23,2,0,0,0,0,0,"LED Off","2024-07-23 02:00:00"
7,23,3,0,0,0,0,0,"LED Off","2024-07-23 03:00:00"
7,23,4,0,0,0,0,0,"LED Off","2024-07-23 04:00:00"
7,23,5,0,0,0,0,0,"LED Off","2024-07-23 05:00:00"
7,23,6,0,0,0,0,0,"LED Off","2024-07-23 06:00:00"
7,23,7,1,10.8709859734757,1,0,0,"LED Off","2024-07-23 07:00:00"
7,23,8,1,4.8130025028786,1,0,0,"LED Off","2024-07-23 08:00:00"
7,23,9,20,170.910525260921,19,0,0,"LED Off","2024-07-23 09:00:00"
7,23,10,11,85.3380683028109,9,0,0,"LED Off","2024-07-23 10:00:00"
7,23,11,25,219.566631796492,22,2,0,"LED Off","2024-07-23 11:00:00"
7,23,12,10,78.7216683764173,8,1,0,"LED Off","2024-07-23 12:00:00"
7,23,13,2,4.8130025028786,2,0,0,"LED Off","2024-07-23 13:00:00"
7,23,14,4,20.4008867883583,1,0,0,"LED Off","2024-07-23 14:00:00"
7,23,15,2,8.03331562022239,1,0,0,"LED Off","2024-07-23 15:00:00"
7,23,16,2,32.9063378841395,2,0,0,"LED Off","2024-07-23 16:00:00"
7,23,17,0,0,0,0,0,"LED Off","2024-07-23 17:00:00"
7,23,18,2,13.0972521249872,1,0,0,"LED Off","2024-07-23 18:00:00"
7,23,19,1,7.51099009460466,1,0,0,"LED Off","2024-07-23 19:00:00"
7,23,20,0,0,0,0,0,"LED Off","2024-07-23 20:00:00"
7,23,21,0,0,0,0,0,"LED Off","2024-07-23 21:00:00"
7,23,22,0,0,0,0,0,"LED Off","2024-07-23 22:00:00"
7,23,23,0,0,0,0,0,"LED Off","2024-07-23 23:00:00"
7,24,0,0,0,0,0,0,"LED Off","2024-07-24 00:00:00"
7,24,1,0,0,0,0,0,"LED Off","2024-07-24 01:00:00"
7,24,2,0,0,0,0,0,"LED Off","2024-07-24 02:00:00"
7,24,3,0,0,0,0,0,"LED Off","2024-07-24 03:00:00"
7,24,4,0,0,0,0,0,"LED Off","2024-07-24 04:00:00"
7,24,5,0,0,0,0,0,"LED Off","2024-07-24 05:00:00"
7,24,6,0,0,0,0,0,"LED Off","2024-07-24 06:00:00"
7,24,7,1,11.7397730710181,0,0,0,"LED Off","2024-07-24 07:00:00"
7,24,8,1,6.24371799639755,1,0,0,"LED Off","2024-07-24 08:00:00"
7,24,9,3,18.1998573600356,3,0,0,"LED Off","2024-07-24 09:00:00"
7,24,10,8,58.7269724346676,6,1,0,"LED Off","2024-07-24 10:00:00"
7,24,11,21,179.639241620166,19,1,0,"LED Off","2024-07-24 11:00:00"
7,24,12,5,61.7004654629221,5,0,0,"LED Off","2024-07-24 12:00:00"
7,24,13,1,3.17090584675882,0,1,0,"LED Off","2024-07-24 13:00:00"
7,24,14,0,0,0,0,0,"LED Off","2024-07-24 14:00:00"
7,24,15,2,30.1051260437099,2,0,0,"LED Off","2024-07-24 15:00:00"
7,24,16,2,14.7402307592609,1,0,0,"LED Off","2024-07-24 16:00:00"
7,24,17,0,0,0,0,0,"LED Off","2024-07-24 17:00:00"
7,24,18,1,30.612148007845,1,0,0,"LED Off","2024-07-24 18:00:00"
7,24,19,2,3.17090584675882,2,0,0,"LED Off","2024-07-24 19:00:00"
7,24,20,0,0,0,0,0,"LED Off","2024-07-24 20:00:00"
7,24,21,0,0,0,0,0,"LED Off","2024-07-24 21:00:00"
7,24,22,0,0,0,0,0,"LED Off","2024-07-24 22:00:00"
7,24,23,0,0,0,0,0,"LED Off","2024-07-24 23:00:00"
7,25,0,0,0,0,0,0,"LED Off","2024-07-25 00:00:00"
7,25,1,0,0,0,0,0,"LED Off","2024-07-25 01:00:00"
7,25,2,0,0,0,0,0,"LED Off","2024-07-25 02:00:00"
7,25,3,0,0,0,0,0,"LED Off","2024-07-25 03:00:00"
7,25,4,0,0,0,0,0,"LED Off","2024-07-25 04:00:00"
7,25,5,0,0,0,0,0,"LED Off","2024-07-25 05:00:00"
7,25,6,0,0,0,0,0,"LED Off","2024-07-25 06:00:00"
7,25,7,0,0,0,0,0,"LED Off","2024-07-25 07:00:00"
7,25,8,40,660.724276154294,34,1,0,"LED Off","2024-07-25 08:00:00"
7,25,9,68,911.882624004628,58,7,0,"LED Off","2024-07-25 09:00:00"
7,25,10,7,82.5714782503542,5,0,1,"LED Off","2024-07-25 10:00:00"
7,25,11,6,102.120611796085,3,2,0,"LED Off","2024-07-25 11:00:00"
7,25,12,9,77.745013513254,4,0,1,"LED Off","2024-07-25 12:00:00"
7,25,13,4,12.9301768094126,1,1,0,"LED Off","2024-07-25 13:00:00"
7,25,14,1,0.838603596267245,0,0,0,"LED Off","2024-07-25 14:00:00"
7,25,15,0,0,0,0,0,"LED Off","2024-07-25 15:00:00"
7,25,16,0,0,0,0,0,"LED Off","2024-07-25 16:00:00"
7,25,17,1,70.431743842944,0,0,0,"LED Off","2024-07-25 17:00:00"
7,25,18,0,0,0,0,0,"LED Off","2024-07-25 18:00:00"
7,25,19,0,0,0,0,0,"LED Off","2024-07-25 19:00:00"
7,25,20,0,0,0,0,0,"LED Off","2024-07-25 20:00:00"
7,25,21,0,0,0,0,0,"LED Off","2024-07-25 21:00:00"
7,25,22,0,0,0,0,0,"LED Off","2024-07-25 22:00:00"
7,25,23,0,0,0,0,0,"LED Off","2024-07-25 23:00:00"
7,26,0,0,0,0,0,0,"LED Off","2024-07-26 00:00:00"
7,26,1,0,0,0,0,0,"LED Off","2024-07-26 01:00:00"
7,26,2,0,0,0,0,0,"LED Off","2024-07-26 02:00:00"
7,26,3,0,0,0,0,0,"LED Off","2024-07-26 03:00:00"
7,26,4,0,0,0,0,0,"LED Off","2024-07-26 04:00:00"
7,26,5,0,0,0,0,0,"LED Off","2024-07-26 05:00:00"
7,26,6,0,0,0,0,0,"LED Off","2024-07-26 06:00:00"
7,26,7,3,34.687617909638,2,0,0,"LED Off","2024-07-26 07:00:00"
7,26,8,54,676.513951756529,44,6,1,"LED Off","2024-07-26 08:00:00"
7,26,9,20,407.221248138071,16,2,0,"LED Off","2024-07-26 09:00:00"
7,26,10,16,93.4113434848782,6,2,0,"LED Off","2024-07-26 10:00:00"
7,26,11,16,115.028174041904,14,0,0,"LED Off","2024-07-26 11:00:00"
7,26,12,6,25.7374305711136,5,0,0,"LED Off","2024-07-26 12:00:00"
7,26,13,6,34.3785647217094,5,0,0,"LED Off","2024-07-26 13:00:00"
7,26,14,5,23.9135877013195,5,0,0,"LED Off","2024-07-26 14:00:00"
7,26,15,3,52.7185521890356,2,0,0,"LED Off","2024-07-26 15:00:00"
7,26,16,0,0,0,0,0,"LED Off","2024-07-26 16:00:00"
7,26,17,1,6.24371799639755,0,0,0,"LED Off","2024-07-26 17:00:00"
7,26,18,1,5.1026052350484,1,0,0,"LED Off","2024-07-26 18:00:00"
7,26,19,1,8.5779575752295,1,0,0,"LED Off","2024-07-26 19:00:00"
7,26,20,2,10.2443166338262,1,0,0,"LED Off","2024-07-26 20:00:00"
7,26,21,0,0,0,0,0,"LED Off","2024-07-26 21:00:00"
7,26,22,0,0,0,0,0,"LED Off","2024-07-26 22:00:00"
7,26,23,0,0,0,0,0,"LED Off","2024-07-26 23:00:00"
7,27,0,0,0,0,0,0,"LED Off","2024-07-27 00:00:00"
7,27,1,0,0,0,0,0,"LED Off","2024-07-27 01:00:00"
7,27,2,0,0,0,0,0,"LED Off","2024-07-27 02:00:00"
7,27,3,0,0,0,0,0,"LED Off","2024-07-27 03:00:00"
7,27,4,0,0,0,0,0,"LED Off","2024-07-27 04:00:00"
7,27,5,5,26.4892342993561,2,0,0,"LED Off","2024-07-27 05:00:00"
7,27,6,2,10.5495747733275,1,0,0,"LED Off","2024-07-27 06:00:00"
7,27,7,3,20.4000520668603,3,0,0,"LED Off","2024-07-27 07:00:00"
7,27,8,8,46.983956825615,6,0,0,"LED Off","2024-07-27 08:00:00"
7,27,9,15,99.1269637309819,14,0,0,"LED Off","2024-07-27 09:00:00"
7,27,10,11,90.56666704471,10,0,0,"LED Off","2024-07-27 10:00:00"
7,27,11,11,182.333763694899,8,0,1,"LED Off","2024-07-27 11:00:00"
7,27,12,11,73.2131002934998,4,3,0,"LED Off","2024-07-27 12:00:00"
7,27,13,14,89.854635522552,8,2,0,"LED Off","2024-07-27 13:00:00"
7,27,14,6,35.707880923933,3,2,0,"LED Off","2024-07-27 14:00:00"
7,27,15,4,41.1339851471732,2,1,0,"LED Off","2024-07-27 15:00:00"
7,27,16,2,5.04260016258642,2,0,0,"LED Off","2024-07-27 16:00:00"
7,27,17,2,44.3109232373943,0,1,0,"LED Off","2024-07-27 17:00:00"
7,27,18,10,94.3228828130203,7,3,0,"LED Off","2024-07-27 18:00:00"
7,27,19,5,30.4886967277694,1,0,2,"LED Off","2024-07-27 19:00:00"
7,27,20,0,0,0,0,0,"LED Off","2024-07-27 20:00:00"
7,27,21,0,0,0,0,0,"LED Off","2024-07-27 21:00:00"
7,27,22,0,0,0,0,0,"LED Off","2024-07-27 22:00:00"
7,27,23,0,0,0,0,0,"LED Off","2024-07-27 23:00:00"
7,28,0,0,0,0,0,0,"LED Off","2024-07-28 00:00:00"
7,28,1,0,0,0,0,0,"LED Off","2024-07-28 01:00:00"
7,28,2,0,0,0,0,0,"LED Off","2024-07-28 02:00:00"
7,28,3,0,0,0,0,0,"LED Off","2024-07-28 03:00:00"
7,28,4,0,0,0,0,0,"LED Off","2024-07-28 04:00:00"
7,28,5,1,10.0738326714897,0,0,0,"LED Off","2024-07-28 05:00:00"
7,28,6,2,20.2322088904289,1,0,0,"LED Off","2024-07-28 06:00:00"
7,28,7,1,30.612148007845,1,0,0,"LED Off","2024-07-28 07:00:00"
7,28,8,4,26.1828022294028,4,0,0,"LED Off","2024-07-28 08:00:00"
7,28,9,27,173.93880922334,22,1,0,"LED Off","2024-07-28 09:00:00"
7,28,10,13,92.1426700352483,10,0,1,"LED Off","2024-07-28 10:00:00"
7,28,11,2,21.0493380932718,2,0,0,"LED Off","2024-07-28 11:00:00"
7,28,12,6,48.3137672119761,4,0,0,"LED Off","2024-07-28 12:00:00"
7,28,13,3,25.0744444496642,2,0,0,"LED Off","2024-07-28 13:00:00"
7,28,14,3,15.5653497377471,0,3,0,"LED Off","2024-07-28 14:00:00"
7,28,15,5,27.7647946932847,3,0,0,"LED Off","2024-07-28 15:00:00"
7,28,16,0,0,0,0,0,"LED Off","2024-07-28 16:00:00"
7,28,17,0,0,0,0,0,"LED Off","2024-07-28 17:00:00"
7,28,18,0,0,0,0,0,"LED Off","2024-07-28 18:00:00"
7,28,19,0,0,0,0,0,"LED Off","2024-07-28 19:00:00"
7,28,20,3,21.6344078641486,0,0,0,"LED Off","2024-07-28 20:00:00"
7,28,21,4,18.1379963867695,3,0,0,"LED Off","2024-07-28 21:00:00"
7,28,22,0,0,0,0,0,"LED Off","2024-07-28 22:00:00"
7,28,23,0,0,0,0,0,"LED Off","2024-07-28 23:00:00"
7,29,0,0,0,0,0,0,"LED Off","2024-07-29 00:00:00"
7,29,1,0,0,0,0,0,"LED Off","2024-07-29 01:00:00"
7,29,2,0,0,0,0,0,"LED Off","2024-07-29 02:00:00"
7,29,3,0,0,0,0,0,"LED Off","2024-07-29 03:00:00"
7,29,4,0,0,0,0,0,"LED Off","2024-07-29 04:00:00"
7,29,5,0,0,0,0,0,"LED Off","2024-07-29 05:00:00"
7,29,6,0,0,0,0,0,"LED Off","2024-07-29 06:00:00"
7,29,7,0,0,0,0,0,"LED Off","2024-07-29 07:00:00"
7,29,8,22,136.171023041218,13,1,0,"LED Off","2024-07-29 08:00:00"
7,29,9,22,163.518356582922,17,0,0,"LED Off","2024-07-29 09:00:00"
7,29,10,9,60.6076493538912,6,0,0,"LED Off","2024-07-29 10:00:00"
7,29,11,12,84.295912336785,10,0,0,"LED Off","2024-07-29 11:00:00"
7,29,12,16,122.20243005474,11,1,0,"LED Off","2024-07-29 12:00:00"
7,29,13,7,23.2731555205571,3,0,0,"LED Off","2024-07-29 13:00:00"
7,29,14,9,60.6243130950144,4,0,0,"LED Off","2024-07-29 14:00:00"
7,29,15,13,76.3276163520514,8,0,1,"LED Off","2024-07-29 15:00:00"
7,29,16,8,80.3561060462162,6,0,1,"LED Off","2024-07-29 16:00:00"
7,29,17,5,51.2477610150005,2,0,0,"LED Off","2024-07-29 17:00:00"
7,29,18,0,0,0,0,0,"LED Off","2024-07-29 18:00:00"
7,29,19,0,0,0,0,0,"LED Off","2024-07-29 19:00:00"
7,29,20,0,0,0,0,0,"LED Off","2024-07-29 20:00:00"
7,29,21,0,0,0,0,0,"LED Off","2024-07-29 21:00:00"
7,29,22,0,0,0,0,0,"LED Off","2024-07-29 22:00:00"
7,29,23,0,0,0,0,0,"LED Off","2024-07-29 23:00:00"
7,30,0,0,0,0,0,0,"LED Off","2024-07-30 00:00:00"
7,30,1,0,0,0,0,0,"LED Off","2024-07-30 01:00:00"
7,30,2,0,0,0,0,0,"LED Off","2024-07-30 02:00:00"
7,30,3,0,0,0,0,0,"LED Off","2024-07-30 03:00:00"
7,30,4,0,0,0,0,0,"LED Off","2024-07-30 04:00:00"
7,30,5,1,6.86145267214211,1,0,0,"LED Off","2024-07-30 05:00:00"
7,30,6,0,0,0,0,0,"LED Off","2024-07-30 06:00:00"
7,30,7,2,16.4149804056299,2,0,0,"LED Off","2024-07-30 07:00:00"
7,30,8,11,149.881553139203,5,0,0,"LED Off","2024-07-30 08:00:00"
7,30,9,25,208.67749669892,19,1,0,"LED Off","2024-07-30 09:00:00"
7,30,10,2,18.6061035694405,2,0,0,"LED Off","2024-07-30 10:00:00"
7,30,11,2,12.1846348640487,2,0,0,"LED Off","2024-07-30 11:00:00"
7,30,12,16,143.63365247501,10,0,0,"LED Off","2024-07-30 12:00:00"
7,30,13,2,16.7433929020834,1,0,0,"LED Off","2024-07-30 13:00:00"
7,30,14,8,45.9211086117653,6,0,0,"LED Off","2024-07-30 14:00:00"
7,30,15,1,11.7397730710181,1,0,0,"LED Off","2024-07-30 15:00:00"
7,30,16,0,0,0,0,0,"LED Off","2024-07-30 16:00:00"
7,30,17,1,2.96638110101864,1,0,0,"LED Off","2024-07-30 17:00:00"
7,30,18,1,4.8130025028786,1,0,0,"LED Off","2024-07-30 18:00:00"
7,30,19,1,2.75169026687072,1,0,0,"LED Off","2024-07-30 19:00:00"
7,30,20,2,20.0521243968857,1,0,0,"LED Off","2024-07-30 20:00:00"
7,30,21,2,11.3703284574532,1,0,0,"LED Off","2024-07-30 21:00:00"
7,30,22,0,0,0,0,0,"LED Off","2024-07-30 22:00:00"
7,30,23,0,0,0,0,0,"LED Off","2024-07-30 23:00:00"
7,31,0,0,0,0,0,0,"LED Off","2024-07-31 00:00:00"
7,31,1,0,0,0,0,0,"LED Off","2024-07-31 01:00:00"
7,31,2,0,0,0,0,0,"LED Off","2024-07-31 02:00:00"
7,31,3,0,0,0,0,0,"LED Off","2024-07-31 03:00:00"
7,31,4,0,0,0,0,0,"LED Off","2024-07-31 04:00:00"
7,31,5,0,0,0,0,0,"LED Off","2024-07-31 05:00:00"
7,31,6,2,27.8655559805678,1,0,1,"LED Off","2024-07-31 06:00:00"
7,31,7,0,0,0,0,0,"LED Off","2024-07-31 07:00:00"
7,31,8,13,115.573705096009,9,1,0,"LED Off","2024-07-31 08:00:00"
7,31,9,20,170.421171455598,7,4,0,"LED Off","2024-07-31 09:00:00"
7,31,10,7,70.9611345962622,4,0,0,"LED Off","2024-07-31 10:00:00"
7,31,11,11,76.7436969491973,8,0,0,"LED Off","2024-07-31 11:00:00"
7,31,12,6,70.890592962217,4,0,0,"LED Off","2024-07-31 12:00:00"
7,31,13,4,35.7149587321492,3,0,0,"LED Off","2024-07-31 13:00:00"
7,31,14,3,43.8651565649713,3,0,0,"LED Off","2024-07-31 14:00:00"
7,31,15,1,12.1681417212401,1,0,0,"LED Off","2024-07-31 15:00:00"
7,31,16,1,0,1,0,0,"LED Off","2024-07-31 16:00:00"
7,31,17,2,13.3585271770375,1,0,0,"LED Off","2024-07-31 17:00:00"
7,31,18,2,18.6191300445074,2,0,0,"LED Off","2024-07-31 18:00:00"
7,31,19,7,36.4979116633957,3,0,0,"LED Off","2024-07-31 19:00:00"
7,31,20,0,0,0,0,0,"LED Off","2024-07-31 20:00:00"
7,31,21,0,0,0,0,0,"LED Off","2024-07-31 21:00:00"
7,31,22,0,0,0,0,0,"LED Off","2024-07-31 22:00:00"
7,31,23,0,0,0,0,0,"LED Off","2024-07-31 23:00:00"
8,1,0,0,0,0,0,0,"LED Off","2024-08-01 00:00:00"
8,1,1,0,0,0,0,0,"LED Off","2024-08-01 01:00:00"
8,1,2,0,0,0,0,0,"LED Off","2024-08-01 02:00:00"
8,1,3,0,0,0,0,0,"LED Off","2024-08-01 03:00:00"
8,1,4,0,0,0,0,0,"LED Off","2024-08-01 04:00:00"
8,1,5,0,0,0,0,0,"LED Off","2024-08-01 05:00:00"
8,1,6,0,0,0,0,0,"LED Off","2024-08-01 06:00:00"
8,1,7,1,12.1681417212401,1,0,0,"LED Off","2024-08-01 07:00:00"
8,1,8,10,59.1894097093284,5,0,0,"LED Off","2024-08-01 08:00:00"
8,1,9,10,107.070912766486,9,0,0,"LED Off","2024-08-01 09:00:00"
8,1,10,18,184.574292837973,15,0,0,"LED Off","2024-08-01 10:00:00"
8,1,11,0,0,0,0,0,"LED Off","2024-08-01 11:00:00"
8,1,12,4,32.9892988220336,4,0,0,"LED Off","2024-08-01 12:00:00"
8,1,13,1,0.486559543117111,0,0,0,"LED Off","2024-08-01 13:00:00"
8,1,14,8,69.8747000310177,7,1,0,"LED Off","2024-08-01 14:00:00"
8,1,15,3,33.9246512635766,3,0,0,"LED Off","2024-08-01 15:00:00"
8,1,16,4,96.6723350831314,2,1,0,"LED Off","2024-08-01 16:00:00"
8,1,17,2,3.38286396168408,1,0,0,"LED Off","2024-08-01 17:00:00"
8,1,18,5,22.2792973144638,0,1,0,"LED Off","2024-08-01 18:00:00"
8,1,19,6,41.9361623415794,4,1,0,"LED Off","2024-08-01 19:00:00"
8,1,20,1,6.24371799639755,0,1,0,"LED Off","2024-08-01 20:00:00"
8,1,21,0,0,0,0,0,"LED Off","2024-08-01 21:00:00"
8,1,22,0,0,0,0,0,"LED Off","2024-08-01 22:00:00"
8,1,23,0,0,0,0,0,"LED Off","2024-08-01 23:00:00"
8,2,0,0,0,0,0,0,"LED Off","2024-08-02 00:00:00"
8,2,1,0,0,0,0,0,"LED Off","2024-08-02 01:00:00"
8,2,2,0,0,0,0,0,"LED Off","2024-08-02 02:00:00"
8,2,3,0,0,0,0,0,"LED Off","2024-08-02 03:00:00"
8,2,4,0,0,0,0,0,"LED Off","2024-08-02 04:00:00"
8,2,5,0,0,0,0,0,"LED Off","2024-08-02 05:00:00"
8,2,6,0,0,0,0,0,"LED Off","2024-08-02 06:00:00"
8,2,7,0,0,0,0,0,"LED Off","2024-08-02 07:00:00"
8,2,8,1,13.049978785518,1,0,0,"LED Off","2024-08-02 08:00:00"
8,2,9,10,84.5281459591221,9,0,1,"LED Off","2024-08-02 09:00:00"
8,2,10,8,79.4665922680297,8,0,0,"LED Off","2024-08-02 10:00:00"
8,2,11,15,139.652497323897,14,0,0,"LED Off","2024-08-02 11:00:00"
8,2,12,6,42.0590574019066,5,0,0,"LED Off","2024-08-02 12:00:00"
8,2,13,24,232.935920352372,22,1,0,"LED Off","2024-08-02 13:00:00"
8,2,14,16,134.523028368255,14,2,0,"LED Off","2024-08-02 14:00:00"
8,2,15,6,32.222628680643,4,1,0,"LED Off","2024-08-02 15:00:00"
8,2,16,3,16.359433437372,2,1,0,"LED Off","2024-08-02 16:00:00"
8,2,17,2,13.4335534837839,2,0,0,"LED Off","2024-08-02 17:00:00"
8,2,18,1,3.60229749847786,0,1,0,"LED Off","2024-08-02 18:00:00"
8,2,19,4,32.5598428789798,3,1,0,"LED Off","2024-08-02 19:00:00"
8,2,20,0,0,0,0,0,"LED Off","2024-08-02 20:00:00"
8,2,21,0,0,0,0,0,"LED Off","2024-08-02 21:00:00"
8,2,22,0,0,0,0,0,"LED Off","2024-08-02 22:00:00"
8,2,23,0,0,0,0,0,"LED Off","2024-08-02 23:00:00"
8,3,0,0,0,0,0,0,"LED Off","2024-08-03 00:00:00"
8,3,1,0,0,0,0,0,"LED Off","2024-08-03 01:00:00"
8,3,2,0,0,0,0,0,"LED Off","2024-08-03 02:00:00"
8,3,3,0,0,0,0,0,"LED Off","2024-08-03 03:00:00"
8,3,4,0,0,0,0,0,"LED Off","2024-08-03 04:00:00"
8,3,5,0,0,0,0,0,"LED Off","2024-08-03 05:00:00"
8,3,6,0,0,0,0,0,"LED Off","2024-08-03 06:00:00"
8,3,7,0,0,0,0,0,"LED Off","2024-08-03 07:00:00"
8,3,8,5,43.3786478235031,2,3,0,"LED Off","2024-08-03 08:00:00"
8,3,9,6,40.9894176569676,5,1,0,"LED Off","2024-08-03 09:00:00"
8,3,10,26,233.729551371047,25,1,0,"LED Off","2024-08-03 10:00:00"
8,3,11,9,79.8489142401638,7,1,0,"LED Off","2024-08-03 11:00:00"
8,3,12,13,117.806758180119,11,0,0,"LED Off","2024-08-03 12:00:00"
8,3,13,5,25.4834203794017,4,0,0,"LED Off","2024-08-03 13:00:00"
8,3,14,11,88.2592049401585,10,1,0,"LED Off","2024-08-03 14:00:00"
8,3,15,12,83.1294319097786,8,2,0,"LED Off","2024-08-03 15:00:00"
8,3,16,9,60.7790734758188,8,0,0,"LED Off","2024-08-03 16:00:00"
8,3,17,1,2.56256751030822,0,0,0,"LED Off","2024-08-03 17:00:00"
8,3,18,1,4.063754203471,0,0,0,"LED Off","2024-08-03 18:00:00"
8,3,19,0,0,0,0,0,"LED Off","2024-08-03 19:00:00"
8,3,20,0,0,0,0,0,"LED Off","2024-08-03 20:00:00"
8,3,21,0,0,0,0,0,"LED Off","2024-08-03 21:00:00"
8,3,22,0,0,0,0,0,"LED Off","2024-08-03 22:00:00"
8,3,23,0,0,0,0,0,"LED Off","2024-08-03 23:00:00"
8,4,0,0,0,0,0,0,"LED Off","2024-08-04 00:00:00"
8,4,1,0,0,0,0,0,"LED Off","2024-08-04 01:00:00"
8,4,2,0,0,0,0,0,"LED Off","2024-08-04 02:00:00"
8,4,3,0,0,0,0,0,"LED Off","2024-08-04 03:00:00"
8,4,4,0,0,0,0,0,"LED Off","2024-08-04 04:00:00"
8,4,5,0,0,0,0,0,"LED Off","2024-08-04 05:00:00"
8,4,6,0,0,0,0,0,"LED Off","2024-08-04 06:00:00"
8,4,7,0,0,0,0,0,"LED Off","2024-08-04 07:00:00"
8,4,8,11,105.568221876695,11,0,0,"LED Off","2024-08-04 08:00:00"
8,4,9,20,103.40841023168,14,1,0,"LED Off","2024-08-04 09:00:00"
8,4,10,15,74.400856266682,7,0,0,"LED Off","2024-08-04 10:00:00"
8,4,11,18,169.317086533419,15,1,0,"LED Off","2024-08-04 11:00:00"
8,4,12,16,124.990181527005,13,2,0,"LED Off","2024-08-04 12:00:00"
8,4,13,10,55.4979185147473,9,0,0,"LED Off","2024-08-04 13:00:00"
8,4,14,12,96.4365432395881,11,0,0,"LED Off","2024-08-04 14:00:00"
8,4,15,2,8.75903757911835,2,0,0,"LED Off","2024-08-04 15:00:00"
8,4,16,6,34.9739586639566,4,0,0,"LED Off","2024-08-04 16:00:00"
8,4,17,2,9.82783377316075,1,1,0,"LED Off","2024-08-04 17:00:00"
8,4,18,1,9.30956502225369,1,0,0,"LED Off","2024-08-04 18:00:00"
8,4,19,0,0,0,0,0,"LED Off","2024-08-04 19:00:00"
8,4,20,3,15.8903808314617,0,0,0,"LED Off","2024-08-04 20:00:00"
8,4,21,0,0,0,0,0,"LED Off","2024-08-04 21:00:00"
8,4,22,0,0,0,0,0,"LED Off","2024-08-04 22:00:00"
8,4,23,0,0,0,0,0,"LED Off","2024-08-04 23:00:00"
8,5,0,0,0,0,0,0,"LED Off","2024-08-05 00:00:00"
8,5,1,0,0,0,0,0,"LED Off","2024-08-05 01:00:00"
8,5,2,0,0,0,0,0,"LED Off","2024-08-05 02:00:00"
8,5,3,0,0,0,0,0,"LED Off","2024-08-05 03:00:00"
8,5,4,0,0,0,0,0,"LED Off","2024-08-05 04:00:00"
8,5,5,0,0,0,0,0,"LED Off","2024-08-05 05:00:00"
8,5,6,0,0,0,0,0,"LED Off","2024-08-05 06:00:00"
8,5,7,8,69.8535471220453,3,0,1,"LED Off","2024-08-05 07:00:00"
8,5,8,15,151.666693367214,12,0,0,"LED Off","2024-08-05 08:00:00"
8,5,9,9,61.8767664676157,4,1,0,"LED Off","2024-08-05 09:00:00"
8,5,10,11,47.8086630343797,6,2,0,"LED Off","2024-08-05 10:00:00"
8,5,11,19,126.759756513503,15,1,0,"LED Off","2024-08-05 11:00:00"
8,5,12,6,47.2440144456006,4,0,0,"LED Off","2024-08-05 12:00:00"
8,5,13,5,20.2814794716972,4,0,0,"LED Off","2024-08-05 13:00:00"
8,5,14,4,9.46056280522609,2,1,0,"LED Off","2024-08-05 14:00:00"
8,5,15,1,5.94669562707619,0,0,0,"LED Off","2024-08-05 15:00:00"
8,5,16,4,120.624781042862,2,0,0,"LED Off","2024-08-05 16:00:00"
8,5,17,1,111.963689356532,0,0,0,"LED Off","2024-08-05 17:00:00"
8,5,18,0,0,0,0,0,"LED Off","2024-08-05 18:00:00"
8,5,19,1,2.56256751030822,0,0,0,"LED Off","2024-08-05 19:00:00"
8,5,20,0,0,0,0,0,"LED Off","2024-08-05 20:00:00"
8,5,21,0,0,0,0,0,"LED On","2024-08-05 21:00:00"
8,5,22,10,80.7844192807765,8,0,2,"LED On","2024-08-05 22:00:00"
8,5,23,11,203.340883823231,5,0,3,"LED On","2024-08-05 23:00:00"
8,6,0,0,0,0,0,0,"LED Off","2024-08-06 00:00:00"
8,6,1,0,0,0,0,0,"LED Off","2024-08-06 01:00:00"
8,6,2,0,0,0,0,0,"LED Off","2024-08-06 02:00:00"
8,6,3,0,0,0,0,0,"LED Off","2024-08-06 03:00:00"
8,6,4,0,0,0,0,0,"LED Off","2024-08-06 04:00:00"
8,6,5,0,0,0,0,0,"LED Off","2024-08-06 05:00:00"
8,6,6,0,0,0,0,0,"LED Off","2024-08-06 06:00:00"
8,6,7,0,0,0,0,0,"LED Off","2024-08-06 07:00:00"
8,6,8,6,32.7580503490963,6,0,0,"LED Off","2024-08-06 08:00:00"
8,6,9,5,145.182978221388,5,0,0,"LED Off","2024-08-06 09:00:00"
8,6,10,3,22.2666274886983,2,0,0,"LED Off","2024-08-06 10:00:00"
8,6,11,3,29.0197411289341,2,1,0,"LED Off","2024-08-06 11:00:00"
8,6,12,3,18.9879184063337,2,0,0,"LED Off","2024-08-06 12:00:00"
8,6,13,3,9.12432332461467,2,0,0,"LED Off","2024-08-06 13:00:00"
8,6,14,2,22.2419743927298,2,0,0,"LED Off","2024-08-06 14:00:00"
8,6,15,1,10.0738326714897,0,1,0,"LED Off","2024-08-06 15:00:00"
8,6,16,0,0,0,0,0,"LED Off","2024-08-06 16:00:00"
8,6,17,2,5.65752551775699,1,1,0,"LED Off","2024-08-06 17:00:00"
8,6,18,3,9.04038947944107,1,0,0,"LED Off","2024-08-06 18:00:00"
8,6,19,1,6.24371799639755,0,0,0,"LED Off","2024-08-06 19:00:00"
8,6,20,5,71.7549343807391,2,1,0,"LED Off","2024-08-06 20:00:00"
8,6,21,4,16.1541231399024,3,0,0,"LED On","2024-08-06 21:00:00"
8,6,22,28,277.004844524633,18,0,1,"LED On","2024-08-06 22:00:00"
8,6,23,41,706.881304969604,15,6,6,"LED On","2024-08-06 23:00:00"
8,7,0,0,0,0,0,0,"LED Off","2024-08-07 00:00:00"
8,7,1,0,0,0,0,0,"LED Off","2024-08-07 01:00:00"
8,7,2,0,0,0,0,0,"LED Off","2024-08-07 02:00:00"
8,7,3,0,0,0,0,0,"LED Off","2024-08-07 03:00:00"
8,7,4,0,0,0,0,0,"LED Off","2024-08-07 04:00:00"
8,7,5,0,0,0,0,0,"LED Off","2024-08-07 05:00:00"
8,7,6,2,15.4394102473716,1,0,0,"LED Off","2024-08-07 06:00:00"
8,7,7,0,0,0,0,0,"LED Off","2024-08-07 07:00:00"
8,7,8,4,25.1642170518084,2,0,0,"LED Off","2024-08-07 08:00:00"
8,7,9,6,34.0529813163477,4,0,0,"LED Off","2024-08-07 09:00:00"
8,7,10,5,26.7543738701432,3,0,0,"LED Off","2024-08-07 10:00:00"
8,7,11,0,0,0,0,0,"LED Off","2024-08-07 11:00:00"
8,7,12,1,11.319736358662,1,0,0,"LED Off","2024-08-07 12:00:00"
8,7,13,10,82.0119648886217,10,0,0,"LED Off","2024-08-07 13:00:00"
8,7,14,19,116.896343405383,13,1,0,"LED Off","2024-08-07 14:00:00"
8,7,15,11,95.8091841014174,7,1,0,"LED Off","2024-08-07 15:00:00"
8,7,16,13,55.2203779851996,8,1,0,"LED Off","2024-08-07 16:00:00"
8,7,17,10,70.0233351484964,7,2,0,"LED Off","2024-08-07 17:00:00"
8,7,18,5,59.0543404406033,5,0,0,"LED Off","2024-08-07 18:00:00"
8,7,19,2,13.3269343645613,1,0,0,"LED Off","2024-08-07 19:00:00"
8,7,20,1,1.57937832530033,0,0,0,"LED Off","2024-08-07 20:00:00"
8,7,21,0,0,0,0,0,"LED On","2024-08-07 21:00:00"
8,7,22,47,405.37748766961,37,1,4,"LED On","2024-08-07 22:00:00"
8,7,23,16,136.64290164679,11,1,3,"LED On","2024-08-07 23:00:00"
8,8,0,0,0,0,0,0,"LED Off","2024-08-08 00:00:00"
8,8,1,0,0,0,0,0,"LED Off","2024-08-08 01:00:00"
8,8,2,0,0,0,0,0,"LED Off","2024-08-08 02:00:00"
8,8,3,0,0,0,0,0,"LED Off","2024-08-08 03:00:00"
8,8,4,0,0,0,0,0,"LED Off","2024-08-08 04:00:00"
8,8,5,0,0,0,0,0,"LED Off","2024-08-08 05:00:00"
8,8,6,0,0,0,0,0,"LED Off","2024-08-08 06:00:00"
8,8,7,1,3.82924753092925,1,0,0,"LED Off","2024-08-08 07:00:00"
8,8,8,6,59.3061975047464,6,0,0,"LED Off","2024-08-08 08:00:00"
8,8,9,11,81.8897563541005,6,1,0,"LED Off","2024-08-08 09:00:00"
8,8,10,10,39.5718336519488,6,0,0,"LED Off","2024-08-08 10:00:00"
8,8,11,11,36.6270391678714,7,0,0,"LED Off","2024-08-08 11:00:00"
8,8,12,18,91.1956087034252,9,1,0,"LED Off","2024-08-08 12:00:00"
8,8,13,12,68.0912404797024,9,0,0,"LED Off","2024-08-08 13:00:00"
8,8,14,8,55.2150113297953,5,1,0,"LED Off","2024-08-08 14:00:00"
8,8,15,0,0,0,0,0,"LED Off","2024-08-08 15:00:00"
8,8,16,2,7.307283937743,1,0,0,"LED Off","2024-08-08 16:00:00"
8,8,17,0,0,0,0,0,"LED Off","2024-08-08 17:00:00"
8,8,18,1,3.82924753092925,1,0,0,"LED Off","2024-08-08 18:00:00"
8,8,19,0,0,0,0,0,"LED Off","2024-08-08 19:00:00"
8,8,20,0,0,0,0,0,"LED Off","2024-08-08 20:00:00"
8,8,21,0,0,0,0,0,"LED On","2024-08-08 21:00:00"
8,8,22,0,0,0,0,0,"LED On","2024-08-08 22:00:00"
8,8,23,27,150.031441307891,20,0,2,"LED On","2024-08-08 23:00:00"
8,9,0,0,0,0,0,0,"LED Off","2024-08-09 00:00:00"
8,9,1,0,0,0,0,0,"LED Off","2024-08-09 01:00:00"
8,9,2,0,0,0,0,0,"LED Off","2024-08-09 02:00:00"
8,9,3,0,0,0,0,0,"LED Off","2024-08-09 03:00:00"
8,9,4,0,0,0,0,0,"LED Off","2024-08-09 04:00:00"
8,9,5,0,0,0,0,0,"LED Off","2024-08-09 05:00:00"
8,9,6,0,0,0,0,0,"LED Off","2024-08-09 06:00:00"
8,9,7,0,0,0,0,0,"LED Off","2024-08-09 07:00:00"
8,9,8,0,0,0,0,0,"LED Off","2024-08-09 08:00:00"
8,9,9,2,21.2973175533964,2,0,0,"LED Off","2024-08-09 09:00:00"
8,9,10,0,0,0,0,0,"LED Off","2024-08-09 10:00:00"
8,9,11,6,24.8935912977238,3,3,0,"LED Off","2024-08-09 11:00:00"
8,9,12,1,11.319736358662,1,0,0,"LED Off","2024-08-09 12:00:00"
8,9,13,0,0,0,0,0,"LED Off","2024-08-09 13:00:00"
8,9,14,1,1.57937832530033,0,0,0,"LED Off","2024-08-09 14:00:00"
8,9,15,0,0,0,0,0,"LED Off","2024-08-09 15:00:00"
8,9,16,1,5.65752551775699,1,0,0,"LED Off","2024-08-09 16:00:00"
8,9,17,0,0,0,0,0,"LED Off","2024-08-09 17:00:00"
8,9,18,1,1.29649578596346,0,0,0,"LED Off","2024-08-09 18:00:00"
8,9,19,0,0,0,0,0,"LED Off","2024-08-09 19:00:00"
8,9,20,0,0,0,0,0,"LED Off","2024-08-09 20:00:00"
8,9,21,0,0,0,0,0,"LED On","2024-08-09 21:00:00"
8,9,22,0,0,0,0,0,"LED On","2024-08-09 22:00:00"
8,9,23,6,63.360764539016,4,0,0,"LED On","2024-08-09 23:00:00"
8,10,0,1,14.4358648812543,0,0,0,"LED Off","2024-08-10 00:00:00"
8,10,1,0,0,0,0,0,"LED Off","2024-08-10 01:00:00"
8,10,2,0,0,0,0,0,"LED Off","2024-08-10 02:00:00"
8,10,3,0,0,0,0,0,"LED Off","2024-08-10 03:00:00"
8,10,4,0,0,0,0,0,"LED Off","2024-08-10 04:00:00"
8,10,5,0,0,0,0,0,"LED Off","2024-08-10 05:00:00"
8,10,6,0,0,0,0,0,"LED Off","2024-08-10 06:00:00"
8,10,7,1,7.87877808711874,1,0,0,"LED Off","2024-08-10 07:00:00"
8,10,8,1,15.4468971161199,1,0,0,"LED Off","2024-08-10 08:00:00"
8,10,9,0,0,0,0,0,"LED Off","2024-08-10 09:00:00"
8,10,10,2,9.21009909741619,2,0,0,"LED Off","2024-08-10 10:00:00"
8,10,11,0,0,0,0,0,"LED Off","2024-08-10 11:00:00"
8,10,12,3,19.7462644353168,2,0,0,"LED Off","2024-08-10 12:00:00"
8,10,13,2,6.16486500878608,0,0,0,"LED Off","2024-08-10 13:00:00"
8,10,14,1,12.6048683818929,1,0,0,"LED Off","2024-08-10 14:00:00"
8,10,15,0,0,0,0,0,"LED Off","2024-08-10 15:00:00"
8,10,16,0,0,0,0,0,"LED Off","2024-08-10 16:00:00"
8,10,17,5,33.3738378286145,2,0,0,"LED Off","2024-08-10 17:00:00"
8,10,18,1,1.29649578596346,0,0,0,"LED Off","2024-08-10 18:00:00"
8,10,19,2,103.840048812924,1,0,0,"LED Off","2024-08-10 19:00:00"
8,10,20,0,0,0,0,0,"LED Off","2024-08-10 20:00:00"
8,10,21,2,14.1531345459769,1,0,0,"LED On","2024-08-10 21:00:00"
8,10,22,9,265.123647842138,5,0,3,"LED On","2024-08-10 22:00:00"
8,10,23,7,41.0043653043093,4,0,0,"LED On","2024-08-10 23:00:00"
8,11,0,0,0,0,0,0,"LED Off","2024-08-11 00:00:00"
8,11,1,0,0,0,0,0,"LED Off","2024-08-11 01:00:00"
8,11,2,0,0,0,0,0,"LED Off","2024-08-11 02:00:00"
8,11,3,0,0,0,0,0,"LED Off","2024-08-11 03:00:00"
8,11,4,0,0,0,0,0,"LED Off","2024-08-11 04:00:00"
8,11,5,0,0,0,0,0,"LED Off","2024-08-11 05:00:00"
8,11,6,0,0,0,0,0,"LED Off","2024-08-11 06:00:00"
8,11,7,1,12.6048683818929,1,0,0,"LED Off","2024-08-11 07:00:00"
8,11,8,1,6.86145267214211,1,0,0,"LED Off","2024-08-11 08:00:00"
8,11,9,3,5.71602795330975,1,0,0,"LED Off","2024-08-11 09:00:00"
8,11,10,3,12.2791306389501,3,0,0,"LED Off","2024-08-11 10:00:00"
8,11,11,1,0,0,0,0,"LED Off","2024-08-11 11:00:00"
8,11,12,0,0,0,0,0,"LED Off","2024-08-11 12:00:00"
8,11,13,1,4.8130025028786,0,0,0,"LED Off","2024-08-11 13:00:00"
8,11,14,0,0,0,0,0,"LED Off","2024-08-11 14:00:00"
8,11,15,0,0,0,0,0,"LED Off","2024-08-11 15:00:00"
8,11,16,0,0,0,0,0,"LED Off","2024-08-11 16:00:00"
8,11,17,4,34.4452130958012,2,1,0,"LED Off","2024-08-11 17:00:00"
8,11,18,2,3.01968098940889,2,0,0,"LED Off","2024-08-11 18:00:00"
8,11,19,3,24.8137384746771,2,0,0,"LED Off","2024-08-11 19:00:00"
8,11,20,6,41.0933718390975,2,1,0,"LED Off","2024-08-11 20:00:00"
8,11,21,3,4.7687326219315,1,0,1,"LED On","2024-08-11 21:00:00"
8,11,22,7,108.807817722715,4,0,1,"LED On","2024-08-11 22:00:00"
8,11,23,11,62.060061668753,7,0,0,"LED On","2024-08-11 23:00:00"
8,12,0,1,75.1091794607992,0,0,0,"LED Off","2024-08-12 00:00:00"
8,12,1,0,0,0,0,0,"LED Off","2024-08-12 01:00:00"
8,12,2,0,0,0,0,0,"LED Off","2024-08-12 02:00:00"
8,12,3,0,0,0,0,0,"LED Off","2024-08-12 03:00:00"
8,12,4,0,0,0,0,0,"LED Off","2024-08-12 04:00:00"
8,12,5,0,0,0,0,0,"LED Off","2024-08-12 05:00:00"
8,12,6,0,0,0,0,0,"LED Off","2024-08-12 06:00:00"
8,12,7,0,0,0,0,0,"LED Off","2024-08-12 07:00:00"
8,12,8,4,12.5189781898991,3,1,0,"LED Off","2024-08-12 08:00:00"
8,12,9,2,19.0462423537832,2,0,0,"LED Off","2024-08-12 09:00:00"
8,12,10,3,16.0586981224486,2,1,0,"LED Off","2024-08-12 10:00:00"
8,12,11,1,13.9654521098584,1,0,0,"LED Off","2024-08-12 11:00:00"
8,12,12,0,0,0,0,0,"LED Off","2024-08-12 12:00:00"
8,12,13,1,7.87877808711874,1,0,0,"LED Off","2024-08-12 13:00:00"
8,12,14,1,11.319736358662,1,0,0,"LED Off","2024-08-12 14:00:00"
8,12,15,1,9.30956502225369,1,0,0,"LED Off","2024-08-12 15:00:00"
8,12,16,1,5.1026052350484,1,0,0,"LED Off","2024-08-12 16:00:00"
8,12,17,2,8.127508406942,2,0,0,"LED Off","2024-08-12 17:00:00"
8,12,18,0,0,0,0,0,"LED Off","2024-08-12 18:00:00"
8,12,19,1,5.1026052350484,1,0,0,"LED Off","2024-08-12 19:00:00"
8,12,20,0,0,0,0,0,"LED Off","2024-08-12 20:00:00"
8,12,21,8,85.542631546301,4,0,0,"LED On","2024-08-12 21:00:00"
8,12,22,48,222.309336591757,30,0,1,"LED On","2024-08-12 22:00:00"
8,12,23,25,165.427871100861,19,0,0,"LED On","2024-08-12 23:00:00"
8,13,0,2,56.0343888555873,0,0,0,"LED Off","2024-08-13 00:00:00"
8,13,1,0,0,0,0,0,"LED Off","2024-08-13 01:00:00"
8,13,2,0,0,0,0,0,"LED Off","2024-08-13 02:00:00"
8,13,3,0,0,0,0,0,"LED Off","2024-08-13 03:00:00"
8,13,4,0,0,0,0,0,"LED Off","2024-08-13 04:00:00"
8,13,5,0,0,0,0,0,"LED Off","2024-08-13 05:00:00"
8,13,6,0,0,0,0,0,"LED Off","2024-08-13 06:00:00"
8,13,7,0,0,0,0,0,"LED Off","2024-08-13 07:00:00"
8,13,8,0,0,0,0,0,"LED Off","2024-08-13 08:00:00"
8,13,9,2,6.21477721370151,1,0,0,"LED Off","2024-08-13 09:00:00"
8,13,10,1,8.5779575752295,1,0,0,"LED Off","2024-08-13 10:00:00"
8,13,11,4,28.1285484216546,4,0,0,"LED Off","2024-08-13 11:00:00"
8,13,12,1,0,1,0,0,"LED Off","2024-08-13 12:00:00"
8,13,13,2,9.25982301623485,2,0,0,"LED Off","2024-08-13 13:00:00"
8,13,14,1,9.68760207696941,1,0,0,"LED Off","2024-08-13 14:00:00"
8,13,15,1,2.20616511162328,0,0,0,"LED Off","2024-08-13 15:00:00"
8,13,16,0,0,0,0,0,"LED Off","2024-08-13 16:00:00"
8,13,17,3,14.421408592912,2,0,0,"LED Off","2024-08-13 17:00:00"
8,13,18,0,0,0,0,0,"LED Off","2024-08-13 18:00:00"
8,13,19,1,16.4488786634336,1,0,0,"LED Off","2024-08-13 19:00:00"
8,13,20,0,0,0,0,0,"LED Off","2024-08-13 20:00:00"
8,13,21,0,0,0,0,0,"LED On","2024-08-13 21:00:00"
8,13,22,1,8.93969312413705,1,0,0,"LED On","2024-08-13 22:00:00"
8,13,23,1,96.4335909200239,0,1,0,"LED On","2024-08-13 23:00:00"
8,14,0,1,2.75169026687072,0,0,0,"LED Off","2024-08-14 00:00:00"
8,14,1,0,0,0,0,0,"LED Off","2024-08-14 01:00:00"
8,14,2,0,0,0,0,0,"LED Off","2024-08-14 02:00:00"
8,14,3,0,0,0,0,0,"LED Off","2024-08-14 03:00:00"
8,14,4,0,0,0,0,0,"LED Off","2024-08-14 04:00:00"
8,14,5,0,0,0,0,0,"LED Off","2024-08-14 05:00:00"
8,14,6,0,0,0,0,0,"LED Off","2024-08-14 06:00:00"
8,14,7,3,19.5532332621395,3,0,0,"LED Off","2024-08-14 07:00:00"
8,14,8,2,23.9598687580383,2,0,0,"LED Off","2024-08-14 08:00:00"
8,14,9,2,7.87877808711874,2,0,0,"LED Off","2024-08-14 09:00:00"
8,14,10,1,2.75169026687072,1,0,0,"LED Off","2024-08-14 10:00:00"
8,14,11,5,20.8559000577279,3,0,0,"LED Off","2024-08-14 11:00:00"
8,14,12,5,9.92596473722351,3,0,0,"LED Off","2024-08-14 12:00:00"
8,14,13,11,26.3888248873348,7,0,1,"LED Off","2024-08-14 13:00:00"
8,14,14,2,8.80628550670577,2,0,0,"LED Off","2024-08-14 14:00:00"
8,14,15,2,25.051086629471,2,0,0,"LED Off","2024-08-14 15:00:00"
8,14,16,3,40.0738188261434,3,0,0,"LED Off","2024-08-14 16:00:00"
8,14,17,5,47.9001252641566,4,1,0,"LED Off","2024-08-14 17:00:00"
8,14,18,2,7.09782818186555,1,1,0,"LED Off","2024-08-14 18:00:00"
8,14,19,8,32.8676079076318,6,0,1,"LED Off","2024-08-14 19:00:00"
8,14,20,0,0,0,0,0,"LED Off","2024-08-14 20:00:00"
8,14,21,8,22.8191819895159,6,0,0,"LED On","2024-08-14 21:00:00"
8,14,22,2,3.38286396168408,1,0,1,"LED On","2024-08-14 22:00:00"
8,14,23,0,0,0,0,0,"LED On","2024-08-14 23:00:00"
8,15,0,0,0,0,0,0,"LED Off","2024-08-15 00:00:00"
8,15,1,0,0,0,0,0,"LED Off","2024-08-15 01:00:00"
8,15,2,0,0,0,0,0,"LED Off","2024-08-15 02:00:00"
8,15,3,0,0,0,0,0,"LED Off","2024-08-15 03:00:00"
8,15,4,0,0,0,0,0,"LED Off","2024-08-15 04:00:00"
8,15,5,0,0,0,0,0,"LED Off","2024-08-15 05:00:00"
8,15,6,2,18.6926139080666,2,0,0,"LED Off","2024-08-15 06:00:00"
8,15,7,0,0,0,0,0,"LED Off","2024-08-15 07:00:00"
8,15,8,1,10.4682847785537,1,0,0,"LED Off","2024-08-15 08:00:00"
8,15,9,3,11.167309449072,2,1,0,"LED Off","2024-08-15 09:00:00"
8,15,10,1,1.87856909565458,1,0,0,"LED Off","2024-08-15 10:00:00"
8,15,11,1,8.5779575752295,0,1,0,"LED Off","2024-08-15 11:00:00"
8,15,12,3,20.9130862723155,3,0,0,"LED Off","2024-08-15 12:00:00"
8,15,13,10,48.1886564358149,6,1,0,"LED Off","2024-08-15 13:00:00"
8,15,14,8,59.6927454362526,7,0,0,"LED Off","2024-08-15 14:00:00"
8,15,15,4,21.8042768599733,3,1,0,"LED Off","2024-08-15 15:00:00"
8,15,16,5,18.270916590267,4,0,1,"LED Off","2024-08-15 16:00:00"
8,15,17,0,0,0,0,0,"LED Off","2024-08-15 17:00:00"
8,15,18,2,4.7687326219315,1,0,0,"LED Off","2024-08-15 18:00:00"
8,15,19,5,25.8093760526285,5,0,0,"LED Off","2024-08-15 19:00:00"
8,15,20,1,6.54862606249359,0,0,0,"LED Off","2024-08-15 20:00:00"
8,15,21,3,4.35901492630999,2,0,0,"LED On","2024-08-15 21:00:00"
8,15,22,2,7.21211149261333,2,0,0,"LED On","2024-08-15 22:00:00"
8,15,23,0,0,0,0,0,"LED On","2024-08-15 23:00:00"
8,16,0,0,0,0,0,0,"LED Off","2024-08-16 00:00:00"
8,16,1,0,0,0,0,0,"LED Off","2024-08-16 01:00:00"
8,16,2,0,0,0,0,0,"LED Off","2024-08-16 02:00:00"
8,16,3,0,0,0,0,0,"LED Off","2024-08-16 03:00:00"
8,16,4,0,0,0,0,0,"LED Off","2024-08-16 04:00:00"
8,16,5,0,0,0,0,0,"LED Off","2024-08-16 05:00:00"
8,16,6,0,0,0,0,0,"LED Off","2024-08-16 06:00:00"
8,16,7,2,2.20616511162328,1,0,0,"LED Off","2024-08-16 07:00:00"
8,16,8,2,10.4787788524827,2,0,0,"LED Off","2024-08-16 08:00:00"
8,16,9,1,3.60229749847786,1,0,0,"LED Off","2024-08-16 09:00:00"
8,16,10,2,12.3468538742083,2,0,0,"LED Off","2024-08-16 10:00:00"
8,16,11,1,13.049978785518,1,0,0,"LED Off","2024-08-16 11:00:00"
8,16,12,1,5.65752551775699,1,0,0,"LED Off","2024-08-16 12:00:00"
8,16,13,2,19.0680573449068,1,1,0,"LED Off","2024-08-16 13:00:00"
8,16,14,1,4.30585677692993,1,0,0,"LED Off","2024-08-16 14:00:00"
8,16,15,4,20.1111796546817,3,0,0,"LED Off","2024-08-16 15:00:00"
8,16,16,0,0,0,0,0,"LED Off","2024-08-16 16:00:00"
8,16,17,1,7.51099009460466,1,0,0,"LED Off","2024-08-16 17:00:00"
8,16,18,0,0,0,0,0,"LED Off","2024-08-16 18:00:00"
8,16,19,0,0,0,0,0,"LED Off","2024-08-16 19:00:00"
8,16,20,0,0,0,0,0,"LED Off","2024-08-16 20:00:00"
8,16,21,8,28.6315532158205,6,0,0,"LED On","2024-08-16 21:00:00"
8,16,22,39,159.568533577125,21,0,1,"LED On","2024-08-16 22:00:00"
8,16,23,95,727.245162506958,63,0,8,"LED On","2024-08-16 23:00:00"
8,17,0,6,101.96969643318,2,0,1,"LED Off","2024-08-17 00:00:00"
8,17,1,0,0,0,0,0,"LED Off","2024-08-17 01:00:00"
8,17,2,0,0,0,0,0,"LED Off","2024-08-17 02:00:00"
8,17,3,0,0,0,0,0,"LED Off","2024-08-17 03:00:00"
8,17,4,0,0,0,0,0,"LED Off","2024-08-17 04:00:00"
8,17,5,0,0,0,0,0,"LED Off","2024-08-17 05:00:00"
8,17,6,0,0,0,0,0,"LED Off","2024-08-17 06:00:00"
8,17,7,0,0,0,0,0,"LED Off","2024-08-17 07:00:00"
8,17,8,0,0,0,0,0,"LED Off","2024-08-17 08:00:00"
8,17,9,6,63.8152466150577,5,1,0,"LED Off","2024-08-17 09:00:00"
8,17,10,0,0,0,0,0,"LED Off","2024-08-17 10:00:00"
8,17,11,3,26.0815878996986,3,0,0,"LED Off","2024-08-17 11:00:00"
8,17,12,1,0,1,0,0,"LED Off","2024-08-17 12:00:00"
8,17,13,5,24.8071869896929,4,0,0,"LED Off","2024-08-17 13:00:00"
8,17,14,0,0,0,0,0,"LED Off","2024-08-17 14:00:00"
8,17,15,2,26.6153810969995,2,0,0,"LED Off","2024-08-17 15:00:00"
8,17,16,1,6.24371799639755,1,0,0,"LED Off","2024-08-17 16:00:00"
8,17,17,0,0,0,0,0,"LED Off","2024-08-17 17:00:00"
8,17,18,0,0,0,0,0,"LED Off","2024-08-17 18:00:00"
8,17,19,0,0,0,0,0,"LED Off","2024-08-17 19:00:00"
8,17,20,1,13.049978785518,0,0,0,"LED Off","2024-08-17 20:00:00"
8,17,21,3,50.4895596847296,2,0,1,"LED On","2024-08-17 21:00:00"
8,17,22,14,267.448965969395,6,0,1,"LED On","2024-08-17 22:00:00"
8,17,23,18,348.938294068454,4,7,1,"LED On","2024-08-17 23:00:00"
8,18,0,0,0,0,0,0,"LED Off","2024-08-18 00:00:00"
8,18,1,0,0,0,0,0,"LED Off","2024-08-18 01:00:00"
8,18,2,0,0,0,0,0,"LED Off","2024-08-18 02:00:00"
8,18,3,0,0,0,0,0,"LED Off","2024-08-18 03:00:00"
8,18,4,0,0,0,0,0,"LED Off","2024-08-18 04:00:00"
8,18,5,0,0,0,0,0,"LED Off","2024-08-18 05:00:00"
8,18,6,0,0,0,0,0,"LED Off","2024-08-18 06:00:00"
8,18,7,0,0,0,0,0,"LED Off","2024-08-18 07:00:00"
8,18,8,0,0,0,0,0,"LED Off","2024-08-18 08:00:00"
8,18,9,0,0,0,0,0,"LED Off","2024-08-18 09:00:00"
8,18,10,0,0,0,0,0,"LED Off","2024-08-18 10:00:00"
8,18,11,0,0,0,0,0,"LED Off","2024-08-18 11:00:00"
8,18,12,0,0,0,0,0,"LED Off","2024-08-18 12:00:00"
8,18,13,0,0,0,0,0,"LED Off","2024-08-18 13:00:00"
8,18,14,0,0,0,0,0,"LED Off","2024-08-18 14:00:00"
8,18,15,0,0,0,0,0,"LED Off","2024-08-18 15:00:00"
8,18,16,0,0,0,0,0,"LED Off","2024-08-18 16:00:00"
8,18,17,0,0,0,0,0,"LED Off","2024-08-18 17:00:00"
8,18,18,0,0,0,0,0,"LED Off","2024-08-18 18:00:00"
8,18,19,0,0,0,0,0,"LED Off","2024-08-18 19:00:00"
8,18,20,0,0,0,0,0,"LED Off","2024-08-18 20:00:00"
8,18,21,0,0,0,0,0,"LED On","2024-08-18 21:00:00"
8,18,22,0,0,0,0,0,"LED On","2024-08-18 22:00:00"
8,18,23,1,0,0,0,1,"LED On","2024-08-18 23:00:00"
8,19,0,0,0,0,0,0,"LED Off","2024-08-19 00:00:00"
8,19,1,0,0,0,0,0,"LED Off","2024-08-19 01:00:00"
8,19,2,0,0,0,0,0,"LED Off","2024-08-19 02:00:00"
8,19,3,0,0,0,0,0,"LED Off","2024-08-19 03:00:00"
8,19,4,0,0,0,0,0,"LED Off","2024-08-19 04:00:00"
8,19,5,0,0,0,0,0,"LED Off","2024-08-19 05:00:00"
8,19,6,0,0,0,0,0,"LED Off","2024-08-19 06:00:00"
8,19,7,0,0,0,0,0,"LED Off","2024-08-19 07:00:00"
8,19,8,0,0,0,0,0,"LED Off","2024-08-19 08:00:00"
8,19,9,0,0,0,0,0,"LED Off","2024-08-19 09:00:00"
8,19,10,1,1.29649578596346,0,0,0,"LED Off","2024-08-19 10:00:00"
8,19,11,0,0,0,0,0,"LED Off","2024-08-19 11:00:00"
8,19,12,3,19.9550578272399,1,0,0,"LED Off","2024-08-19 12:00:00"
8,19,13,4,26.9932510196728,3,0,0,"LED Off","2024-08-19 13:00:00"
8,19,14,2,8.35409305299121,2,0,0,"LED Off","2024-08-19 14:00:00"
8,19,15,2,7.00015337768807,2,0,0,"LED Off","2024-08-19 15:00:00"
8,19,16,1,4.55559367087228,1,0,0,"LED Off","2024-08-19 16:00:00"
8,19,17,2,11.3952349762717,1,0,0,"LED Off","2024-08-19 17:00:00"
8,19,18,8,39.9342682124433,6,0,0,"LED Off","2024-08-19 18:00:00"
8,19,19,0,0,0,0,0,"LED Off","2024-08-19 19:00:00"
8,19,20,0,0,0,0,0,"LED Off","2024-08-19 20:00:00"
8,19,21,24,67.3686030701931,17,0,0,"LED On","2024-08-19 21:00:00"
8,19,22,65,394.846914037606,34,0,5,"LED On","2024-08-19 22:00:00"
8,19,23,55,326.31614399313,33,1,4,"LED On","2024-08-19 23:00:00"
8,20,0,8,50.0712462873564,4,0,1,"LED Off","2024-08-20 00:00:00"
8,20,1,0,0,0,0,0,"LED Off","2024-08-20 01:00:00"
8,20,2,0,0,0,0,0,"LED Off","2024-08-20 02:00:00"
8,20,3,0,0,0,0,0,"LED Off","2024-08-20 03:00:00"
8,20,4,0,0,0,0,0,"LED Off","2024-08-20 04:00:00"
8,20,5,0,0,0,0,0,"LED Off","2024-08-20 05:00:00"
8,20,6,0,0,0,0,0,"LED Off","2024-08-20 06:00:00"
8,20,7,0,0,0,0,0,"LED Off","2024-08-20 07:00:00"
8,20,8,2,20.5585880504451,2,0,0,"LED Off","2024-08-20 08:00:00"
8,20,9,1,5.94669562707619,1,0,0,"LED Off","2024-08-20 09:00:00"
8,20,10,3,22.2135904149507,3,0,0,"LED Off","2024-08-20 10:00:00"
8,20,11,10,30.2737060884354,8,0,0,"LED Off","2024-08-20 11:00:00"
8,20,12,9,37.6200579393465,5,0,0,"LED Off","2024-08-20 12:00:00"
8,20,13,6,33.8337813255357,5,1,0,"LED Off","2024-08-20 13:00:00"
8,20,14,7,23.1538933813497,5,0,0,"LED Off","2024-08-20 14:00:00"
8,20,15,8,43.8445475433763,7,0,0,"LED Off","2024-08-20 15:00:00"
8,20,16,4,24.3922524079842,3,0,0,"LED Off","2024-08-20 16:00:00"
8,20,17,0,0,0,0,0,"LED Off","2024-08-20 17:00:00"
8,20,18,7,22.7151899127422,4,0,0,"LED Off","2024-08-20 18:00:00"
8,20,19,3,15.2835305235142,3,0,0,"LED Off","2024-08-20 19:00:00"
8,20,20,0,0,0,0,0,"LED Off","2024-08-20 20:00:00"
8,20,21,17,94.7087336866455,11,0,1,"LED On","2024-08-20 21:00:00"
8,20,22,24,295.135961988696,11,1,2,"LED On","2024-08-20 22:00:00"
8,20,23,36,502.956149309979,10,2,8,"LED On","2024-08-20 23:00:00"
8,21,0,2,34.3659286864326,0,0,0,"LED Off","2024-08-21 00:00:00"
8,21,1,0,0,0,0,0,"LED Off","2024-08-21 01:00:00"
8,21,2,0,0,0,0,0,"LED Off","2024-08-21 02:00:00"
8,21,3,0,0,0,0,0,"LED Off","2024-08-21 03:00:00"
8,21,4,0,0,0,0,0,"LED Off","2024-08-21 04:00:00"
8,21,5,0,0,0,0,0,"LED Off","2024-08-21 05:00:00"
8,21,6,0,0,0,0,0,"LED Off","2024-08-21 06:00:00"
8,21,7,0,0,0,0,0,"LED Off","2024-08-21 07:00:00"
8,21,8,0,0,0,0,0,"LED Off","2024-08-21 08:00:00"
8,21,9,1,10.0738326714897,1,0,0,"LED Off","2024-08-21 09:00:00"
8,21,10,0,0,0,0,0,"LED Off","2024-08-21 10:00:00"
8,21,11,0,0,0,0,0,"LED Off","2024-08-21 11:00:00"
8,21,12,0,0,0,0,0,"LED Off","2024-08-21 12:00:00"
8,21,13,0,0,0,0,0,"LED Off","2024-08-21 13:00:00"
8,21,14,0,0,0,0,0,"LED Off","2024-08-21 14:00:00"
8,21,15,1,5.1026052350484,1,0,0,"LED Off","2024-08-21 15:00:00"
8,21,16,0,0,0,0,0,"LED Off","2024-08-21 16:00:00"
8,21,17,0,0,0,0,0,"LED Off","2024-08-21 17:00:00"
8,21,18,0,0,0,0,0,"LED Off","2024-08-21 18:00:00"
8,21,19,0,0,0,0,0,"LED Off","2024-08-21 19:00:00"
8,21,20,0,0,0,0,0,"LED Off","2024-08-21 20:00:00"
8,21,21,18,53.8047075110768,17,0,0,"LED On","2024-08-21 21:00:00"
8,21,22,65,162.098844636851,47,0,2,"LED On","2024-08-21 22:00:00"
8,21,23,1,21.4386031117683,0,0,1,"LED On","2024-08-21 23:00:00"
8,22,0,0,0,0,0,0,"LED Off","2024-08-22 00:00:00"
8,22,1,0,0,0,0,0,"LED Off","2024-08-22 01:00:00"
8,22,2,0,0,0,0,0,"LED Off","2024-08-22 02:00:00"
8,22,3,0,0,0,0,0,"LED Off","2024-08-22 03:00:00"
8,22,4,0,0,0,0,0,"LED Off","2024-08-22 04:00:00"
8,22,5,0,0,0,0,0,"LED Off","2024-08-22 05:00:00"
8,22,6,1,3.60229749847786,0,0,0,"LED Off","2024-08-22 06:00:00"
8,22,7,1,1.44030266410856,1,0,0,"LED Off","2024-08-22 07:00:00"
8,22,8,1,2.56256751030822,0,0,0,"LED Off","2024-08-22 08:00:00"
8,22,9,1,7.87877808711874,1,0,0,"LED Off","2024-08-22 09:00:00"
8,22,10,3,27.6294050496873,2,1,0,"LED Off","2024-08-22 10:00:00"
8,22,11,6,21.2983889650157,6,0,0,"LED Off","2024-08-22 11:00:00"
8,22,12,4,20.1287269265563,4,0,0,"LED Off","2024-08-22 12:00:00"
8,22,13,1,4.8130025028786,1,0,0,"LED Off","2024-08-22 13:00:00"
8,22,14,7,27.4160732080418,6,0,0,"LED Off","2024-08-22 14:00:00"
8,22,15,5,23.2016351384115,3,2,0,"LED Off","2024-08-22 15:00:00"
8,22,16,0,0,0,0,0,"LED Off","2024-08-22 16:00:00"
8,22,17,4,13.2763680495965,2,1,0,"LED Off","2024-08-22 17:00:00"
8,22,18,5,24.9048803716803,3,0,0,"LED Off","2024-08-22 18:00:00"
8,22,19,8,35.7738703695336,7,0,0,"LED Off","2024-08-22 19:00:00"
8,22,20,0,0,0,0,0,"LED Off","2024-08-22 20:00:00"
8,22,21,1,3.60229749847786,1,0,0,"LED On","2024-08-22 21:00:00"
8,22,22,3,5.9454314719923,2,0,1,"LED On","2024-08-22 22:00:00"
8,22,23,2,27.1539135397561,0,0,1,"LED On","2024-08-22 23:00:00"
8,23,0,0,0,0,0,0,"LED Off","2024-08-23 00:00:00"
8,23,1,0,0,0,0,0,"LED Off","2024-08-23 01:00:00"
8,23,2,0,0,0,0,0,"LED Off","2024-08-23 02:00:00"
8,23,3,0,0,0,0,0,"LED Off","2024-08-23 03:00:00"
8,23,4,0,0,0,0,0,"LED Off","2024-08-23 04:00:00"
8,23,5,0,0,0,0,0,"LED Off","2024-08-23 05:00:00"
8,23,6,0,0,0,0,0,"LED Off","2024-08-23 06:00:00"
8,23,7,0,0,0,0,0,"LED Off","2024-08-23 07:00:00"
8,23,8,0,0,0,0,0,"LED Off","2024-08-23 08:00:00"
8,23,9,0,0,0,0,0,"LED Off","2024-08-23 09:00:00"
8,23,10,0,0,0,0,0,"LED Off","2024-08-23 10:00:00"
8,23,11,0,0,0,0,0,"LED Off","2024-08-23 11:00:00"
8,23,12,2,8.15789116935014,2,0,0,"LED Off","2024-08-23 12:00:00"
8,23,13,4,17.4839832168217,3,0,0,"LED Off","2024-08-23 13:00:00"
8,23,14,1,2.96638110101864,1,0,0,"LED Off","2024-08-23 14:00:00"
8,23,15,3,11.3952349762717,2,0,0,"LED Off","2024-08-23 15:00:00"
8,23,16,1,0,0,0,0,"LED Off","2024-08-23 16:00:00"
8,23,17,1,12.1681417212401,1,0,0,"LED Off","2024-08-23 17:00:00"
8,23,18,0,0,0,0,0,"LED Off","2024-08-23 18:00:00"
8,23,19,3,12.3613350775962,3,0,0,"LED Off","2024-08-23 19:00:00"
8,23,20,1,15.4468971161199,1,0,0,"LED Off","2024-08-23 20:00:00"
8,23,21,3,31.7866928793769,2,1,0,"LED On","2024-08-23 21:00:00"
8,23,22,2,26.5686333971243,0,0,1,"LED On","2024-08-23 22:00:00"
8,23,23,7,84.7541762543004,3,0,3,"LED On","2024-08-23 23:00:00"
8,24,0,1,32.1253334929092,0,0,1,"LED Off","2024-08-24 00:00:00"
8,24,1,0,0,0,0,0,"LED Off","2024-08-24 01:00:00"
8,24,2,0,0,0,0,0,"LED Off","2024-08-24 02:00:00"
8,24,3,0,0,0,0,0,"LED Off","2024-08-24 03:00:00"
8,24,4,0,0,0,0,0,"LED Off","2024-08-24 04:00:00"
8,24,5,0,0,0,0,0,"LED Off","2024-08-24 05:00:00"
8,24,6,0,0,0,0,0,"LED Off","2024-08-24 06:00:00"
8,24,7,0,0,0,0,0,"LED Off","2024-08-24 07:00:00"
8,24,8,1,2.96638110101864,1,0,0,"LED Off","2024-08-24 08:00:00"
8,24,9,1,2.75169026687072,0,0,0,"LED Off","2024-08-24 09:00:00"
8,24,10,1,2.38074134897077,0,0,0,"LED Off","2024-08-24 10:00:00"
8,24,11,4,21.1777515966885,1,1,0,"LED Off","2024-08-24 11:00:00"
8,24,12,4,18.9572601253754,3,0,0,"LED Off","2024-08-24 12:00:00"
8,24,13,2,11.6903063712245,1,0,0,"LED Off","2024-08-24 13:00:00"
8,24,14,1,2.38074134897077,0,0,0,"LED Off","2024-08-24 14:00:00"
8,24,15,2,11.3228692445105,2,0,0,"LED Off","2024-08-24 15:00:00"
8,24,16,1,14.9147611144593,1,0,0,"LED Off","2024-08-24 16:00:00"
8,24,17,3,15.7939436587708,3,0,0,"LED Off","2024-08-24 17:00:00"
8,24,18,1,1.29649578596346,0,0,0,"LED Off","2024-08-24 18:00:00"
8,24,19,2,8.12800438779392,2,0,0,"LED Off","2024-08-24 19:00:00"
8,24,20,1,2.56256751030822,0,0,0,"LED Off","2024-08-24 20:00:00"
8,24,21,5,90.392303549281,3,0,1,"LED On","2024-08-24 21:00:00"
8,24,22,37,555.959834977352,17,7,9,"LED On","2024-08-24 22:00:00"
8,24,23,23,407.020885559022,14,1,3,"LED On","2024-08-24 23:00:00"
8,25,0,1,4.30585677692993,1,0,0,"LED Off","2024-08-25 00:00:00"
8,25,1,0,0,0,0,0,"LED Off","2024-08-25 01:00:00"
8,25,2,0,0,0,0,0,"LED Off","2024-08-25 02:00:00"
8,25,3,0,0,0,0,0,"LED Off","2024-08-25 03:00:00"
8,25,4,0,0,0,0,0,"LED Off","2024-08-25 04:00:00"
8,25,5,0,0,0,0,0,"LED Off","2024-08-25 05:00:00"
8,25,6,0,0,0,0,0,"LED Off","2024-08-25 06:00:00"
8,25,7,0,0,0,0,0,"LED Off","2024-08-25 07:00:00"
8,25,8,0,0,0,0,0,"LED Off","2024-08-25 08:00:00"
8,25,9,3,23.6737986935776,3,0,0,"LED Off","2024-08-25 09:00:00"
8,25,10,0,0,0,0,0,"LED Off","2024-08-25 10:00:00"
8,25,11,0,0,0,0,0,"LED Off","2024-08-25 11:00:00"
8,25,12,1,0,1,0,0,"LED Off","2024-08-25 12:00:00"
8,25,13,1,3.38286396168408,1,0,0,"LED Off","2024-08-25 13:00:00"
8,25,14,6,31.4284699306369,5,0,0,"LED Off","2024-08-25 14:00:00"
8,25,15,13,114.448835986656,13,0,0,"LED Off","2024-08-25 15:00:00"
8,25,16,0,0,0,0,0,"LED Off","2024-08-25 16:00:00"
8,25,17,6,43.1519197123384,5,0,0,"LED Off","2024-08-25 17:00:00"
8,25,18,4,25.7649911762482,4,0,0,"LED Off","2024-08-25 18:00:00"
8,25,19,1,1.57937832530033,1,0,0,"LED Off","2024-08-25 19:00:00"
8,25,20,1,2.96638110101864,0,0,0,"LED Off","2024-08-25 20:00:00"
8,25,21,33,185.682735935757,20,0,2,"LED On","2024-08-25 21:00:00"
8,25,22,71,751.150729649806,31,0,3,"LED On","2024-08-25 22:00:00"
8,25,23,47,376.866130421601,26,0,5,"LED On","2024-08-25 23:00:00"
8,26,0,6,46.5885155155285,4,0,0,"LED Off","2024-08-26 00:00:00"
8,26,1,0,0,0,0,0,"LED Off","2024-08-26 01:00:00"
8,26,2,0,0,0,0,0,"LED Off","2024-08-26 02:00:00"
8,26,3,0,0,0,0,0,"LED Off","2024-08-26 03:00:00"
8,26,4,0,0,0,0,0,"LED Off","2024-08-26 04:00:00"
8,26,5,0,0,0,0,0,"LED Off","2024-08-26 05:00:00"
8,26,6,0,0,0,0,0,"LED Off","2024-08-26 06:00:00"
8,26,7,0,0,0,0,0,"LED Off","2024-08-26 07:00:00"
8,26,8,0,0,0,0,0,"LED Off","2024-08-26 08:00:00"
8,26,9,1,10.8709859734757,1,0,0,"LED Off","2024-08-26 09:00:00"
8,26,10,4,32.2099749237473,2,1,0,"LED Off","2024-08-26 10:00:00"
8,26,11,7,31.3768460106296,5,2,0,"LED Off","2024-08-26 11:00:00"
8,26,12,1,10.0738326714897,1,0,0,"LED Off","2024-08-26 12:00:00"
8,26,13,3,22.7770601986314,2,0,0,"LED Off","2024-08-26 13:00:00"
8,26,14,4,33.5681113000705,3,0,0,"LED Off","2024-08-26 14:00:00"
8,26,15,5,27.3775192296853,5,0,0,"LED Off","2024-08-26 15:00:00"
8,26,16,0,0,0,0,0,"LED Off","2024-08-26 16:00:00"
8,26,17,1,6.86145267214211,1,0,0,"LED Off","2024-08-26 17:00:00"
8,26,18,2,13.9934588538993,2,0,0,"LED Off","2024-08-26 18:00:00"
8,26,19,6,24.076767787758,4,0,1,"LED Off","2024-08-26 19:00:00"
8,26,20,0,0,0,0,0,"LED Off","2024-08-26 20:00:00"
8,26,21,31,152.31242388375,25,1,1,"LED On","2024-08-26 21:00:00"
8,26,22,65,288.781341212902,38,0,1,"LED On","2024-08-26 22:00:00"
8,26,23,78,855.718388475548,45,0,1,"LED On","2024-08-26 23:00:00"
8,27,0,10,96.7707192758132,5,0,0,"LED Off","2024-08-27 00:00:00"
8,27,1,0,0,0,0,0,"LED Off","2024-08-27 01:00:00"
8,27,2,0,0,0,0,0,"LED Off","2024-08-27 02:00:00"
8,27,3,0,0,0,0,0,"LED Off","2024-08-27 03:00:00"
8,27,4,0,0,0,0,0,"LED Off","2024-08-27 04:00:00"
8,27,5,0,0,0,0,0,"LED Off","2024-08-27 05:00:00"
8,27,6,0,0,0,0,0,"LED Off","2024-08-27 06:00:00"
8,27,7,0,0,0,0,0,"LED Off","2024-08-27 07:00:00"
8,27,8,0,0,0,0,0,"LED Off","2024-08-27 08:00:00"
8,27,9,0,0,0,0,0,"LED Off","2024-08-27 09:00:00"
8,27,10,1,0.142270056688724,1,0,0,"LED Off","2024-08-27 10:00:00"
8,27,11,2,10.5022892979485,2,0,0,"LED Off","2024-08-27 11:00:00"
8,27,12,8,31.3485889338989,8,0,0,"LED Off","2024-08-27 12:00:00"
8,27,13,2,6.27446818312868,1,0,0,"LED Off","2024-08-27 13:00:00"
8,27,14,2,3.17090584675882,2,0,0,"LED Off","2024-08-27 14:00:00"
8,27,15,1,7.51099009460466,1,0,0,"LED Off","2024-08-27 15:00:00"
8,27,16,0,0,0,0,0,"LED Off","2024-08-27 16:00:00"
8,27,17,8,35.8758972128192,4,1,0,"LED Off","2024-08-27 17:00:00"
8,27,18,5,18.3443070247311,2,0,0,"LED Off","2024-08-27 18:00:00"
8,27,19,0,0,0,0,0,"LED Off","2024-08-27 19:00:00"
8,27,20,0,0,0,0,0,"LED Off","2024-08-27 20:00:00"
8,27,21,11,55.2426800650572,7,0,1,"LED On","2024-08-27 21:00:00"
8,27,22,8,41.4995264867647,6,0,1,"LED On","2024-08-27 22:00:00"
8,27,23,12,171.77779249788,5,0,5,"LED On","2024-08-27 23:00:00"
8,28,0,2,17.5634543550596,2,0,0,"LED Off","2024-08-28 00:00:00"
8,28,1,0,0,0,0,0,"LED Off","2024-08-28 01:00:00"
8,28,2,0,0,0,0,0,"LED Off","2024-08-28 02:00:00"
8,28,3,0,0,0,0,0,"LED Off","2024-08-28 03:00:00"
8,28,4,0,0,0,0,0,"LED Off","2024-08-28 04:00:00"
8,28,5,0,0,0,0,0,"LED Off","2024-08-28 05:00:00"
8,28,6,0,0,0,0,0,"LED Off","2024-08-28 06:00:00"
8,28,7,0,0,0,0,0,"LED Off","2024-08-28 07:00:00"
8,28,8,0,0,0,0,0,"LED Off","2024-08-28 08:00:00"
8,28,9,3,15.2818761733135,2,0,0,"LED Off","2024-08-28 09:00:00"
8,28,10,3,23.0731531604466,3,0,0,"LED Off","2024-08-28 10:00:00"
8,28,11,2,1.57937832530033,1,1,0,"LED Off","2024-08-28 11:00:00"
8,28,12,2,2.03879081837552,1,0,0,"LED Off","2024-08-28 12:00:00"
8,28,13,0,0,0,0,0,"LED Off","2024-08-28 13:00:00"
8,28,14,3,13.7219531093917,3,0,0,"LED Off","2024-08-28 14:00:00"
8,28,15,4,23.9121224654378,4,0,0,"LED Off","2024-08-28 15:00:00"
8,28,16,9,46.0585965538494,4,3,0,"LED Off","2024-08-28 16:00:00"
8,28,17,3,13.9459381826414,1,0,1,"LED Off","2024-08-28 17:00:00"
8,28,18,1,4.063754203471,1,0,0,"LED Off","2024-08-28 18:00:00"
8,28,19,4,16.678146633301,2,0,0,"LED Off","2024-08-28 19:00:00"
8,28,20,0,0,0,0,0,"LED Off","2024-08-28 20:00:00"
8,28,21,8,33.3674541927626,5,0,0,"LED On","2024-08-28 21:00:00"
8,28,22,6,46.3932294256783,3,0,1,"LED On","2024-08-28 22:00:00"
8,28,23,2,33.5076675150288,1,0,1,"LED On","2024-08-28 23:00:00"
8,29,0,2,31.459770316686,1,0,1,"LED Off","2024-08-29 00:00:00"
8,29,1,0,0,0,0,0,"LED Off","2024-08-29 01:00:00"
8,29,2,0,0,0,0,0,"LED Off","2024-08-29 02:00:00"
8,29,3,0,0,0,0,0,"LED Off","2024-08-29 03:00:00"
8,29,4,0,0,0,0,0,"LED Off","2024-08-29 04:00:00"
8,29,5,0,0,0,0,0,"LED Off","2024-08-29 05:00:00"
8,29,6,0,0,0,0,0,"LED Off","2024-08-29 06:00:00"
8,29,7,0,0,0,0,0,"LED Off","2024-08-29 07:00:00"
8,29,8,0,0,0,0,0,"LED Off","2024-08-29 08:00:00"
8,29,9,3,8.82707178198617,1,0,0,"LED Off","2024-08-29 09:00:00"
8,29,10,0,0,0,0,0,"LED Off","2024-08-29 10:00:00"
8,29,11,0,0,0,0,0,"LED Off","2024-08-29 11:00:00"
8,29,12,0,0,0,0,0,"LED Off","2024-08-29 12:00:00"
8,29,13,1,4.30585677692993,0,0,0,"LED Off","2024-08-29 13:00:00"
8,29,14,0,0,0,0,0,"LED Off","2024-08-29 14:00:00"
8,29,15,0,0,0,0,0,"LED Off","2024-08-29 15:00:00"
8,29,16,1,0,1,0,0,"LED Off","2024-08-29 16:00:00"
8,29,17,7,52.7983692039144,5,1,0,"LED Off","2024-08-29 17:00:00"
8,29,18,7,60.7791429091188,5,2,0,"LED Off","2024-08-29 18:00:00"
8,29,19,0,0,0,0,0,"LED Off","2024-08-29 19:00:00"
8,29,20,0,0,0,0,0,"LED Off","2024-08-29 20:00:00"
8,29,21,7,34.0020676583729,6,0,0,"LED On","2024-08-29 21:00:00"
8,29,22,3,72.2436832034525,0,0,1,"LED On","2024-08-29 22:00:00"
8,29,23,32,448.680094325386,24,1,5,"LED On","2024-08-29 23:00:00"
8,30,0,1,2.03879081837552,1,0,0,"LED Off","2024-08-30 00:00:00"
8,30,1,0,0,0,0,0,"LED Off","2024-08-30 01:00:00"
8,30,2,0,0,0,0,0,"LED Off","2024-08-30 02:00:00"
8,30,3,0,0,0,0,0,"LED Off","2024-08-30 03:00:00"
8,30,4,0,0,0,0,0,"LED Off","2024-08-30 04:00:00"
8,30,5,0,0,0,0,0,"LED Off","2024-08-30 05:00:00"
8,30,6,1,2.20616511162328,1,0,0,"LED Off","2024-08-30 06:00:00"
8,30,7,0,0,0,0,0,"LED Off","2024-08-30 07:00:00"
8,30,8,2,16.1031072166316,2,0,0,"LED Off","2024-08-30 08:00:00"
8,30,9,0,0,0,0,0,"LED Off","2024-08-30 09:00:00"
8,30,10,0,0,0,0,0,"LED Off","2024-08-30 10:00:00"
8,30,11,2,8.42719515814817,0,0,0,"LED Off","2024-08-30 11:00:00"
8,30,12,0,0,0,0,0,"LED Off","2024-08-30 12:00:00"
8,30,13,0,0,0,0,0,"LED Off","2024-08-30 13:00:00"
8,30,14,0,0,0,0,0,"LED Off","2024-08-30 14:00:00"
8,30,15,1,12.1681417212401,1,0,0,"LED Off","2024-08-30 15:00:00"
8,30,16,1,5.65752551775699,0,0,0,"LED Off","2024-08-30 16:00:00"
8,30,17,0,0,0,0,0,"LED Off","2024-08-30 17:00:00"
8,30,18,0,0,0,0,0,"LED Off","2024-08-30 18:00:00"
8,30,19,1,4.30585677692993,0,0,0,"LED Off","2024-08-30 19:00:00"
8,30,20,0,0,0,0,0,"LED Off","2024-08-30 20:00:00"
8,30,21,23,154.449730015928,12,0,4,"LED On","2024-08-30 21:00:00"
8,30,22,46,502.339149701804,34,0,5,"LED On","2024-08-30 22:00:00"
8,30,23,52,237.996506366829,46,0,1,"LED On","2024-08-30 23:00:00"
8,31,0,0,0,0,0,0,"LED Off","2024-08-31 00:00:00"
8,31,1,0,0,0,0,0,"LED Off","2024-08-31 01:00:00"
8,31,2,0,0,0,0,0,"LED Off","2024-08-31 02:00:00"
8,31,3,0,0,0,0,0,"LED Off","2024-08-31 03:00:00"
8,31,4,0,0,0,0,0,"LED Off","2024-08-31 04:00:00"
8,31,5,0,0,0,0,0,"LED Off","2024-08-31 05:00:00"
8,31,6,0,0,0,0,0,"LED Off","2024-08-31 06:00:00"
8,31,7,2,16.4488786634336,1,1,0,"LED Off","2024-08-31 07:00:00"
8,31,8,0,0,0,0,0,"LED Off","2024-08-31 08:00:00"
8,31,9,2,15.9436092642494,2,0,0,"LED Off","2024-08-31 09:00:00"
8,31,10,2,9.68760207696941,1,0,0,"LED Off","2024-08-31 10:00:00"
8,31,11,2,10.4705280206356,2,0,0,"LED Off","2024-08-31 11:00:00"
8,31,12,4,15.4791871077431,3,0,0,"LED Off","2024-08-31 12:00:00"
8,31,13,2,14.3796894484196,1,0,1,"LED Off","2024-08-31 13:00:00"
8,31,14,2,16.2318959247111,2,0,0,"LED Off","2024-08-31 14:00:00"
8,31,15,1,4.8130025028786,1,0,0,"LED Off","2024-08-31 15:00:00"
8,31,16,1,9.68760207696941,1,0,0,"LED Off","2024-08-31 16:00:00"
8,31,17,3,18.5224677304448,2,1,0,"LED Off","2024-08-31 17:00:00"
8,31,18,4,7.33508827388211,3,0,0,"LED Off","2024-08-31 18:00:00"
8,31,19,0,0,0,0,0,"LED Off","2024-08-31 19:00:00"
8,31,20,0,0,0,0,0,"LED Off","2024-08-31 20:00:00"
8,31,21,29,682.919177561142,18,0,2,"LED On","2024-08-31 21:00:00"
8,31,22,17,217.399578814795,5,0,6,"LED On","2024-08-31 22:00:00"
8,31,23,58,201.894579354334,38,0,2,"LED On","2024-08-31 23:00:00"
9,1,0,15,65.0052130166253,12,1,0,"LED Off","2024-09-01 00:00:00"
9,1,1,0,0,0,0,0,"LED Off","2024-09-01 01:00:00"
9,1,2,0,0,0,0,0,"LED Off","2024-09-01 02:00:00"
9,1,3,0,0,0,0,0,"LED Off","2024-09-01 03:00:00"
9,1,4,0,0,0,0,0,"LED Off","2024-09-01 04:00:00"
9,1,5,0,0,0,0,0,"LED Off","2024-09-01 05:00:00"
9,1,6,0,0,0,0,0,"LED Off","2024-09-01 06:00:00"
9,1,7,1,5.65752551775699,1,0,0,"LED Off","2024-09-01 07:00:00"
9,1,8,5,31.0794342421886,4,0,0,"LED Off","2024-09-01 08:00:00"
9,1,9,2,13.3191513963184,1,0,1,"LED Off","2024-09-01 09:00:00"
9,1,10,1,1.44030266410856,0,0,0,"LED Off","2024-09-01 10:00:00"
9,1,11,1,6.24371799639755,1,0,0,"LED Off","2024-09-01 11:00:00"
9,1,12,1,12.1681417212401,1,0,0,"LED Off","2024-09-01 12:00:00"
9,1,13,1,2.38074134897077,1,0,0,"LED Off","2024-09-01 13:00:00"
9,1,14,5,16.1232322816752,0,0,0,"LED Off","2024-09-01 14:00:00"
9,1,15,5,17.9360398466636,4,0,0,"LED Off","2024-09-01 15:00:00"
9,1,16,3,22.7177164945676,3,0,0,"LED Off","2024-09-01 16:00:00"
9,1,17,3,16.0034175893172,2,0,0,"LED Off","2024-09-01 17:00:00"
9,1,18,3,19.7779665175208,3,0,0,"LED Off","2024-09-01 18:00:00"
9,1,19,0,0,0,0,0,"LED Off","2024-09-01 19:00:00"
9,1,20,0,0,0,0,0,"LED Off","2024-09-01 20:00:00"
9,1,21,0,0,0,0,0,"LED On","2024-09-01 21:00:00"
9,1,22,1,4.063754203471,0,0,0,"LED On","2024-09-01 22:00:00"
9,1,23,2,41.0351712328689,1,0,1,"LED On","2024-09-01 23:00:00"
9,2,0,0,0,0,0,0,"LED Off","2024-09-02 00:00:00"
9,2,1,0,0,0,0,0,"LED Off","2024-09-02 01:00:00"
9,2,2,0,0,0,0,0,"LED Off","2024-09-02 02:00:00"
9,2,3,0,0,0,0,0,"LED Off","2024-09-02 03:00:00"
9,2,4,0,0,0,0,0,"LED Off","2024-09-02 04:00:00"
9,2,5,0,0,0,0,0,"LED Off","2024-09-02 05:00:00"
9,2,6,0,0,0,0,0,"LED Off","2024-09-02 06:00:00"
9,2,7,0,0,0,0,0,"LED Off","2024-09-02 07:00:00"
9,2,8,0,0,0,0,0,"LED Off","2024-09-02 08:00:00"
9,2,9,0,0,0,0,0,"LED Off","2024-09-02 09:00:00"
9,2,10,1,1.72544908227595,0,0,0,"LED Off","2024-09-02 10:00:00"
9,2,11,0,0,0,0,0,"LED Off","2024-09-02 11:00:00"
9,2,12,2,5.80846261010114,2,0,0,"LED Off","2024-09-02 12:00:00"
9,2,13,2,4.88329305166313,1,0,0,"LED Off","2024-09-02 13:00:00"
9,2,14,3,12.2963490868978,3,0,0,"LED Off","2024-09-02 14:00:00"
9,2,15,4,43.8618177063167,2,0,0,"LED Off","2024-09-02 15:00:00"
9,2,16,3,30.9519312475653,3,0,0,"LED Off","2024-09-02 16:00:00"
9,2,17,0,0,0,0,0,"LED Off","2024-09-02 17:00:00"
9,2,18,2,3.9601196742711,2,0,0,"LED Off","2024-09-02 18:00:00"
9,2,19,5,21.6122829185954,4,0,0,"LED Off","2024-09-02 19:00:00"
9,2,20,0,0,0,0,0,"LED Off","2024-09-02 20:00:00"
9,2,21,0,0,0,0,0,"LED On","2024-09-02 21:00:00"
9,2,22,0,0,0,0,0,"LED On","2024-09-02 22:00:00"
9,2,23,0,0,0,0,0,"LED On","2024-09-02 23:00:00"
9,3,0,0,0,0,0,0,"LED Off","2024-09-03 00:00:00"
9,3,1,0,0,0,0,0,"LED Off","2024-09-03 01:00:00"
9,3,2,0,0,0,0,0,"LED Off","2024-09-03 02:00:00"
9,3,3,0,0,0,0,0,"LED Off","2024-09-03 03:00:00"
9,3,4,0,0,0,0,0,"LED Off","2024-09-03 04:00:00"
9,3,5,0,0,0,0,0,"LED Off","2024-09-03 05:00:00"
9,3,6,0,0,0,0,0,"LED Off","2024-09-03 06:00:00"
9,3,7,0,0,0,0,0,"LED Off","2024-09-03 07:00:00"
9,3,8,0,0,0,0,0,"LED Off","2024-09-03 08:00:00"
9,3,9,1,2.96638110101864,1,0,0,"LED Off","2024-09-03 09:00:00"
9,3,10,0,0,0,0,0,"LED Off","2024-09-03 10:00:00"
9,3,11,3,28.9124972938911,2,0,0,"LED Off","2024-09-03 11:00:00"
9,3,12,3,24.878585624201,2,0,0,"LED Off","2024-09-03 12:00:00"
9,3,13,3,14.3080263834119,3,0,0,"LED Off","2024-09-03 13:00:00"
9,3,14,3,15.9172222362445,2,0,0,"LED Off","2024-09-03 14:00:00"
9,3,15,3,9.24916563620892,3,0,0,"LED Off","2024-09-03 15:00:00"
9,3,16,1,1.44030266410856,0,0,0,"LED Off","2024-09-03 16:00:00"
9,3,17,7,43.158688220806,3,0,1,"LED Off","2024-09-03 17:00:00"
9,3,18,5,46.1429319561959,3,0,0,"LED Off","2024-09-03 18:00:00"
9,3,19,1,2.56256751030822,0,0,0,"LED Off","2024-09-03 19:00:00"
9,3,20,0,0,0,0,0,"LED Off","2024-09-03 20:00:00"
9,3,21,7,34.2666919763006,5,0,0,"LED On","2024-09-03 21:00:00"
9,3,22,21,383.91719774596,9,0,3,"LED On","2024-09-03 22:00:00"
9,3,23,36,302.744218174442,23,0,5,"LED On","2024-09-03 23:00:00"
9,4,0,1,3.82924753092925,1,0,0,"LED Off","2024-09-04 00:00:00"
9,4,1,0,0,0,0,0,"LED Off","2024-09-04 01:00:00"
9,4,2,0,0,0,0,0,"LED Off","2024-09-04 02:00:00"
9,4,3,0,0,0,0,0,"LED Off","2024-09-04 03:00:00"
9,4,4,0,0,0,0,0,"LED Off","2024-09-04 04:00:00"
9,4,5,0,0,0,0,0,"LED Off","2024-09-04 05:00:00"
9,4,6,0,0,0,0,0,"LED Off","2024-09-04 06:00:00"
9,4,7,1,5.37617361743427,0,0,0,"LED Off","2024-09-04 07:00:00"
9,4,8,3,22.8219969931073,3,0,0,"LED Off","2024-09-04 08:00:00"
9,4,9,2,18.8307264532667,2,0,0,"LED Off","2024-09-04 09:00:00"
9,4,10,2,12.8871637120389,2,0,0,"LED Off","2024-09-04 10:00:00"
9,4,11,3,31.1509892539223,3,0,0,"LED Off","2024-09-04 11:00:00"
9,4,12,5,38.0178605767942,4,0,0,"LED Off","2024-09-04 12:00:00"
9,4,13,1,1.87856909565458,0,0,0,"LED Off","2024-09-04 13:00:00"
9,4,14,3,15.4616821942706,2,0,0,"LED Off","2024-09-04 14:00:00"
9,4,15,2,28.6953994109794,1,0,0,"LED Off","2024-09-04 15:00:00"
9,4,16,5,25.0946562782015,2,1,0,"LED Off","2024-09-04 16:00:00"
9,4,17,2,4.76148269794154,1,0,0,"LED Off","2024-09-04 17:00:00"
9,4,18,1,13.5034983343921,1,0,0,"LED Off","2024-09-04 18:00:00"
9,4,19,0,0,0,0,0,"LED Off","2024-09-04 19:00:00"
9,4,20,0,0,0,0,0,"LED Off","2024-09-04 20:00:00"
9,4,21,3,13.0107595104562,2,0,0,"LED On","2024-09-04 21:00:00"
9,4,22,29,342.490249046461,16,0,8,"LED On","2024-09-04 22:00:00"
9,4,23,72,386.876270026209,38,0,6,"LED On","2024-09-04 23:00:00"
9,5,0,7,15.7503755042975,3,0,0,"LED Off","2024-09-05 00:00:00"
9,5,1,0,0,0,0,0,"LED Off","2024-09-05 01:00:00"
9,5,2,0,0,0,0,0,"LED Off","2024-09-05 02:00:00"
9,5,3,0,0,0,0,0,"LED Off","2024-09-05 03:00:00"
9,5,4,0,0,0,0,0,"LED Off","2024-09-05 04:00:00"
9,5,5,0,0,0,0,0,"LED Off","2024-09-05 05:00:00"
9,5,6,0,0,0,0,0,"LED Off","2024-09-05 06:00:00"
9,5,7,4,14.0286682558116,2,1,0,"LED Off","2024-09-05 07:00:00"
9,5,8,4,15.4509036298718,4,0,0,"LED Off","2024-09-05 08:00:00"
9,5,9,3,36.5630077640722,3,0,0,"LED Off","2024-09-05 09:00:00"
9,5,10,3,35.6439960766087,3,0,0,"LED Off","2024-09-05 10:00:00"
9,5,11,0,0,0,0,0,"LED Off","2024-09-05 11:00:00"
9,5,12,3,27.871654357145,3,0,0,"LED Off","2024-09-05 12:00:00"
9,5,13,9,43.5777519167828,6,0,1,"LED Off","2024-09-05 13:00:00"
9,5,14,10,73.0599943356745,7,0,0,"LED Off","2024-09-05 14:00:00"
9,5,15,6,30.5601283057236,5,0,0,"LED Off","2024-09-05 15:00:00"
9,5,16,0,0,0,0,0,"LED Off","2024-09-05 16:00:00"
9,5,17,0,0,0,0,0,"LED Off","2024-09-05 17:00:00"
9,5,18,1,2.75169026687072,1,0,0,"LED Off","2024-09-05 18:00:00"
9,5,19,0,0,0,0,0,"LED Off","2024-09-05 19:00:00"
9,5,20,0,0,0,0,0,"LED Off","2024-09-05 20:00:00"
9,5,21,1,5.1026052350484,1,0,0,"LED On","2024-09-05 21:00:00"
9,5,22,5,136.299853650867,1,3,1,"LED On","2024-09-05 22:00:00"
9,5,23,5,155.258123033481,2,1,0,"LED On","2024-09-05 23:00:00"
9,6,0,0,0,0,0,0,"LED Off","2024-09-06 00:00:00"
9,6,1,0,0,0,0,0,"LED Off","2024-09-06 01:00:00"
9,6,2,0,0,0,0,0,"LED Off","2024-09-06 02:00:00"
9,6,3,0,0,0,0,0,"LED Off","2024-09-06 03:00:00"
9,6,4,0,0,0,0,0,"LED Off","2024-09-06 04:00:00"
9,6,5,0,0,0,0,0,"LED Off","2024-09-06 05:00:00"
9,6,6,0,0,0,0,0,"LED Off","2024-09-06 06:00:00"
9,6,7,0,0,0,0,0,"LED Off","2024-09-06 07:00:00"
9,6,8,0,0,0,0,0,"LED Off","2024-09-06 08:00:00"
9,6,9,0,0,0,0,0,"LED Off","2024-09-06 09:00:00"
9,6,10,0,0,0,0,0,"LED Off","2024-09-06 10:00:00"
9,6,11,3,33.9295543103894,3,0,0,"LED Off","2024-09-06 11:00:00"
9,6,12,6,38.9987025236365,3,0,0,"LED Off","2024-09-06 12:00:00"
9,6,13,0,0,0,0,0,"LED Off","2024-09-06 13:00:00"
9,6,14,3,4.2449559299988,1,0,0,"LED Off","2024-09-06 14:00:00"
9,6,15,3,13.4750037780652,3,0,0,"LED Off","2024-09-06 15:00:00"
9,6,16,1,9.30956502225369,1,0,0,"LED Off","2024-09-06 16:00:00"
9,6,17,0,0,0,0,0,"LED Off","2024-09-06 17:00:00"
9,6,18,0,0,0,0,0,"LED Off","2024-09-06 18:00:00"
9,6,19,4,10.2536647058006,0,0,0,"LED Off","2024-09-06 19:00:00"
9,6,20,0,0,0,0,0,"LED Off","2024-09-06 20:00:00"
9,6,21,9,46.2162626864061,5,0,0,"LED On","2024-09-06 21:00:00"
9,6,22,2,30.748168134022,0,0,1,"LED On","2024-09-06 22:00:00"
9,6,23,0,0,0,0,0,"LED On","2024-09-06 23:00:00"
9,7,0,0,0,0,0,0,"LED Off","2024-09-07 00:00:00"
9,7,1,0,0,0,0,0,"LED Off","2024-09-07 01:00:00"
9,7,2,0,0,0,0,0,"LED Off","2024-09-07 02:00:00"
9,7,3,0,0,0,0,0,"LED Off","2024-09-07 03:00:00"
9,7,4,0,0,0,0,0,"LED Off","2024-09-07 04:00:00"
9,7,5,0,0,0,0,0,"LED Off","2024-09-07 05:00:00"
9,7,6,0,0,0,0,0,"LED Off","2024-09-07 06:00:00"
9,7,7,0,0,0,0,0,"LED Off","2024-09-07 07:00:00"
9,7,8,0,0,0,0,0,"LED Off","2024-09-07 08:00:00"
9,7,9,1,1.17186294808028,0,0,0,"LED Off","2024-09-07 09:00:00"
9,7,10,2,18.5061767745576,2,0,0,"LED Off","2024-09-07 10:00:00"
9,7,11,0,0,0,0,0,"LED Off","2024-09-07 11:00:00"
9,7,12,0,0,0,0,0,"LED Off","2024-09-07 12:00:00"
9,7,13,1,2.20616511162328,0,0,0,"LED Off","2024-09-07 13:00:00"
9,7,14,0,0,0,0,0,"LED Off","2024-09-07 14:00:00"
9,7,15,1,2.03879081837552,0,0,0,"LED Off","2024-09-07 15:00:00"
9,7,16,2,10.084943198742,1,0,0,"LED Off","2024-09-07 16:00:00"
9,7,17,1,13.9654521098584,1,0,0,"LED Off","2024-09-07 17:00:00"
9,7,18,2,26.5534771199101,2,0,0,"LED Off","2024-09-07 18:00:00"
9,7,19,2,19.7778498008074,2,0,0,"LED Off","2024-09-07 19:00:00"
9,7,20,0,0,0,0,0,"LED Off","2024-09-07 20:00:00"
9,7,21,0,0,0,0,0,"LED On","2024-09-07 21:00:00"
9,7,22,6,156.87376845586,1,0,4,"LED On","2024-09-07 22:00:00"
9,7,23,12,196.31183665094,3,0,6,"LED On","2024-09-07 23:00:00"
9,8,0,4,19.5668064162951,1,0,0,"LED Off","2024-09-08 00:00:00"
9,8,1,0,0,0,0,0,"LED Off","2024-09-08 01:00:00"
9,8,2,0,0,0,0,0,"LED Off","2024-09-08 02:00:00"
9,8,3,0,0,0,0,0,"LED Off","2024-09-08 03:00:00"
9,8,4,0,0,0,0,0,"LED Off","2024-09-08 04:00:00"
9,8,5,0,0,0,0,0,"LED Off","2024-09-08 05:00:00"
9,8,6,0,0,0,0,0,"LED Off","2024-09-08 06:00:00"
9,8,7,0,0,0,0,0,"LED Off","2024-09-08 07:00:00"
9,8,8,0,0,0,0,0,"LED Off","2024-09-08 08:00:00"
9,8,9,3,11.9635122943966,3,0,0,"LED Off","2024-09-08 09:00:00"
9,8,10,1,7.87877808711874,1,0,0,"LED Off","2024-09-08 10:00:00"
9,8,11,0,0,0,0,0,"LED Off","2024-09-08 11:00:00"
9,8,12,1,1.44030266410856,0,0,0,"LED Off","2024-09-08 12:00:00"
9,8,13,1,3.17090584675882,0,0,0,"LED Off","2024-09-08 13:00:00"
9,8,14,0,0,0,0,0,"LED Off","2024-09-08 14:00:00"
9,8,15,1,2.03879081837552,0,0,0,"LED Off","2024-09-08 15:00:00"
9,8,16,1,1.17186294808028,0,0,0,"LED Off","2024-09-08 16:00:00"
9,8,17,1,7.18223010491093,1,0,0,"LED Off","2024-09-08 17:00:00"
9,8,18,0,0,0,0,0,"LED Off","2024-09-08 18:00:00"
9,8,19,0,0,0,0,0,"LED Off","2024-09-08 19:00:00"
9,8,20,0,0,0,0,0,"LED Off","2024-09-08 20:00:00"
9,8,21,2,7.05754704380065,0,1,0,"LED On","2024-09-08 21:00:00"
9,8,22,29,215.668932141934,18,0,1,"LED On","2024-09-08 22:00:00"
9,8,23,25,121.681069638608,13,1,0,"LED On","2024-09-08 23:00:00"
9,9,0,2,5.50405686757956,2,0,0,"LED Off","2024-09-09 00:00:00"
9,9,1,0,0,0,0,0,"LED Off","2024-09-09 01:00:00"
9,9,2,0,0,0,0,0,"LED Off","2024-09-09 02:00:00"
9,9,3,0,0,0,0,0,"LED Off","2024-09-09 03:00:00"
9,9,4,0,0,0,0,0,"LED Off","2024-09-09 04:00:00"
9,9,5,0,0,0,0,0,"LED Off","2024-09-09 05:00:00"
9,9,6,0,0,0,0,0,"LED Off","2024-09-09 06:00:00"
9,9,7,0,0,0,0,0,"LED Off","2024-09-09 07:00:00"
9,9,8,0,0,0,0,0,"LED Off","2024-09-09 08:00:00"
9,9,9,0,0,0,0,0,"LED Off","2024-09-09 09:00:00"
9,9,10,0,0,0,0,0,"LED Off","2024-09-09 10:00:00"
9,9,11,0,0,0,0,0,"LED Off","2024-09-09 11:00:00"
9,9,12,0,0,0,0,0,"LED Off","2024-09-09 12:00:00"
9,9,13,2,9.5629714538817,1,0,0,"LED Off","2024-09-09 13:00:00"
9,9,14,2,3.15875665060066,1,0,0,"LED Off","2024-09-09 14:00:00"
9,9,15,0,0,0,0,0,"LED Off","2024-09-09 15:00:00"
9,9,16,3,13.6459620907773,1,0,0,"LED Off","2024-09-09 16:00:00"
9,9,17,3,15.1180276323548,3,0,0,"LED Off","2024-09-09 17:00:00"
9,9,18,1,4.30585677692993,0,0,0,"LED Off","2024-09-09 18:00:00"
9,9,19,0,0,0,0,0,"LED Off","2024-09-09 19:00:00"
9,9,20,0,0,0,0,0,"LED Off","2024-09-09 20:00:00"
9,9,21,0,0,0,0,0,"LED On","2024-09-09 21:00:00"
9,9,22,0,0,0,0,0,"LED On","2024-09-09 22:00:00"
9,9,23,0,0,0,0,0,"LED On","2024-09-09 23:00:00"
9,10,0,0,0,0,0,0,"LED Off","2024-09-10 00:00:00"
9,10,1,0,0,0,0,0,"LED Off","2024-09-10 01:00:00"
9,10,2,0,0,0,0,0,"LED Off","2024-09-10 02:00:00"
9,10,3,0,0,0,0,0,"LED Off","2024-09-10 03:00:00"
9,10,4,0,0,0,0,0,"LED Off","2024-09-10 04:00:00"
9,10,5,0,0,0,0,0,"LED Off","2024-09-10 05:00:00"
9,10,6,0,0,0,0,0,"LED Off","2024-09-10 06:00:00"
9,10,7,0,0,0,0,0,"LED Off","2024-09-10 07:00:00"
9,10,8,0,0,0,0,0,"LED Off","2024-09-10 08:00:00"
9,10,9,0,0,0,0,0,"LED Off","2024-09-10 09:00:00"
9,10,10,0,0,0,0,0,"LED Off","2024-09-10 10:00:00"
9,10,11,0,0,0,0,0,"LED Off","2024-09-10 11:00:00"
9,10,12,0,0,0,0,0,"LED Off","2024-09-10 12:00:00"
9,10,13,0,0,0,0,0,"LED Off","2024-09-10 13:00:00"
9,10,14,0,0,0,0,0,"LED Off","2024-09-10 14:00:00"
9,10,15,4,11.2913774658738,2,0,0,"LED Off","2024-09-10 15:00:00"
9,10,16,0,0,0,0,0,"LED Off","2024-09-10 16:00:00"
9,10,17,0,0,0,0,0,"LED Off","2024-09-10 17:00:00"
9,10,18,0,0,0,0,0,"LED Off","2024-09-10 18:00:00"
9,10,19,0,0,0,0,0,"LED Off","2024-09-10 19:00:00"
9,10,20,0,0,0,0,0,"LED Off","2024-09-10 20:00:00"
9,10,21,0,0,0,0,0,"LED On","2024-09-10 21:00:00"
9,10,22,0,0,0,0,0,"LED On","2024-09-10 22:00:00"
9,10,23,0,0,0,0,0,"LED On","2024-09-10 23:00:00"
9,11,0,0,0,0,0,0,"LED Off","2024-09-11 00:00:00"
9,11,1,0,0,0,0,0,"LED Off","2024-09-11 01:00:00"
9,11,2,0,0,0,0,0,"LED Off","2024-09-11 02:00:00"
9,11,3,0,0,0,0,0,"LED Off","2024-09-11 03:00:00"
9,11,4,0,0,0,0,0,"LED Off","2024-09-11 04:00:00"
9,11,5,0,0,0,0,0,"LED Off","2024-09-11 05:00:00"
9,11,6,0,0,0,0,0,"LED Off","2024-09-11 06:00:00"
9,11,7,0,0,0,0,0,"LED Off","2024-09-11 07:00:00"
9,11,8,0,0,0,0,0,"LED Off","2024-09-11 08:00:00"
9,11,9,3,11.1042197333659,2,0,0,"LED Off","2024-09-11 09:00:00"
9,11,10,6,42.7992098224403,6,0,0,"LED Off","2024-09-11 10:00:00"
9,11,11,3,4.4066837651272,2,0,0,"LED Off","2024-09-11 11:00:00"
9,11,12,2,8.27407514476954,2,0,0,"LED Off","2024-09-11 12:00:00"
9,11,13,0,0,0,0,0,"LED Off","2024-09-11 13:00:00"
9,11,14,4,30.9707207303183,2,0,0,"LED Off","2024-09-11 14:00:00"
9,11,15,9,49.4301079297995,5,2,0,"LED Off","2024-09-11 15:00:00"
9,11,16,2,14.4914633378888,2,0,0,"LED Off","2024-09-11 16:00:00"
9,11,17,2,25.9658436745369,2,0,0,"LED Off","2024-09-11 17:00:00"
9,11,18,3,17.4347825089171,3,0,0,"LED Off","2024-09-11 18:00:00"
9,11,19,0,0,0,0,0,"LED Off","2024-09-11 19:00:00"
9,11,20,0,0,0,0,0,"LED Off","2024-09-11 20:00:00"
9,11,21,5,31.7199956026614,3,0,0,"LED On","2024-09-11 21:00:00"
9,11,22,7,47.9066843974649,7,0,0,"LED On","2024-09-11 22:00:00"
9,11,23,7,92.3670811824024,5,0,0,"LED On","2024-09-11 23:00:00"
9,12,0,0,0,0,0,0,"LED Off","2024-09-12 00:00:00"
9,12,1,0,0,0,0,0,"LED Off","2024-09-12 01:00:00"
9,12,2,0,0,0,0,0,"LED Off","2024-09-12 02:00:00"
9,12,3,0,0,0,0,0,"LED Off","2024-09-12 03:00:00"
9,12,4,0,0,0,0,0,"LED Off","2024-09-12 04:00:00"
9,12,5,0,0,0,0,0,"LED Off","2024-09-12 05:00:00"
9,12,6,0,0,0,0,0,"LED Off","2024-09-12 06:00:00"
9,12,7,0,0,0,0,0,"LED Off","2024-09-12 07:00:00"
9,12,8,0,0,0,0,0,"LED Off","2024-09-12 08:00:00"
9,12,9,0,0,0,0,0,"LED Off","2024-09-12 09:00:00"
9,12,10,0,0,0,0,0,"LED Off","2024-09-12 10:00:00"
9,12,11,0,0,0,0,0,"LED Off","2024-09-12 11:00:00"
9,12,12,0,0,0,0,0,"LED Off","2024-09-12 12:00:00"
9,12,13,2,5.31425777717894,2,0,0,"LED Off","2024-09-12 13:00:00"
9,12,14,0,0,0,0,0,"LED Off","2024-09-12 14:00:00"
9,12,15,0,0,0,0,0,"LED Off","2024-09-12 15:00:00"
9,12,16,0,0,0,0,0,"LED Off","2024-09-12 16:00:00"
9,12,17,0,0,0,0,0,"LED Off","2024-09-12 17:00:00"
9,12,18,0,0,0,0,0,"LED Off","2024-09-12 18:00:00"
9,12,19,0,0,0,0,0,"LED Off","2024-09-12 19:00:00"
9,12,20,0,0,0,0,0,"LED Off","2024-09-12 20:00:00"
9,12,21,0,0,0,0,0,"LED On","2024-09-12 21:00:00"
9,12,22,0,0,0,0,0,"LED On","2024-09-12 22:00:00"
9,12,23,0,0,0,0,0,"LED On","2024-09-12 23:00:00"
9,13,0,0,0,0,0,0,"LED Off","2024-09-13 00:00:00"
9,13,1,0,0,0,0,0,"LED Off","2024-09-13 01:00:00"
9,13,2,0,0,0,0,0,"LED Off","2024-09-13 02:00:00"
9,13,3,0,0,0,0,0,"LED Off","2024-09-13 03:00:00"
9,13,4,0,0,0,0,0,"LED Off","2024-09-13 04:00:00"
9,13,5,0,0,0,0,0,"LED Off","2024-09-13 05:00:00"
9,13,6,0,0,0,0,0,"LED Off","2024-09-13 06:00:00"
9,13,7,0,0,0,0,0,"LED Off","2024-09-13 07:00:00"
9,13,8,0,0,0,0,0,"LED Off","2024-09-13 08:00:00"
9,13,9,0,0,0,0,0,"LED Off","2024-09-13 09:00:00"
9,13,10,0,0,0,0,0,"LED Off","2024-09-13 10:00:00"
9,13,11,0,0,0,0,0,"LED Off","2024-09-13 11:00:00"
9,13,12,0,0,0,0,0,"LED Off","2024-09-13 12:00:00"
9,13,13,0,0,0,0,0,"LED Off","2024-09-13 13:00:00"
9,13,14,0,0,0,0,0,"LED Off","2024-09-13 14:00:00"
9,13,15,0,0,0,0,0,"LED Off","2024-09-13 15:00:00"
9,13,16,0,0,0,0,0,"LED Off","2024-09-13 16:00:00"
9,13,17,0,0,0,0,0,"LED Off","2024-09-13 17:00:00"
9,13,18,0,0,0,0,0,"LED Off","2024-09-13 18:00:00"
9,13,19,0,0,0,0,0,"LED Off","2024-09-13 19:00:00"
9,13,20,0,0,0,0,0,"LED Off","2024-09-13 20:00:00"
9,13,21,0,0,0,0,0,"LED On","2024-09-13 21:00:00"
9,13,22,0,0,0,0,0,"LED On","2024-09-13 22:00:00"
9,13,23,0,0,0,0,0,"LED On","2024-09-13 23:00:00"
9,14,0,0,0,0,0,0,"LED Off","2024-09-14 00:00:00"
9,14,1,0,0,0,0,0,"LED Off","2024-09-14 01:00:00"
9,14,2,0,0,0,0,0,"LED Off","2024-09-14 02:00:00"
9,14,3,0,0,0,0,0,"LED Off","2024-09-14 03:00:00"
9,14,4,0,0,0,0,0,"LED Off","2024-09-14 04:00:00"
9,14,5,0,0,0,0,0,"LED Off","2024-09-14 05:00:00"
9,14,6,0,0,0,0,0,"LED Off","2024-09-14 06:00:00"
9,14,7,0,0,0,0,0,"LED Off","2024-09-14 07:00:00"
9,14,8,0,0,0,0,0,"LED Off","2024-09-14 08:00:00"
9,14,9,0,0,0,0,0,"LED Off","2024-09-14 09:00:00"
9,14,10,0,0,0,0,0,"LED Off","2024-09-14 10:00:00"
9,14,11,0,0,0,0,0,"LED Off","2024-09-14 11:00:00"
9,14,12,0,0,0,0,0,"LED Off","2024-09-14 12:00:00"
9,14,13,0,0,0,0,0,"LED Off","2024-09-14 13:00:00"
9,14,14,0,0,0,0,0,"LED Off","2024-09-14 14:00:00"
9,14,15,0,0,0,0,0,"LED Off","2024-09-14 15:00:00"
9,14,16,0,0,0,0,0,"LED Off","2024-09-14 16:00:00"
9,14,17,0,0,0,0,0,"LED Off","2024-09-14 17:00:00"
9,14,18,0,0,0,0,0,"LED Off","2024-09-14 18:00:00"
9,14,19,0,0,0,0,0,"LED Off","2024-09-14 19:00:00"
9,14,20,0,0,0,0,0,"LED Off","2024-09-14 20:00:00"
9,14,21,0,0,0,0,0,"LED On","2024-09-14 21:00:00"
9,14,22,0,0,0,0,0,"LED On","2024-09-14 22:00:00"
9,14,23,0,0,0,0,0,"LED On","2024-09-14 23:00:00"
9,15,0,0,0,0,0,0,"LED Off","2024-09-15 00:00:00"
9,15,1,0,0,0,0,0,"LED Off","2024-09-15 01:00:00"
9,15,2,0,0,0,0,0,"LED Off","2024-09-15 02:00:00"
9,15,3,0,0,0,0,0,"LED Off","2024-09-15 03:00:00"
9,15,4,0,0,0,0,0,"LED Off","2024-09-15 04:00:00"
9,15,5,0,0,0,0,0,"LED Off","2024-09-15 05:00:00"
9,15,6,0,0,0,0,0,"LED Off","2024-09-15 06:00:00"
9,15,7,0,0,0,0,0,"LED Off","2024-09-15 07:00:00"
9,15,8,0,0,0,0,0,"LED Off","2024-09-15 08:00:00"
9,15,9,0,0,0,0,0,"LED Off","2024-09-15 09:00:00"
9,15,10,0,0,0,0,0,"LED Off","2024-09-15 10:00:00"
9,15,11,1,15.4468971161199,1,0,0,"LED Off","2024-09-15 11:00:00"
9,15,12,1,0.230835525041732,1,0,0,"LED Off","2024-09-15 12:00:00"
9,15,13,2,10.1891761203129,2,0,0,"LED Off","2024-09-15 13:00:00"
9,15,14,0,0,0,0,0,"LED Off","2024-09-15 14:00:00"
9,15,15,0,0,0,0,0,"LED Off","2024-09-15 15:00:00"
9,15,16,0,0,0,0,0,"LED Off","2024-09-15 16:00:00"
9,15,17,0,0,0,0,0,"LED Off","2024-09-15 17:00:00"
9,15,18,0,0,0,0,0,"LED Off","2024-09-15 18:00:00"
9,15,19,0,0,0,0,0,"LED Off","2024-09-15 19:00:00"
9,15,20,0,0,0,0,0,"LED Off","2024-09-15 20:00:00"
9,15,21,0,0,0,0,0,"LED On","2024-09-15 21:00:00"
9,15,22,0,0,0,0,0,"LED On","2024-09-15 22:00:00"
9,15,23,0,0,0,0,0,"LED On","2024-09-15 23:00:00"
9,16,0,0,0,0,0,0,"LED Off","2024-09-16 00:00:00"
9,16,1,0,0,0,0,0,"LED Off","2024-09-16 01:00:00"
9,16,2,0,0,0,0,0,"LED Off","2024-09-16 02:00:00"
9,16,3,0,0,0,0,0,"LED Off","2024-09-16 03:00:00"
9,16,4,0,0,0,0,0,"LED Off","2024-09-16 04:00:00"
9,16,5,0,0,0,0,0,"LED Off","2024-09-16 05:00:00"
9,16,6,0,0,0,0,0,"LED Off","2024-09-16 06:00:00"
9,16,7,0,0,0,0,0,"LED Off","2024-09-16 07:00:00"
9,16,8,0,0,0,0,0,"LED Off","2024-09-16 08:00:00"
9,16,9,0,0,0,0,0,"LED Off","2024-09-16 09:00:00"
9,16,10,0,0,0,0,0,"LED Off","2024-09-16 10:00:00"
9,16,11,0,0,0,0,0,"LED Off","2024-09-16 11:00:00"
9,16,12,0,0,0,0,0,"LED Off","2024-09-16 12:00:00"
9,16,13,0,0,0,0,0,"LED Off","2024-09-16 13:00:00"
9,16,14,0,0,0,0,0,"LED Off","2024-09-16 14:00:00"
9,16,15,0,0,0,0,0,"LED Off","2024-09-16 15:00:00"
9,16,16,0,0,0,0,0,"LED Off","2024-09-16 16:00:00"
9,16,17,0,0,0,0,0,"LED Off","2024-09-16 17:00:00"
9,16,18,0,0,0,0,0,"LED Off","2024-09-16 18:00:00"
9,16,19,1,4.30585677692993,0,0,0,"LED Off","2024-09-16 19:00:00"
9,16,20,0,0,0,0,0,"LED Off","2024-09-16 20:00:00"
9,16,21,0,0,0,0,0,"LED On","2024-09-16 21:00:00"
9,16,22,0,0,0,0,0,"LED On","2024-09-16 22:00:00"
9,16,23,0,0,0,0,0,"LED On","2024-09-16 23:00:00"
9,17,0,0,0,0,0,0,"LED Off","2024-09-17 00:00:00"
9,17,1,0,0,0,0,0,"LED Off","2024-09-17 01:00:00"
9,17,2,0,0,0,0,0,"LED Off","2024-09-17 02:00:00"
9,17,3,0,0,0,0,0,"LED Off","2024-09-17 03:00:00"
9,17,4,0,0,0,0,0,"LED Off","2024-09-17 04:00:00"
9,17,5,0,0,0,0,0,"LED Off","2024-09-17 05:00:00"
9,17,6,0,0,0,0,0,"LED Off","2024-09-17 06:00:00"
9,17,7,0,0,0,0,0,"LED Off","2024-09-17 07:00:00"
9,17,8,0,0,0,0,0,"LED Off","2024-09-17 08:00:00"
9,17,9,0,0,0,0,0,"LED Off","2024-09-17 09:00:00"
9,17,10,0,0,0,0,0,"LED Off","2024-09-17 10:00:00"
9,17,11,0,0,0,0,0,"LED Off","2024-09-17 11:00:00"
9,17,12,0,0,0,0,0,"LED Off","2024-09-17 12:00:00"
9,17,13,0,0,0,0,0,"LED Off","2024-09-17 13:00:00"
9,17,14,0,0,0,0,0,"LED Off","2024-09-17 14:00:00"
9,17,15,0,0,0,0,0,"LED Off","2024-09-17 15:00:00"
9,17,16,0,0,0,0,0,"LED Off","2024-09-17 16:00:00"
9,17,17,0,0,0,0,0,"LED Off","2024-09-17 17:00:00"
9,17,18,0,0,0,0,0,"LED Off","2024-09-17 18:00:00"
9,17,19,0,0,0,0,0,"LED Off","2024-09-17 19:00:00"
9,17,20,0,0,0,0,0,"LED Off","2024-09-17 20:00:00"
9,17,21,0,0,0,0,0,"LED On","2024-09-17 21:00:00"
9,17,22,0,0,0,0,0,"LED On","2024-09-17 22:00:00"
9,17,23,0,0,0,0,0,"LED On","2024-09-17 23:00:00"
